ISO-10303-21;
HEADER;
FILE_DESCRIPTION(('KiCad electronic assembly'),'2;1');
FILE_NAME('EPICS elephant project.step','2026-04-23T00:33:09',('Pcbnew')
  ,('Kicad'),'Open CASCADE STEP processor 7.9','KiCad to STEP converter'
  ,'Unknown');
FILE_SCHEMA(('AUTOMOTIVE_DESIGN { 1 0 10303 214 1 1 1 1 }'));
ENDSEC;
DATA;
#1 = APPLICATION_PROTOCOL_DEFINITION('international standard',
  'automotive_design',2000,#2);
#2 = APPLICATION_CONTEXT(
  'core data for automotive mechanical design processes');
#3 = SHAPE_DEFINITION_REPRESENTATION(#4,#10);
#4 = PRODUCT_DEFINITION_SHAPE('','',#5);
#5 = PRODUCT_DEFINITION('design','',#6,#9);
#6 = PRODUCT_DEFINITION_FORMATION('','',#7);
#7 = PRODUCT('EPICS elephant project 1','EPICS elephant project 1','',(
    #8));
#8 = PRODUCT_CONTEXT('',#2,'mechanical');
#9 = PRODUCT_DEFINITION_CONTEXT('part definition',#2,'design');
#10 = SHAPE_REPRESENTATION('',(#11,#15,#19,#23,#27,#31,#35,#39,#43,#47,
    #51,#55,#59,#63,#67,#71,#75,#79,#83,#87,#91,#95,#99,#103,#107,#111,
    #115),#119);
#11 = AXIS2_PLACEMENT_3D('',#12,#13,#14);
#12 = CARTESIAN_POINT('',(0.,0.,0.));
#13 = DIRECTION('',(0.,0.,1.));
#14 = DIRECTION('',(1.,0.,-0.));
#15 = AXIS2_PLACEMENT_3D('',#16,#17,#18);
#16 = CARTESIAN_POINT('',(176.2925,-99.08,1.595));
#17 = DIRECTION('',(0.,-0.,1.));
#18 = DIRECTION('',(1.110223024625E-16,1.,0.));
#19 = AXIS2_PLACEMENT_3D('',#20,#21,#22);
#20 = CARTESIAN_POINT('',(173.797613,-121.305,1.595));
#21 = DIRECTION('',(0.,-0.,1.));
#22 = DIRECTION('',(1.110223024625E-16,1.,0.));
#23 = AXIS2_PLACEMENT_3D('',#24,#25,#26);
#24 = CARTESIAN_POINT('',(117.55,-88.025,1.595));
#25 = DIRECTION('',(0.,0.,1.));
#26 = DIRECTION('',(1.,0.,0.));
#27 = AXIS2_PLACEMENT_3D('',#28,#29,#30);
#28 = CARTESIAN_POINT('',(153.67,-91.46,1.595));
#29 = DIRECTION('',(0.,0.,1.));
#30 = DIRECTION('',(-1.,1.224646799147E-16,0.));
#31 = AXIS2_PLACEMENT_3D('',#32,#33,#34);
#32 = CARTESIAN_POINT('',(168.177613,-84.475,1.595));
#33 = DIRECTION('',(0.,0.,1.));
#34 = DIRECTION('',(-1.,1.224646799147E-16,0.));
#35 = AXIS2_PLACEMENT_3D('',#36,#37,#38);
#36 = CARTESIAN_POINT('',(186.055,-107.315,1.595));
#37 = DIRECTION('',(0.,0.,1.));
#38 = DIRECTION('',(-1.,1.224646799147E-16,0.));
#39 = AXIS2_PLACEMENT_3D('',#40,#41,#42);
#40 = CARTESIAN_POINT('',(168.1225,-99.08,1.595));
#41 = DIRECTION('',(0.,-0.,1.));
#42 = DIRECTION('',(1.110223024625E-16,1.,0.));
#43 = AXIS2_PLACEMENT_3D('',#44,#45,#46);
#44 = CARTESIAN_POINT('',(125.15,-84.435,1.595));
#45 = DIRECTION('',(0.,0.,1.));
#46 = DIRECTION('',(-1.,1.224646799147E-16,0.));
#47 = AXIS2_PLACEMENT_3D('',#48,#49,#50);
#48 = CARTESIAN_POINT('',(153.67,-87.65,1.595));
#49 = DIRECTION('',(0.,0.,1.));
#50 = DIRECTION('',(-1.,1.224646799147E-16,0.));
#51 = AXIS2_PLACEMENT_3D('',#52,#53,#54);
#52 = CARTESIAN_POINT('',(185.0025,-95.905,1.595));
#53 = DIRECTION('',(0.,-0.,1.));
#54 = DIRECTION('',(1.110223024625E-16,1.,0.));
#55 = AXIS2_PLACEMENT_3D('',#56,#57,#58);
#56 = CARTESIAN_POINT('',(173.892613,-107.335,1.595));
#57 = DIRECTION('',(0.,0.,1.));
#58 = DIRECTION('',(-1.,1.224646799147E-16,0.));
#59 = AXIS2_PLACEMENT_3D('',#60,#61,#62);
#60 = CARTESIAN_POINT('',(125.15,-81.085,1.595));
#61 = DIRECTION('',(0.,0.,1.));
#62 = DIRECTION('',(-1.,1.224646799147E-16,0.));
#63 = AXIS2_PLACEMENT_3D('',#64,#65,#66);
#64 = CARTESIAN_POINT('',(188.8125,-95.905,1.595));
#65 = DIRECTION('',(0.,-0.,1.));
#66 = DIRECTION('',(1.110223024625E-16,1.,0.));
#67 = AXIS2_PLACEMENT_3D('',#68,#69,#70);
#68 = CARTESIAN_POINT('',(117.53,-74.635,1.595));
#69 = DIRECTION('',(0.,0.,1.));
#70 = DIRECTION('',(1.,0.,0.));
#71 = AXIS2_PLACEMENT_3D('',#72,#73,#74);
#72 = CARTESIAN_POINT('',(180.987613,-121.345,1.595));
#73 = DIRECTION('',(0.,-0.,1.));
#74 = DIRECTION('',(1.110223024625E-16,1.,0.));
#75 = AXIS2_PLACEMENT_3D('',#76,#77,#78);
#76 = CARTESIAN_POINT('',(141.045,-78.76,1.595));
#77 = DIRECTION('',(0.,0.,1.));
#78 = DIRECTION('',(1.,0.,0.));
#79 = AXIS2_PLACEMENT_3D('',#80,#81,#82);
#80 = CARTESIAN_POINT('',(163.4125,-78.24,1.595));
#81 = DIRECTION('',(0.,0.,1.));
#82 = DIRECTION('',(1.,0.,0.));
#83 = AXIS2_PLACEMENT_3D('',#84,#85,#86);
#84 = CARTESIAN_POINT('',(174.8425,-78.24,1.595));
#85 = DIRECTION('',(0.,0.,1.));
#86 = DIRECTION('',(1.,0.,0.));
#87 = AXIS2_PLACEMENT_3D('',#88,#89,#90);
#88 = CARTESIAN_POINT('',(185.34,-85.73,1.595));
#89 = DIRECTION('',(0.,-0.,1.));
#90 = DIRECTION('',(1.110223024625E-16,1.,0.));
#91 = AXIS2_PLACEMENT_3D('',#92,#93,#94);
#92 = CARTESIAN_POINT('',(189.15,-78.11,1.595));
#93 = DIRECTION('',(-0.,0.,1.));
#94 = DIRECTION('',(1.110223024625E-16,-1.,0.));
#95 = AXIS2_PLACEMENT_3D('',#96,#97,#98);
#96 = CARTESIAN_POINT('',(172.3025,-91.46,1.595));
#97 = DIRECTION('',(-0.,0.,1.));
#98 = DIRECTION('',(1.110223024625E-16,-1.,0.));
#99 = AXIS2_PLACEMENT_3D('',#100,#101,#102);
#100 = CARTESIAN_POINT('',(178.435,-110.635,1.595));
#101 = DIRECTION('',(0.,0.,1.));
#102 = DIRECTION('',(1.,0.,0.));
#103 = AXIS2_PLACEMENT_3D('',#104,#105,#106);
#104 = CARTESIAN_POINT('',(144.22,-88.19,1.595));
#105 = DIRECTION('',(-0.,0.,1.));
#106 = DIRECTION('',(1.110223024625E-16,-1.,0.));
#107 = AXIS2_PLACEMENT_3D('',#108,#109,#110);
#108 = CARTESIAN_POINT('',(179.607613,-84.475,1.595));
#109 = DIRECTION('',(0.,0.,1.));
#110 = DIRECTION('',(-1.,1.224646799147E-16,0.));
#111 = AXIS2_PLACEMENT_3D('',#112,#113,#114);
#112 = CARTESIAN_POINT('',(117.53,-77.835,1.595));
#113 = DIRECTION('',(0.,0.,1.));
#114 = DIRECTION('',(1.,0.,0.));
#115 = AXIS2_PLACEMENT_3D('',#116,#117,#118);
#116 = CARTESIAN_POINT('',(0.,0.,0.));
#117 = DIRECTION('',(0.,0.,1.));
#118 = DIRECTION('',(1.,0.,-0.));
#119 = ( GEOMETRIC_REPRESENTATION_CONTEXT(3) 
GLOBAL_UNCERTAINTY_ASSIGNED_CONTEXT((#123)) GLOBAL_UNIT_ASSIGNED_CONTEXT
((#120,#121,#122)) REPRESENTATION_CONTEXT('Context #1',
  '3D Context with UNIT and UNCERTAINTY') );
#120 = ( LENGTH_UNIT() NAMED_UNIT(*) SI_UNIT(.MILLI.,.METRE.) );
#121 = ( NAMED_UNIT(*) PLANE_ANGLE_UNIT() SI_UNIT($,.RADIAN.) );
#122 = ( NAMED_UNIT(*) SI_UNIT($,.STERADIAN.) SOLID_ANGLE_UNIT() );
#123 = UNCERTAINTY_MEASURE_WITH_UNIT(LENGTH_MEASURE(1.E-06),#120,
  'distance_accuracy_value','confusion accuracy');
#124 = PRODUCT_RELATED_PRODUCT_CATEGORY('part',$,(#7));
#125 = SHAPE_DEFINITION_REPRESENTATION(#126,#132);
#126 = PRODUCT_DEFINITION_SHAPE('','',#127);
#127 = PRODUCT_DEFINITION('design','',#128,#131);
#128 = PRODUCT_DEFINITION_FORMATION('','',#129);
#129 = PRODUCT('R_Axial_DIN0204_L3.6mm_D1.6mm_P7.62mm_Horizontal',
  'R_Axial_DIN0204_L3.6mm_D1.6mm_P7.62mm_Horizontal','',(#130));
#130 = PRODUCT_CONTEXT('',#2,'mechanical');
#131 = PRODUCT_DEFINITION_CONTEXT('part definition',#2,'design');
#132 = ADVANCED_BREP_SHAPE_REPRESENTATION('',(#11,#133),#520);
#133 = MANIFOLD_SOLID_BREP('',#134);
#134 = CLOSED_SHELL('',(#135,#168,#194,#214,#234,#259,#284,#304,#330,
    #355,#380,#406,#415,#435,#460,#486,#511));
#135 = ADVANCED_FACE('',(#136),#163,.T.);
#136 = FACE_BOUND('',#137,.T.);
#137 = EDGE_LOOP('',(#138,#147,#155,#162));
#138 = ORIENTED_EDGE('',*,*,#139,.T.);
#139 = EDGE_CURVE('',#140,#140,#142,.T.);
#140 = VERTEX_POINT('',#141);
#141 = CARTESIAN_POINT('',(2.41,0.8,0.8));
#142 = CIRCLE('',#143,0.8);
#143 = AXIS2_PLACEMENT_3D('',#144,#145,#146);
#144 = CARTESIAN_POINT('',(2.41,0.,0.8));
#145 = DIRECTION('',(1.,0.,0.));
#146 = DIRECTION('',(-0.,1.,0.));
#147 = ORIENTED_EDGE('',*,*,#148,.T.);
#148 = EDGE_CURVE('',#140,#149,#151,.T.);
#149 = VERTEX_POINT('',#150);
#150 = CARTESIAN_POINT('',(2.91,0.8,0.8));
#151 = LINE('',#152,#153);
#152 = CARTESIAN_POINT('',(2.01,0.8,0.8));
#153 = VECTOR('',#154,1.);
#154 = DIRECTION('',(1.,0.,0.));
#155 = ORIENTED_EDGE('',*,*,#156,.F.);
#156 = EDGE_CURVE('',#149,#149,#157,.T.);
#157 = CIRCLE('',#158,0.8);
#158 = AXIS2_PLACEMENT_3D('',#159,#160,#161);
#159 = CARTESIAN_POINT('',(2.91,0.,0.8));
#160 = DIRECTION('',(1.,0.,0.));
#161 = DIRECTION('',(-0.,1.,0.));
#162 = ORIENTED_EDGE('',*,*,#148,.F.);
#163 = CYLINDRICAL_SURFACE('',#164,0.8);
#164 = AXIS2_PLACEMENT_3D('',#165,#166,#167);
#165 = CARTESIAN_POINT('',(2.01,0.,0.8));
#166 = DIRECTION('',(-1.,-0.,-0.));
#167 = DIRECTION('',(0.,1.,0.));
#168 = ADVANCED_FACE('',(#169),#189,.T.);
#169 = FACE_BOUND('',#170,.T.);
#170 = EDGE_LOOP('',(#171,#180,#187,#188));
#171 = ORIENTED_EDGE('',*,*,#172,.T.);
#172 = EDGE_CURVE('',#173,#173,#175,.T.);
#173 = VERTEX_POINT('',#174);
#174 = CARTESIAN_POINT('',(2.01,0.4,0.8));
#175 = CIRCLE('',#176,0.4);
#176 = AXIS2_PLACEMENT_3D('',#177,#178,#179);
#177 = CARTESIAN_POINT('',(2.01,0.,0.8));
#178 = DIRECTION('',(1.,0.,0.));
#179 = DIRECTION('',(-0.,1.,0.));
#180 = ORIENTED_EDGE('',*,*,#181,.F.);
#181 = EDGE_CURVE('',#140,#173,#182,.T.);
#182 = CIRCLE('',#183,0.4);
#183 = AXIS2_PLACEMENT_3D('',#184,#185,#186);
#184 = CARTESIAN_POINT('',(2.41,0.4,0.8));
#185 = DIRECTION('',(0.,-0.,1.));
#186 = DIRECTION('',(0.,1.,0.));
#187 = ORIENTED_EDGE('',*,*,#139,.F.);
#188 = ORIENTED_EDGE('',*,*,#181,.T.);
#189 = TOROIDAL_SURFACE('',#190,0.4,0.4);
#190 = AXIS2_PLACEMENT_3D('',#191,#192,#193);
#191 = CARTESIAN_POINT('',(2.41,0.,0.8));
#192 = DIRECTION('',(-1.,0.,0.));
#193 = DIRECTION('',(0.,1.,0.));
#194 = ADVANCED_FACE('',(#195,#198),#209,.F.);
#195 = FACE_BOUND('',#196,.F.);
#196 = EDGE_LOOP('',(#197));
#197 = ORIENTED_EDGE('',*,*,#156,.F.);
#198 = FACE_BOUND('',#199,.F.);
#199 = EDGE_LOOP('',(#200));
#200 = ORIENTED_EDGE('',*,*,#201,.F.);
#201 = EDGE_CURVE('',#202,#202,#204,.T.);
#202 = VERTEX_POINT('',#203);
#203 = CARTESIAN_POINT('',(2.91,0.72,0.8));
#204 = CIRCLE('',#205,0.72);
#205 = AXIS2_PLACEMENT_3D('',#206,#207,#208);
#206 = CARTESIAN_POINT('',(2.91,0.,0.8));
#207 = DIRECTION('',(-1.,0.,0.));
#208 = DIRECTION('',(0.,1.,0.));
#209 = PLANE('',#210);
#210 = AXIS2_PLACEMENT_3D('',#211,#212,#213);
#211 = CARTESIAN_POINT('',(2.91,0.8,0.8));
#212 = DIRECTION('',(-1.,0.,0.));
#213 = DIRECTION('',(0.,0.,-1.));
#214 = ADVANCED_FACE('',(#215,#218),#229,.T.);
#215 = FACE_BOUND('',#216,.T.);
#216 = EDGE_LOOP('',(#217));
#217 = ORIENTED_EDGE('',*,*,#172,.F.);
#218 = FACE_BOUND('',#219,.T.);
#219 = EDGE_LOOP('',(#220));
#220 = ORIENTED_EDGE('',*,*,#221,.T.);
#221 = EDGE_CURVE('',#222,#222,#224,.T.);
#222 = VERTEX_POINT('',#223);
#223 = CARTESIAN_POINT('',(2.01,0.,0.55));
#224 = CIRCLE('',#225,0.25);
#225 = AXIS2_PLACEMENT_3D('',#226,#227,#228);
#226 = CARTESIAN_POINT('',(2.01,0.,0.8));
#227 = DIRECTION('',(1.,-0.,0.));
#228 = DIRECTION('',(0.,0.,-1.));
#229 = PLANE('',#230);
#230 = AXIS2_PLACEMENT_3D('',#231,#232,#233);
#231 = CARTESIAN_POINT('',(2.01,0.8,0.8));
#232 = DIRECTION('',(-1.,0.,0.));
#233 = DIRECTION('',(0.,0.,-1.));
#234 = ADVANCED_FACE('',(#235),#254,.T.);
#235 = FACE_BOUND('',#236,.T.);
#236 = EDGE_LOOP('',(#237,#246,#252,#253));
#237 = ORIENTED_EDGE('',*,*,#238,.T.);
#238 = EDGE_CURVE('',#239,#239,#241,.T.);
#239 = VERTEX_POINT('',#240);
#240 = CARTESIAN_POINT('',(4.71,0.72,0.8));
#241 = CIRCLE('',#242,0.72);
#242 = AXIS2_PLACEMENT_3D('',#243,#244,#245);
#243 = CARTESIAN_POINT('',(4.71,0.,0.8));
#244 = DIRECTION('',(-1.,0.,0.));
#245 = DIRECTION('',(0.,1.,0.));
#246 = ORIENTED_EDGE('',*,*,#247,.F.);
#247 = EDGE_CURVE('',#202,#239,#248,.T.);
#248 = LINE('',#249,#250);
#249 = CARTESIAN_POINT('',(2.01,0.72,0.8));
#250 = VECTOR('',#251,1.);
#251 = DIRECTION('',(1.,0.,0.));
#252 = ORIENTED_EDGE('',*,*,#201,.F.);
#253 = ORIENTED_EDGE('',*,*,#247,.T.);
#254 = CYLINDRICAL_SURFACE('',#255,0.72);
#255 = AXIS2_PLACEMENT_3D('',#256,#257,#258);
#256 = CARTESIAN_POINT('',(2.01,0.,0.8));
#257 = DIRECTION('',(-1.,-0.,-0.));
#258 = DIRECTION('',(0.,1.,0.));
#259 = ADVANCED_FACE('',(#260),#279,.T.);
#260 = FACE_BOUND('',#261,.T.);
#261 = EDGE_LOOP('',(#262,#271,#277,#278));
#262 = ORIENTED_EDGE('',*,*,#263,.F.);
#263 = EDGE_CURVE('',#264,#264,#266,.T.);
#264 = VERTEX_POINT('',#265);
#265 = CARTESIAN_POINT('',(0.75,0.,0.55));
#266 = CIRCLE('',#267,0.25);
#267 = AXIS2_PLACEMENT_3D('',#268,#269,#270);
#268 = CARTESIAN_POINT('',(0.75,0.,0.8));
#269 = DIRECTION('',(-1.,0.,5.308866065094E-16));
#270 = DIRECTION('',(5.308866065094E-16,0.,1.));
#271 = ORIENTED_EDGE('',*,*,#272,.T.);
#272 = EDGE_CURVE('',#264,#222,#273,.T.);
#273 = LINE('',#274,#275);
#274 = CARTESIAN_POINT('',(0.75,0.,0.55));
#275 = VECTOR('',#276,1.);
#276 = DIRECTION('',(1.,0.,0.));
#277 = ORIENTED_EDGE('',*,*,#221,.F.);
#278 = ORIENTED_EDGE('',*,*,#272,.F.);
#279 = CYLINDRICAL_SURFACE('',#280,0.25);
#280 = AXIS2_PLACEMENT_3D('',#281,#282,#283);
#281 = CARTESIAN_POINT('',(0.75,0.,0.8));
#282 = DIRECTION('',(1.,0.,0.));
#283 = DIRECTION('',(0.,0.,-1.));
#284 = ADVANCED_FACE('',(#285,#296),#299,.T.);
#285 = FACE_BOUND('',#286,.T.);
#286 = EDGE_LOOP('',(#287));
#287 = ORIENTED_EDGE('',*,*,#288,.F.);
#288 = EDGE_CURVE('',#289,#289,#291,.T.);
#289 = VERTEX_POINT('',#290);
#290 = CARTESIAN_POINT('',(4.71,0.8,0.8));
#291 = CIRCLE('',#292,0.8);
#292 = AXIS2_PLACEMENT_3D('',#293,#294,#295);
#293 = CARTESIAN_POINT('',(4.71,0.,0.8));
#294 = DIRECTION('',(1.,0.,0.));
#295 = DIRECTION('',(-0.,1.,0.));
#296 = FACE_BOUND('',#297,.T.);
#297 = EDGE_LOOP('',(#298));
#298 = ORIENTED_EDGE('',*,*,#238,.F.);
#299 = PLANE('',#300);
#300 = AXIS2_PLACEMENT_3D('',#301,#302,#303);
#301 = CARTESIAN_POINT('',(4.71,0.8,0.8));
#302 = DIRECTION('',(-1.,0.,0.));
#303 = DIRECTION('',(0.,0.,-1.));
#304 = ADVANCED_FACE('',(#305),#325,.T.);
#305 = FACE_BOUND('',#306,.T.);
#306 = EDGE_LOOP('',(#307,#316,#317,#318));
#307 = ORIENTED_EDGE('',*,*,#308,.T.);
#308 = EDGE_CURVE('',#309,#264,#311,.T.);
#309 = VERTEX_POINT('',#310);
#310 = CARTESIAN_POINT('',(0.25,0.,5.E-02));
#311 = CIRCLE('',#312,0.5);
#312 = AXIS2_PLACEMENT_3D('',#313,#314,#315);
#313 = CARTESIAN_POINT('',(0.75,9.184850993605E-17,5.E-02));
#314 = DIRECTION('',(0.,1.,0.));
#315 = DIRECTION('',(-1.,0.,-1.184237892934E-15));
#316 = ORIENTED_EDGE('',*,*,#263,.T.);
#317 = ORIENTED_EDGE('',*,*,#308,.F.);
#318 = ORIENTED_EDGE('',*,*,#319,.T.);
#319 = EDGE_CURVE('',#309,#309,#320,.T.);
#320 = CIRCLE('',#321,0.25);
#321 = AXIS2_PLACEMENT_3D('',#322,#323,#324);
#322 = CARTESIAN_POINT('',(0.,0.,5.E-02));
#323 = DIRECTION('',(0.,0.,1.));
#324 = DIRECTION('',(1.,0.,-0.));
#325 = TOROIDAL_SURFACE('',#326,0.75,0.25);
#326 = AXIS2_PLACEMENT_3D('',#327,#328,#329);
#327 = CARTESIAN_POINT('',(0.75,0.,5.E-02));
#328 = DIRECTION('',(0.,1.,0.));
#329 = DIRECTION('',(-1.,0.,-1.184237892934E-15));
#330 = ADVANCED_FACE('',(#331),#350,.T.);
#331 = FACE_BOUND('',#332,.T.);
#332 = EDGE_LOOP('',(#333,#334,#342,#349));
#333 = ORIENTED_EDGE('',*,*,#288,.T.);
#334 = ORIENTED_EDGE('',*,*,#335,.T.);
#335 = EDGE_CURVE('',#289,#336,#338,.T.);
#336 = VERTEX_POINT('',#337);
#337 = CARTESIAN_POINT('',(5.21,0.8,0.8));
#338 = LINE('',#339,#340);
#339 = CARTESIAN_POINT('',(4.71,0.8,0.8));
#340 = VECTOR('',#341,1.);
#341 = DIRECTION('',(1.,0.,0.));
#342 = ORIENTED_EDGE('',*,*,#343,.F.);
#343 = EDGE_CURVE('',#336,#336,#344,.T.);
#344 = CIRCLE('',#345,0.8);
#345 = AXIS2_PLACEMENT_3D('',#346,#347,#348);
#346 = CARTESIAN_POINT('',(5.21,0.,0.8));
#347 = DIRECTION('',(1.,0.,0.));
#348 = DIRECTION('',(-0.,1.,0.));
#349 = ORIENTED_EDGE('',*,*,#335,.F.);
#350 = CYLINDRICAL_SURFACE('',#351,0.8);
#351 = AXIS2_PLACEMENT_3D('',#352,#353,#354);
#352 = CARTESIAN_POINT('',(4.71,0.,0.8));
#353 = DIRECTION('',(-1.,-0.,-0.));
#354 = DIRECTION('',(0.,1.,0.));
#355 = ADVANCED_FACE('',(#356),#375,.T.);
#356 = FACE_BOUND('',#357,.T.);
#357 = EDGE_LOOP('',(#358,#366,#367,#368));
#358 = ORIENTED_EDGE('',*,*,#359,.T.);
#359 = EDGE_CURVE('',#360,#309,#362,.T.);
#360 = VERTEX_POINT('',#361);
#361 = CARTESIAN_POINT('',(0.25,-6.123233995737E-17,-3.));
#362 = LINE('',#363,#364);
#363 = CARTESIAN_POINT('',(0.25,0.,-3.));
#364 = VECTOR('',#365,1.);
#365 = DIRECTION('',(0.,0.,1.));
#366 = ORIENTED_EDGE('',*,*,#319,.F.);
#367 = ORIENTED_EDGE('',*,*,#359,.F.);
#368 = ORIENTED_EDGE('',*,*,#369,.T.);
#369 = EDGE_CURVE('',#360,#360,#370,.T.);
#370 = CIRCLE('',#371,0.25);
#371 = AXIS2_PLACEMENT_3D('',#372,#373,#374);
#372 = CARTESIAN_POINT('',(0.,0.,-3.));
#373 = DIRECTION('',(0.,0.,1.));
#374 = DIRECTION('',(1.,0.,-0.));
#375 = CYLINDRICAL_SURFACE('',#376,0.25);
#376 = AXIS2_PLACEMENT_3D('',#377,#378,#379);
#377 = CARTESIAN_POINT('',(0.,0.,-3.));
#378 = DIRECTION('',(0.,0.,1.));
#379 = DIRECTION('',(1.,0.,-0.));
#380 = ADVANCED_FACE('',(#381),#401,.T.);
#381 = FACE_BOUND('',#382,.T.);
#382 = EDGE_LOOP('',(#383,#392,#393,#394));
#383 = ORIENTED_EDGE('',*,*,#384,.F.);
#384 = EDGE_CURVE('',#336,#385,#387,.T.);
#385 = VERTEX_POINT('',#386);
#386 = CARTESIAN_POINT('',(5.61,0.4,0.8));
#387 = CIRCLE('',#388,0.4);
#388 = AXIS2_PLACEMENT_3D('',#389,#390,#391);
#389 = CARTESIAN_POINT('',(5.21,0.4,0.8));
#390 = DIRECTION('',(0.,0.,-1.));
#391 = DIRECTION('',(0.,1.,0.));
#392 = ORIENTED_EDGE('',*,*,#343,.T.);
#393 = ORIENTED_EDGE('',*,*,#384,.T.);
#394 = ORIENTED_EDGE('',*,*,#395,.F.);
#395 = EDGE_CURVE('',#385,#385,#396,.T.);
#396 = CIRCLE('',#397,0.4);
#397 = AXIS2_PLACEMENT_3D('',#398,#399,#400);
#398 = CARTESIAN_POINT('',(5.61,0.,0.8));
#399 = DIRECTION('',(1.,0.,0.));
#400 = DIRECTION('',(-0.,1.,0.));
#401 = TOROIDAL_SURFACE('',#402,0.4,0.4);
#402 = AXIS2_PLACEMENT_3D('',#403,#404,#405);
#403 = CARTESIAN_POINT('',(5.21,0.,0.8));
#404 = DIRECTION('',(1.,0.,0.));
#405 = DIRECTION('',(-0.,1.,0.));
#406 = ADVANCED_FACE('',(#407),#410,.T.);
#407 = FACE_BOUND('',#408,.F.);
#408 = EDGE_LOOP('',(#409));
#409 = ORIENTED_EDGE('',*,*,#369,.T.);
#410 = PLANE('',#411);
#411 = AXIS2_PLACEMENT_3D('',#412,#413,#414);
#412 = CARTESIAN_POINT('',(0.25,0.,-3.));
#413 = DIRECTION('',(0.,0.,-1.));
#414 = DIRECTION('',(-1.,0.,0.));
#415 = ADVANCED_FACE('',(#416,#419),#430,.F.);
#416 = FACE_BOUND('',#417,.F.);
#417 = EDGE_LOOP('',(#418));
#418 = ORIENTED_EDGE('',*,*,#395,.F.);
#419 = FACE_BOUND('',#420,.F.);
#420 = EDGE_LOOP('',(#421));
#421 = ORIENTED_EDGE('',*,*,#422,.T.);
#422 = EDGE_CURVE('',#423,#423,#425,.T.);
#423 = VERTEX_POINT('',#424);
#424 = CARTESIAN_POINT('',(5.61,0.,0.55));
#425 = CIRCLE('',#426,0.25);
#426 = AXIS2_PLACEMENT_3D('',#427,#428,#429);
#427 = CARTESIAN_POINT('',(5.61,0.,0.8));
#428 = DIRECTION('',(1.,-0.,0.));
#429 = DIRECTION('',(0.,0.,-1.));
#430 = PLANE('',#431);
#431 = AXIS2_PLACEMENT_3D('',#432,#433,#434);
#432 = CARTESIAN_POINT('',(5.61,0.8,0.8));
#433 = DIRECTION('',(-1.,0.,0.));
#434 = DIRECTION('',(0.,0.,-1.));
#435 = ADVANCED_FACE('',(#436),#455,.T.);
#436 = FACE_BOUND('',#437,.T.);
#437 = EDGE_LOOP('',(#438,#439,#447,#454));
#438 = ORIENTED_EDGE('',*,*,#422,.T.);
#439 = ORIENTED_EDGE('',*,*,#440,.T.);
#440 = EDGE_CURVE('',#423,#441,#443,.T.);
#441 = VERTEX_POINT('',#442);
#442 = CARTESIAN_POINT('',(6.87,0.,0.55));
#443 = LINE('',#444,#445);
#444 = CARTESIAN_POINT('',(0.75,0.,0.55));
#445 = VECTOR('',#446,1.);
#446 = DIRECTION('',(1.,0.,0.));
#447 = ORIENTED_EDGE('',*,*,#448,.F.);
#448 = EDGE_CURVE('',#441,#441,#449,.T.);
#449 = CIRCLE('',#450,0.25);
#450 = AXIS2_PLACEMENT_3D('',#451,#452,#453);
#451 = CARTESIAN_POINT('',(6.87,0.,0.8));
#452 = DIRECTION('',(1.,-0.,0.));
#453 = DIRECTION('',(0.,0.,-1.));
#454 = ORIENTED_EDGE('',*,*,#440,.F.);
#455 = CYLINDRICAL_SURFACE('',#456,0.25);
#456 = AXIS2_PLACEMENT_3D('',#457,#458,#459);
#457 = CARTESIAN_POINT('',(0.75,0.,0.8));
#458 = DIRECTION('',(1.,0.,0.));
#459 = DIRECTION('',(0.,0.,-1.));
#460 = ADVANCED_FACE('',(#461),#481,.T.);
#461 = FACE_BOUND('',#462,.T.);
#462 = EDGE_LOOP('',(#463,#472,#479,#480));
#463 = ORIENTED_EDGE('',*,*,#464,.T.);
#464 = EDGE_CURVE('',#441,#465,#467,.T.);
#465 = VERTEX_POINT('',#466);
#466 = CARTESIAN_POINT('',(7.37,0.,5.E-02));
#467 = CIRCLE('',#468,0.5);
#468 = AXIS2_PLACEMENT_3D('',#469,#470,#471);
#469 = CARTESIAN_POINT('',(6.87,9.184850993605E-17,5.E-02));
#470 = DIRECTION('',(0.,1.,0.));
#471 = DIRECTION('',(0.,-0.,1.));
#472 = ORIENTED_EDGE('',*,*,#473,.T.);
#473 = EDGE_CURVE('',#465,#465,#474,.T.);
#474 = CIRCLE('',#475,0.25);
#475 = AXIS2_PLACEMENT_3D('',#476,#477,#478);
#476 = CARTESIAN_POINT('',(7.62,0.,5.E-02));
#477 = DIRECTION('',(6.049014748177E-16,-0.,1.));
#478 = DIRECTION('',(1.,0.,-6.049014748177E-16));
#479 = ORIENTED_EDGE('',*,*,#464,.F.);
#480 = ORIENTED_EDGE('',*,*,#448,.T.);
#481 = TOROIDAL_SURFACE('',#482,0.75,0.25);
#482 = AXIS2_PLACEMENT_3D('',#483,#484,#485);
#483 = CARTESIAN_POINT('',(6.87,0.,5.E-02));
#484 = DIRECTION('',(0.,1.,0.));
#485 = DIRECTION('',(0.,-0.,1.));
#486 = ADVANCED_FACE('',(#487),#506,.T.);
#487 = FACE_BOUND('',#488,.T.);
#488 = EDGE_LOOP('',(#489,#497,#504,#505));
#489 = ORIENTED_EDGE('',*,*,#490,.T.);
#490 = EDGE_CURVE('',#465,#491,#493,.T.);
#491 = VERTEX_POINT('',#492);
#492 = CARTESIAN_POINT('',(7.37,-6.123233995737E-17,-3.));
#493 = LINE('',#494,#495);
#494 = CARTESIAN_POINT('',(7.37,0.,5.E-02));
#495 = VECTOR('',#496,1.);
#496 = DIRECTION('',(0.,0.,-1.));
#497 = ORIENTED_EDGE('',*,*,#498,.F.);
#498 = EDGE_CURVE('',#491,#491,#499,.T.);
#499 = CIRCLE('',#500,0.25);
#500 = AXIS2_PLACEMENT_3D('',#501,#502,#503);
#501 = CARTESIAN_POINT('',(7.62,0.,-3.));
#502 = DIRECTION('',(0.,0.,-1.));
#503 = DIRECTION('',(-1.,0.,0.));
#504 = ORIENTED_EDGE('',*,*,#490,.F.);
#505 = ORIENTED_EDGE('',*,*,#473,.F.);
#506 = CYLINDRICAL_SURFACE('',#507,0.25);
#507 = AXIS2_PLACEMENT_3D('',#508,#509,#510);
#508 = CARTESIAN_POINT('',(7.62,0.,5.E-02));
#509 = DIRECTION('',(0.,0.,-1.));
#510 = DIRECTION('',(-1.,0.,0.));
#511 = ADVANCED_FACE('',(#512),#515,.F.);
#512 = FACE_BOUND('',#513,.T.);
#513 = EDGE_LOOP('',(#514));
#514 = ORIENTED_EDGE('',*,*,#498,.T.);
#515 = PLANE('',#516);
#516 = AXIS2_PLACEMENT_3D('',#517,#518,#519);
#517 = CARTESIAN_POINT('',(7.37,0.,-3.));
#518 = DIRECTION('',(0.,0.,1.));
#519 = DIRECTION('',(1.,0.,-0.));
#520 = ( GEOMETRIC_REPRESENTATION_CONTEXT(3) 
GLOBAL_UNCERTAINTY_ASSIGNED_CONTEXT((#524)) GLOBAL_UNIT_ASSIGNED_CONTEXT
((#521,#522,#523)) REPRESENTATION_CONTEXT('Context #1',
  '3D Context with UNIT and UNCERTAINTY') );
#521 = ( LENGTH_UNIT() NAMED_UNIT(*) SI_UNIT(.MILLI.,.METRE.) );
#522 = ( NAMED_UNIT(*) PLANE_ANGLE_UNIT() SI_UNIT($,.RADIAN.) );
#523 = ( NAMED_UNIT(*) SI_UNIT($,.STERADIAN.) SOLID_ANGLE_UNIT() );
#524 = UNCERTAINTY_MEASURE_WITH_UNIT(LENGTH_MEASURE(1.E-07),#521,
  'distance_accuracy_value','confusion accuracy');
#525 = CONTEXT_DEPENDENT_SHAPE_REPRESENTATION(#526,#528);
#526 = ( REPRESENTATION_RELATIONSHIP('','',#132,#10) 
REPRESENTATION_RELATIONSHIP_WITH_TRANSFORMATION(#527) 
SHAPE_REPRESENTATION_RELATIONSHIP() );
#527 = ITEM_DEFINED_TRANSFORMATION('','',#11,#15);
#528 = PRODUCT_DEFINITION_SHAPE('Placement','Placement of an item',#529
  );
#529 = NEXT_ASSEMBLY_USAGE_OCCURRENCE('1','R15','',#5,#127,$);
#530 = PRODUCT_RELATED_PRODUCT_CATEGORY('part',$,(#129));
#531 = SHAPE_DEFINITION_REPRESENTATION(#532,#538);
#532 = PRODUCT_DEFINITION_SHAPE('','',#533);
#533 = PRODUCT_DEFINITION('design','',#534,#537);
#534 = PRODUCT_DEFINITION_FORMATION('','',#535);
#535 = PRODUCT('CP_Radial_D5.0mm_P2.00mm','CP_Radial_D5.0mm_P2.00mm','',
  (#536));
#536 = PRODUCT_CONTEXT('',#2,'mechanical');
#537 = PRODUCT_DEFINITION_CONTEXT('part definition',#2,'design');
#538 = ADVANCED_BREP_SHAPE_REPRESENTATION('',(#11,#539),#2579);
#539 = BREP_WITH_VOIDS('',#540,(#2457));
#540 = CLOSED_SHELL('',(#541,#558,#583,#632,#665,#683,#708,#740,#758,
    #767,#805,#827,#887,#915,#1081,#1147,#1213,#1331,#1497,#1577,#1611,
    #1691,#1723,#1789,#1866,#1900,#1915,#1933,#1965,#1983,#2126,#2178,
    #2202,#2226,#2250,#2312,#2329,#2353,#2369,#2393,#2405,#2421,#2433,
    #2445));
#541 = ADVANCED_FACE('',(#542),#553,.F.);
#542 = FACE_BOUND('',#543,.F.);
#543 = EDGE_LOOP('',(#544));
#544 = ORIENTED_EDGE('',*,*,#545,.T.);
#545 = EDGE_CURVE('',#546,#546,#548,.T.);
#546 = VERTEX_POINT('',#547);
#547 = CARTESIAN_POINT('',(1.75,-9.184850993605E-17,-1.9));
#548 = CIRCLE('',#549,0.25);
#549 = AXIS2_PLACEMENT_3D('',#550,#551,#552);
#550 = CARTESIAN_POINT('',(2.,-1.224646799147E-16,-1.9));
#551 = DIRECTION('',(0.,0.,1.));
#552 = DIRECTION('',(-1.,1.224646799147E-16,0.));
#553 = PLANE('',#554);
#554 = AXIS2_PLACEMENT_3D('',#555,#556,#557);
#555 = CARTESIAN_POINT('',(2.,-1.443086680282E-16,-1.9));
#556 = DIRECTION('',(-1.889979252092E-31,4.08046586736E-33,1.));
#557 = DIRECTION('',(-1.,1.224646799147E-16,-1.889979252092E-31));
#558 = ADVANCED_FACE('',(#559),#578,.T.);
#559 = FACE_BOUND('',#560,.T.);
#560 = EDGE_LOOP('',(#561,#570,#576,#577));
#561 = ORIENTED_EDGE('',*,*,#562,.F.);
#562 = EDGE_CURVE('',#563,#563,#565,.T.);
#563 = VERTEX_POINT('',#564);
#564 = CARTESIAN_POINT('',(1.75,-9.184850993605E-17,0.2));
#565 = CIRCLE('',#566,0.25);
#566 = AXIS2_PLACEMENT_3D('',#567,#568,#569);
#567 = CARTESIAN_POINT('',(2.,-1.224646799147E-16,0.2));
#568 = DIRECTION('',(0.,0.,1.));
#569 = DIRECTION('',(-1.,1.224646799147E-16,0.));
#570 = ORIENTED_EDGE('',*,*,#571,.T.);
#571 = EDGE_CURVE('',#563,#546,#572,.T.);
#572 = LINE('',#573,#574);
#573 = CARTESIAN_POINT('',(1.75,-9.184850993605E-17,0.3));
#574 = VECTOR('',#575,1.);
#575 = DIRECTION('',(0.,0.,-1.));
#576 = ORIENTED_EDGE('',*,*,#545,.T.);
#577 = ORIENTED_EDGE('',*,*,#571,.F.);
#578 = CYLINDRICAL_SURFACE('',#579,0.25);
#579 = AXIS2_PLACEMENT_3D('',#580,#581,#582);
#580 = CARTESIAN_POINT('',(2.,-1.224646799147E-16,0.3));
#581 = DIRECTION('',(0.,0.,1.));
#582 = DIRECTION('',(-1.,1.224646799147E-16,0.));
#583 = ADVANCED_FACE('',(#584,#613,#616),#627,.F.);
#584 = FACE_BOUND('',#585,.F.);
#585 = EDGE_LOOP('',(#586,#597,#606));
#586 = ORIENTED_EDGE('',*,*,#587,.T.);
#587 = EDGE_CURVE('',#588,#590,#592,.T.);
#588 = VERTEX_POINT('',#589);
#589 = CARTESIAN_POINT('',(-0.75,2.143131898508E-16,0.2));
#590 = VERTEX_POINT('',#591);
#591 = CARTESIAN_POINT('',(2.616789181895,-0.669696006639,0.2));
#592 = CIRCLE('',#593,1.75);
#593 = AXIS2_PLACEMENT_3D('',#594,#595,#596);
#594 = CARTESIAN_POINT('',(1.,0.,0.2));
#595 = DIRECTION('',(0.,0.,1.));
#596 = DIRECTION('',(-1.,1.224646799147E-16,0.));
#597 = ORIENTED_EDGE('',*,*,#598,.T.);
#598 = EDGE_CURVE('',#590,#599,#601,.T.);
#599 = VERTEX_POINT('',#600);
#600 = CARTESIAN_POINT('',(2.616789181895,0.669696006639,0.2));
#601 = CIRCLE('',#602,1.75);
#602 = AXIS2_PLACEMENT_3D('',#603,#604,#605);
#603 = CARTESIAN_POINT('',(1.,0.,0.2));
#604 = DIRECTION('',(0.,0.,1.));
#605 = DIRECTION('',(-1.,1.224646799147E-16,0.));
#606 = ORIENTED_EDGE('',*,*,#607,.T.);
#607 = EDGE_CURVE('',#599,#588,#608,.T.);
#608 = CIRCLE('',#609,1.75);
#609 = AXIS2_PLACEMENT_3D('',#610,#611,#612);
#610 = CARTESIAN_POINT('',(1.,0.,0.2));
#611 = DIRECTION('',(0.,0.,1.));
#612 = DIRECTION('',(-1.,1.224646799147E-16,0.));
#613 = FACE_BOUND('',#614,.F.);
#614 = EDGE_LOOP('',(#615));
#615 = ORIENTED_EDGE('',*,*,#562,.F.);
#616 = FACE_BOUND('',#617,.F.);
#617 = EDGE_LOOP('',(#618));
#618 = ORIENTED_EDGE('',*,*,#619,.F.);
#619 = EDGE_CURVE('',#620,#620,#622,.T.);
#620 = VERTEX_POINT('',#621);
#621 = CARTESIAN_POINT('',(-0.25,1.530808498934E-16,0.2));
#622 = CIRCLE('',#623,0.25);
#623 = AXIS2_PLACEMENT_3D('',#624,#625,#626);
#624 = CARTESIAN_POINT('',(0.,1.224646799147E-16,0.2));
#625 = DIRECTION('',(0.,0.,1.));
#626 = DIRECTION('',(-1.,1.224646799147E-16,0.));
#627 = PLANE('',#628);
#628 = AXIS2_PLACEMENT_3D('',#629,#630,#631);
#629 = CARTESIAN_POINT('',(1.,-1.239108604125E-16,0.2));
#630 = DIRECTION('',(0.,0.,1.));
#631 = DIRECTION('',(-1.,1.224646799147E-16,0.));
#632 = ADVANCED_FACE('',(#633),#660,.F.);
#633 = FACE_BOUND('',#634,.F.);
#634 = EDGE_LOOP('',(#635,#643,#644,#645,#653));
#635 = ORIENTED_EDGE('',*,*,#636,.F.);
#636 = EDGE_CURVE('',#590,#637,#639,.T.);
#637 = VERTEX_POINT('',#638);
#638 = CARTESIAN_POINT('',(2.616789181895,-0.669696006639,0.));
#639 = LINE('',#640,#641);
#640 = CARTESIAN_POINT('',(2.616789181895,-0.669696006639,0.3));
#641 = VECTOR('',#642,1.);
#642 = DIRECTION('',(0.,0.,-1.));
#643 = ORIENTED_EDGE('',*,*,#587,.F.);
#644 = ORIENTED_EDGE('',*,*,#607,.F.);
#645 = ORIENTED_EDGE('',*,*,#646,.T.);
#646 = EDGE_CURVE('',#599,#647,#649,.T.);
#647 = VERTEX_POINT('',#648);
#648 = CARTESIAN_POINT('',(2.616789181895,0.669696006639,0.));
#649 = LINE('',#650,#651);
#650 = CARTESIAN_POINT('',(2.616789181895,0.669696006639,0.3));
#651 = VECTOR('',#652,1.);
#652 = DIRECTION('',(0.,0.,-1.));
#653 = ORIENTED_EDGE('',*,*,#654,.F.);
#654 = EDGE_CURVE('',#637,#647,#655,.T.);
#655 = CIRCLE('',#656,1.75);
#656 = AXIS2_PLACEMENT_3D('',#657,#658,#659);
#657 = CARTESIAN_POINT('',(1.,0.,0.));
#658 = DIRECTION('',(0.,-0.,-1.));
#659 = DIRECTION('',(0.923879532511,-0.382683432365,0.));
#660 = CYLINDRICAL_SURFACE('',#661,1.75);
#661 = AXIS2_PLACEMENT_3D('',#662,#663,#664);
#662 = CARTESIAN_POINT('',(1.,0.,0.3));
#663 = DIRECTION('',(0.,0.,-1.));
#664 = DIRECTION('',(0.923879532511,-0.382683432365,0.));
#665 = ADVANCED_FACE('',(#666),#678,.F.);
#666 = FACE_BOUND('',#667,.F.);
#667 = EDGE_LOOP('',(#668,#669,#670,#671));
#668 = ORIENTED_EDGE('',*,*,#646,.F.);
#669 = ORIENTED_EDGE('',*,*,#598,.F.);
#670 = ORIENTED_EDGE('',*,*,#636,.T.);
#671 = ORIENTED_EDGE('',*,*,#672,.F.);
#672 = EDGE_CURVE('',#647,#637,#673,.T.);
#673 = CIRCLE('',#674,1.75);
#674 = AXIS2_PLACEMENT_3D('',#675,#676,#677);
#675 = CARTESIAN_POINT('',(1.,0.,0.));
#676 = DIRECTION('',(0.,0.,-1.));
#677 = DIRECTION('',(0.923879532511,0.382683432365,0.));
#678 = CYLINDRICAL_SURFACE('',#679,1.75);
#679 = AXIS2_PLACEMENT_3D('',#680,#681,#682);
#680 = CARTESIAN_POINT('',(1.,0.,0.3));
#681 = DIRECTION('',(0.,0.,-1.));
#682 = DIRECTION('',(0.923879532511,0.382683432365,0.));
#683 = ADVANCED_FACE('',(#684),#703,.T.);
#684 = FACE_BOUND('',#685,.T.);
#685 = EDGE_LOOP('',(#686,#687,#695,#702));
#686 = ORIENTED_EDGE('',*,*,#619,.F.);
#687 = ORIENTED_EDGE('',*,*,#688,.T.);
#688 = EDGE_CURVE('',#620,#689,#691,.T.);
#689 = VERTEX_POINT('',#690);
#690 = CARTESIAN_POINT('',(-0.25,1.530808498934E-16,-2.));
#691 = LINE('',#692,#693);
#692 = CARTESIAN_POINT('',(-0.25,1.530808498934E-16,0.3));
#693 = VECTOR('',#694,1.);
#694 = DIRECTION('',(0.,0.,-1.));
#695 = ORIENTED_EDGE('',*,*,#696,.T.);
#696 = EDGE_CURVE('',#689,#689,#697,.T.);
#697 = CIRCLE('',#698,0.25);
#698 = AXIS2_PLACEMENT_3D('',#699,#700,#701);
#699 = CARTESIAN_POINT('',(0.,1.224646799147E-16,-2.));
#700 = DIRECTION('',(0.,0.,1.));
#701 = DIRECTION('',(-1.,1.224646799147E-16,0.));
#702 = ORIENTED_EDGE('',*,*,#688,.F.);
#703 = CYLINDRICAL_SURFACE('',#704,0.25);
#704 = AXIS2_PLACEMENT_3D('',#705,#706,#707);
#705 = CARTESIAN_POINT('',(0.,1.224646799147E-16,0.3));
#706 = DIRECTION('',(0.,0.,1.));
#707 = DIRECTION('',(-1.,1.224646799147E-16,0.));
#708 = ADVANCED_FACE('',(#709),#735,.T.);
#709 = FACE_BOUND('',#710,.F.);
#710 = EDGE_LOOP('',(#711,#712,#720,#729));
#711 = ORIENTED_EDGE('',*,*,#654,.T.);
#712 = ORIENTED_EDGE('',*,*,#713,.T.);
#713 = EDGE_CURVE('',#647,#714,#716,.T.);
#714 = VERTEX_POINT('',#715);
#715 = CARTESIAN_POINT('',(3.124922924776,0.88017189444,
    1.387778780781E-17));
#716 = LINE('',#717,#718);
#717 = CARTESIAN_POINT('',(2.616789181895,0.669696006639,0.));
#718 = VECTOR('',#719,1.);
#719 = DIRECTION('',(0.923879532511,0.382683432365,0.));
#720 = ORIENTED_EDGE('',*,*,#721,.F.);
#721 = EDGE_CURVE('',#722,#714,#724,.T.);
#722 = VERTEX_POINT('',#723);
#723 = CARTESIAN_POINT('',(3.124922924776,-0.88017189444,
    1.387778780781E-17));
#724 = CIRCLE('',#725,2.3);
#725 = AXIS2_PLACEMENT_3D('',#726,#727,#728);
#726 = CARTESIAN_POINT('',(1.,0.,1.387778780781E-17));
#727 = DIRECTION('',(0.,-0.,-1.));
#728 = DIRECTION('',(0.923879532511,-0.382683432365,0.));
#729 = ORIENTED_EDGE('',*,*,#730,.F.);
#730 = EDGE_CURVE('',#637,#722,#731,.T.);
#731 = LINE('',#732,#733);
#732 = CARTESIAN_POINT('',(2.616789181895,-0.669696006639,0.));
#733 = VECTOR('',#734,1.);
#734 = DIRECTION('',(0.923879532511,-0.382683432365,0.));
#735 = PLANE('',#736);
#736 = AXIS2_PLACEMENT_3D('',#737,#738,#739);
#737 = CARTESIAN_POINT('',(1.,0.,0.));
#738 = DIRECTION('',(0.,0.,-1.));
#739 = DIRECTION('',(0.923879532511,-0.382683432365,0.));
#740 = ADVANCED_FACE('',(#741),#753,.T.);
#741 = FACE_BOUND('',#742,.F.);
#742 = EDGE_LOOP('',(#743,#744,#745,#752));
#743 = ORIENTED_EDGE('',*,*,#672,.T.);
#744 = ORIENTED_EDGE('',*,*,#730,.T.);
#745 = ORIENTED_EDGE('',*,*,#746,.F.);
#746 = EDGE_CURVE('',#714,#722,#747,.T.);
#747 = CIRCLE('',#748,2.3);
#748 = AXIS2_PLACEMENT_3D('',#749,#750,#751);
#749 = CARTESIAN_POINT('',(1.,0.,1.387778780781E-17));
#750 = DIRECTION('',(0.,0.,-1.));
#751 = DIRECTION('',(0.923879532511,0.382683432365,0.));
#752 = ORIENTED_EDGE('',*,*,#713,.F.);
#753 = PLANE('',#754);
#754 = AXIS2_PLACEMENT_3D('',#755,#756,#757);
#755 = CARTESIAN_POINT('',(1.,0.,0.));
#756 = DIRECTION('',(0.,0.,-1.));
#757 = DIRECTION('',(0.923879532511,0.382683432365,0.));
#758 = ADVANCED_FACE('',(#759),#762,.F.);
#759 = FACE_BOUND('',#760,.F.);
#760 = EDGE_LOOP('',(#761));
#761 = ORIENTED_EDGE('',*,*,#696,.T.);
#762 = PLANE('',#763);
#763 = AXIS2_PLACEMENT_3D('',#764,#765,#766);
#764 = CARTESIAN_POINT('',(-2.22044604925E-16,1.006206918012E-16,-2.));
#765 = DIRECTION('',(2.218671295934E-31,4.08046586736E-33,1.));
#766 = DIRECTION('',(-1.,1.224646799147E-16,2.218671295934E-31));
#767 = ADVANCED_FACE('',(#768),#796,.F.);
#768 = FACE_BOUND('',#769,.F.);
#769 = EDGE_LOOP('',(#770,#771,#780,#789));
#770 = ORIENTED_EDGE('',*,*,#721,.T.);
#771 = ORIENTED_EDGE('',*,*,#772,.T.);
#772 = EDGE_CURVE('',#714,#773,#775,.T.);
#773 = VERTEX_POINT('',#774);
#774 = CARTESIAN_POINT('',(3.309698831278,0.956708580913,0.2));
#775 = CIRCLE('',#776,0.2);
#776 = AXIS2_PLACEMENT_3D('',#777,#778,#779);
#777 = CARTESIAN_POINT('',(3.124922924776,0.88017189444,0.2));
#778 = DIRECTION('',(0.382683432365,-0.923879532511,0.));
#779 = DIRECTION('',(0.,0.,-1.));
#780 = ORIENTED_EDGE('',*,*,#781,.F.);
#781 = EDGE_CURVE('',#782,#773,#784,.T.);
#782 = VERTEX_POINT('',#783);
#783 = CARTESIAN_POINT('',(3.309698831278,-0.956708580913,0.2));
#784 = CIRCLE('',#785,2.5);
#785 = AXIS2_PLACEMENT_3D('',#786,#787,#788);
#786 = CARTESIAN_POINT('',(1.,0.,0.2));
#787 = DIRECTION('',(0.,-0.,-1.));
#788 = DIRECTION('',(0.923879532511,-0.382683432365,0.));
#789 = ORIENTED_EDGE('',*,*,#790,.F.);
#790 = EDGE_CURVE('',#722,#782,#791,.T.);
#791 = CIRCLE('',#792,0.2);
#792 = AXIS2_PLACEMENT_3D('',#793,#794,#795);
#793 = CARTESIAN_POINT('',(3.124922924776,-0.88017189444,0.2));
#794 = DIRECTION('',(-0.382683432365,-0.923879532511,-0.));
#795 = DIRECTION('',(0.,0.,-1.));
#796 = SURFACE_OF_REVOLUTION('',#797,#802);
#797 = CIRCLE('',#798,0.2);
#798 = AXIS2_PLACEMENT_3D('',#799,#800,#801);
#799 = CARTESIAN_POINT('',(3.124922924776,-0.88017189444,0.2));
#800 = DIRECTION('',(-0.382683432365,-0.923879532511,-0.));
#801 = DIRECTION('',(0.,0.,-1.));
#802 = AXIS1_PLACEMENT('',#803,#804);
#803 = CARTESIAN_POINT('',(1.,0.,0.));
#804 = DIRECTION('',(0.,0.,-1.));
#805 = ADVANCED_FACE('',(#806),#818,.F.);
#806 = FACE_BOUND('',#807,.F.);
#807 = EDGE_LOOP('',(#808,#809,#810,#817));
#808 = ORIENTED_EDGE('',*,*,#746,.T.);
#809 = ORIENTED_EDGE('',*,*,#790,.T.);
#810 = ORIENTED_EDGE('',*,*,#811,.F.);
#811 = EDGE_CURVE('',#773,#782,#812,.T.);
#812 = CIRCLE('',#813,2.5);
#813 = AXIS2_PLACEMENT_3D('',#814,#815,#816);
#814 = CARTESIAN_POINT('',(1.,0.,0.2));
#815 = DIRECTION('',(0.,0.,-1.));
#816 = DIRECTION('',(0.923879532511,0.382683432365,0.));
#817 = ORIENTED_EDGE('',*,*,#772,.F.);
#818 = SURFACE_OF_REVOLUTION('',#819,#824);
#819 = CIRCLE('',#820,0.2);
#820 = AXIS2_PLACEMENT_3D('',#821,#822,#823);
#821 = CARTESIAN_POINT('',(3.124922924776,0.88017189444,0.2));
#822 = DIRECTION('',(0.382683432365,-0.923879532511,0.));
#823 = DIRECTION('',(0.,0.,-1.));
#824 = AXIS1_PLACEMENT('',#825,#826);
#825 = CARTESIAN_POINT('',(1.,0.,0.));
#826 = DIRECTION('',(0.,0.,-1.));
#827 = ADVANCED_FACE('',(#828),#882,.T.);
#828 = FACE_BOUND('',#829,.T.);
#829 = EDGE_LOOP('',(#830,#869,#875,#876));
#830 = ORIENTED_EDGE('',*,*,#831,.T.);
#831 = EDGE_CURVE('',#832,#834,#836,.T.);
#832 = VERTEX_POINT('',#833);
#833 = CARTESIAN_POINT('',(3.309698831278,-0.956708580913,1.064979142851
    ));
#834 = VERTEX_POINT('',#835);
#835 = CARTESIAN_POINT('',(3.309698831278,0.956708580913,1.064979142851)
  );
#836 = B_SPLINE_CURVE_WITH_KNOTS('',11,(#837,#838,#839,#840,#841,#842,
    #843,#844,#845,#846,#847,#848,#849,#850,#851,#852,#853,#854,#855,
    #856,#857,#858,#859,#860,#861,#862,#863,#864,#865,#866,#867,#868),
  .UNSPECIFIED.,.F.,.F.,(12,10,10,12),(-0.585615641583,
    2.874910026413E-15,13.744467859455,14.330083501039),.UNSPECIFIED.);
#837 = CARTESIAN_POINT('',(3.533804235046,-0.415670275735,1.064979142851
    ));
#838 = CARTESIAN_POINT('',(3.513289829604,-0.465196431576,1.064979142851
    ));
#839 = CARTESIAN_POINT('',(3.492803661547,-0.514654416342,1.064979142851
    ));
#840 = CARTESIAN_POINT('',(3.472345730872,-0.564044230035,1.064979142851
    ));
#841 = CARTESIAN_POINT('',(3.451916037581,-0.613365872653,1.064979142851
    ));
#842 = CARTESIAN_POINT('',(3.431514581673,-0.662619344198,1.064979142851
    ));
#843 = CARTESIAN_POINT('',(3.411141363149,-0.711804644669,1.064979142851
    ));
#844 = CARTESIAN_POINT('',(3.390796382008,-0.760921774065,1.064979142851
    ));
#845 = CARTESIAN_POINT('',(3.370479638251,-0.809970732388,1.064979142851
    ));
#846 = CARTESIAN_POINT('',(3.350191131876,-0.858951519637,1.064979142851
    ));
#847 = CARTESIAN_POINT('',(3.329930862886,-0.907864135812,1.064979142851
    ));
#848 = CARTESIAN_POINT('',(2.834850674205,-2.103093441787,1.064979142851
    ));
#849 = CARTESIAN_POINT('',(1.727586252494,-3.009448724487,1.064979062911
    ));
#850 = CARTESIAN_POINT('',(0.105855011951,-3.257464103804,1.064979307428
    ));
#851 = CARTESIAN_POINT('',(-1.475741298782,-2.506760000403,
    1.064978963603));
#852 = CARTESIAN_POINT('',(-2.588653308495,-1.059860959896,
    1.064979218435));
#853 = CARTESIAN_POINT('',(-2.588653308509,1.059860959896,1.064979218442
    ));
#854 = CARTESIAN_POINT('',(-1.475741298772,2.506760000402,1.064978963597
    ));
#855 = CARTESIAN_POINT('',(0.105855011945,3.257464103804,1.064979307432)
  );
#856 = CARTESIAN_POINT('',(1.727586252497,3.009448724487,1.064979062909)
  );
#857 = CARTESIAN_POINT('',(2.834850674204,2.103093441788,1.064979142851)
  );
#858 = CARTESIAN_POINT('',(3.329930862886,0.907864135812,1.064979142851)
  );
#859 = CARTESIAN_POINT('',(3.350191131876,0.858951519637,1.064979142851)
  );
#860 = CARTESIAN_POINT('',(3.370479638251,0.809970732388,1.064979142851)
  );
#861 = CARTESIAN_POINT('',(3.390796382008,0.760921774065,1.064979142851)
  );
#862 = CARTESIAN_POINT('',(3.411141363149,0.711804644669,1.064979142851)
  );
#863 = CARTESIAN_POINT('',(3.431514581673,0.662619344198,1.064979142851)
  );
#864 = CARTESIAN_POINT('',(3.451916037581,0.613365872653,1.064979142851)
  );
#865 = CARTESIAN_POINT('',(3.472345730872,0.564044230035,1.064979142851)
  );
#866 = CARTESIAN_POINT('',(3.492803661547,0.514654416342,1.064979142851)
  );
#867 = CARTESIAN_POINT('',(3.513289829605,0.465196431576,1.064979142851)
  );
#868 = CARTESIAN_POINT('',(3.533804235046,0.415670275736,1.064979142851)
  );
#869 = ORIENTED_EDGE('',*,*,#870,.F.);
#870 = EDGE_CURVE('',#773,#834,#871,.T.);
#871 = LINE('',#872,#873);
#872 = CARTESIAN_POINT('',(3.309698831278,0.956708580913,0.2));
#873 = VECTOR('',#874,1.);
#874 = DIRECTION('',(0.,0.,1.));
#875 = ORIENTED_EDGE('',*,*,#781,.F.);
#876 = ORIENTED_EDGE('',*,*,#877,.T.);
#877 = EDGE_CURVE('',#782,#832,#878,.T.);
#878 = LINE('',#879,#880);
#879 = CARTESIAN_POINT('',(3.309698831278,-0.956708580913,0.2));
#880 = VECTOR('',#881,1.);
#881 = DIRECTION('',(0.,0.,1.));
#882 = CYLINDRICAL_SURFACE('',#883,2.5);
#883 = AXIS2_PLACEMENT_3D('',#884,#885,#886);
#884 = CARTESIAN_POINT('',(1.,0.,0.2));
#885 = DIRECTION('',(0.,0.,1.));
#886 = DIRECTION('',(0.923879532511,-0.382683432365,0.));
#887 = ADVANCED_FACE('',(#888),#910,.T.);
#888 = FACE_BOUND('',#889,.T.);
#889 = EDGE_LOOP('',(#890,#907,#908,#909));
#890 = ORIENTED_EDGE('',*,*,#891,.T.);
#891 = EDGE_CURVE('',#834,#832,#892,.T.);
#892 = B_SPLINE_CURVE_WITH_KNOTS('',5,(#893,#894,#895,#896,#897,#898,
    #899,#900,#901,#902,#903,#904,#905,#906),.UNSPECIFIED.,.F.,.F.,(6,4,
    4,6),(-0.119413470026,-1.353371911114E-07,1.96349554383,
    2.08290869425),.UNSPECIFIED.);
#893 = CARTESIAN_POINT('',(3.264001325546,1.067032118743,1.064979142851)
  );
#894 = CARTESIAN_POINT('',(3.273140829292,1.0449674049,1.064979142851));
#895 = CARTESIAN_POINT('',(3.282280331654,1.0229026944,1.064979142851));
#896 = CARTESIAN_POINT('',(3.291419832631,1.000837987243,1.064979142851)
  );
#897 = CARTESIAN_POINT('',(3.300559332224,0.978773283428,1.064979142851)
  );
#898 = CARTESIAN_POINT('',(3.45997823841,0.593901998977,1.064979142851)
  );
#899 = CARTESIAN_POINT('',(3.539038746156,0.201591257513,1.064979142851)
  );
#900 = CARTESIAN_POINT('',(3.539039291386,-0.201589955698,1.064979142851
    ));
#901 = CARTESIAN_POINT('',(3.45997851584,-0.593901329202,1.064979142851)
  );
#902 = CARTESIAN_POINT('',(3.300559329455,-0.978773290113,1.064979142851
    ));
#903 = CARTESIAN_POINT('',(3.291419828478,-1.00083799727,1.064979142851)
  );
#904 = CARTESIAN_POINT('',(3.2822803275,-1.022902704428,1.064979142851)
  );
#905 = CARTESIAN_POINT('',(3.273140826523,-1.044967411585,1.064979142851
    ));
#906 = CARTESIAN_POINT('',(3.264001325546,-1.067032118743,1.064979142851
    ));
#907 = ORIENTED_EDGE('',*,*,#877,.F.);
#908 = ORIENTED_EDGE('',*,*,#811,.F.);
#909 = ORIENTED_EDGE('',*,*,#870,.T.);
#910 = CYLINDRICAL_SURFACE('',#911,2.5);
#911 = AXIS2_PLACEMENT_3D('',#912,#913,#914);
#912 = CARTESIAN_POINT('',(1.,0.,0.2));
#913 = DIRECTION('',(0.,0.,1.));
#914 = DIRECTION('',(0.923879532511,0.382683432365,-0.));
#915 = ADVANCED_FACE('',(#916),#984,.T.);
#916 = FACE_BOUND('',#917,.T.);
#917 = EDGE_LOOP('',(#918,#933,#970,#983));
#918 = ORIENTED_EDGE('',*,*,#919,.T.);
#919 = EDGE_CURVE('',#832,#920,#922,.T.);
#920 = VERTEX_POINT('',#921);
#921 = CARTESIAN_POINT('',(3.235446538439,-0.925952274181,1.269338405373
    ));
#922 = B_SPLINE_CURVE_WITH_KNOTS('',5,(#923,#924,#925,#926,#927,#928,
    #929,#930,#931,#932),.UNSPECIFIED.,.F.,.F.,(6,4,6),(0.,0.5,1.),
  .UNSPECIFIED.);
#923 = CARTESIAN_POINT('',(3.309698831278,-0.956708580913,1.064979142851
    ));
#924 = CARTESIAN_POINT('',(3.30969883117,-0.956708580868,1.086946886076)
  );
#925 = CARTESIAN_POINT('',(3.307841659805,-0.955939315301,1.109289585017
    ));
#926 = CARTESIAN_POINT('',(3.303997166347,-0.95434687397,1.131655175667)
  );
#927 = CARTESIAN_POINT('',(3.298159251937,-0.951928730645,1.153610443506
    ));
#928 = CARTESIAN_POINT('',(3.282778034968,-0.945557621971,1.195943064308
    ));
#929 = CARTESIAN_POINT('',(3.273234543788,-0.941604578492,1.2163209364)
  );
#930 = CARTESIAN_POINT('',(3.261973435419,-0.936940074678,1.235529410754
    ));
#931 = CARTESIAN_POINT('',(3.249271815997,-0.93167889165,1.253255827993)
  );
#932 = CARTESIAN_POINT('',(3.235446538439,-0.925952274181,1.269338405373
    ));
#933 = ORIENTED_EDGE('',*,*,#934,.T.);
#934 = EDGE_CURVE('',#920,#935,#937,.T.);
#935 = VERTEX_POINT('',#936);
#936 = CARTESIAN_POINT('',(3.235446538439,0.925952274181,1.269338405373)
  );
#937 = B_SPLINE_CURVE_WITH_KNOTS('',11,(#938,#939,#940,#941,#942,#943,
    #944,#945,#946,#947,#948,#949,#950,#951,#952,#953,#954,#955,#956,
    #957,#958,#959,#960,#961,#962,#963,#964,#965,#966,#967,#968,#969),
  .UNSPECIFIED.,.F.,.F.,(12,10,10,12),(-0.585615641583,
    2.874910026413E-15,13.744467859455,14.330083501039),.UNSPECIFIED.);
#938 = CARTESIAN_POINT('',(3.459551942206,-0.384913969004,1.269338405373
    ));
#939 = CARTESIAN_POINT('',(3.438387116582,-0.43601037807,1.269338405373)
  );
#940 = CARTESIAN_POINT('',(3.417380612378,-0.486724565418,1.269338405373
    ));
#941 = CARTESIAN_POINT('',(3.396532429594,-0.537056531046,1.269338405373
    ));
#942 = CARTESIAN_POINT('',(3.37584256823,-0.587006274955,1.269338405373)
  );
#943 = CARTESIAN_POINT('',(3.355311028286,-0.636573797145,1.269338405373
    ));
#944 = CARTESIAN_POINT('',(3.334937809761,-0.685759097616,1.269338405373
    ));
#945 = CARTESIAN_POINT('',(3.314722912657,-0.734562176367,1.269338405373
    ));
#946 = CARTESIAN_POINT('',(3.294666336973,-0.782983033399,1.269338405373
    ));
#947 = CARTESIAN_POINT('',(3.274768082708,-0.831021668713,1.269338405373
    ));
#948 = CARTESIAN_POINT('',(3.255028149863,-0.878678082306,1.269338405373
    ));
#949 = CARTESIAN_POINT('',(2.775863819411,-2.03548310749,1.269338405373)
  );
#950 = CARTESIAN_POINT('',(1.704091980563,-2.912929929979,1.269338420699
    ));
#951 = CARTESIAN_POINT('',(0.134360577618,-3.152280979089,1.26933837382)
  );
#952 = CARTESIAN_POINT('',(-1.395396108631,-2.426388868524,1.26933843974
    ));
#953 = CARTESIAN_POINT('',(-2.473728053044,-1.02623416819,1.269338390878
    ));
#954 = CARTESIAN_POINT('',(-2.473728053057,1.026234168191,1.269338390886
    ));
#955 = CARTESIAN_POINT('',(-1.395396108622,2.426388868523,1.269338439734
    ));
#956 = CARTESIAN_POINT('',(0.134360577613,3.152280979089,1.269338373823)
  );
#957 = CARTESIAN_POINT('',(1.704091980565,2.912929929979,1.269338420697)
  );
#958 = CARTESIAN_POINT('',(2.775863819411,2.03548310749,1.269338405373)
  );
#959 = CARTESIAN_POINT('',(3.255028149863,0.878678082306,1.269338405373)
  );
#960 = CARTESIAN_POINT('',(3.274768082708,0.831021668713,1.269338405373)
  );
#961 = CARTESIAN_POINT('',(3.294666336973,0.782983033399,1.269338405373)
  );
#962 = CARTESIAN_POINT('',(3.314722912657,0.734562176367,1.269338405373)
  );
#963 = CARTESIAN_POINT('',(3.334937809762,0.685759097616,1.269338405373)
  );
#964 = CARTESIAN_POINT('',(3.355311028286,0.636573797145,1.269338405373)
  );
#965 = CARTESIAN_POINT('',(3.37584256823,0.587006274955,1.269338405373)
  );
#966 = CARTESIAN_POINT('',(3.396532429594,0.537056531046,1.269338405373)
  );
#967 = CARTESIAN_POINT('',(3.417380612378,0.486724565418,1.269338405373)
  );
#968 = CARTESIAN_POINT('',(3.438387116583,0.436010378071,1.269338405373)
  );
#969 = CARTESIAN_POINT('',(3.459551942206,0.384913969004,1.269338405373)
  );
#970 = ORIENTED_EDGE('',*,*,#971,.F.);
#971 = EDGE_CURVE('',#834,#935,#972,.T.);
#972 = B_SPLINE_CURVE_WITH_KNOTS('',5,(#973,#974,#975,#976,#977,#978,
    #979,#980,#981,#982),.UNSPECIFIED.,.F.,.F.,(6,4,6),(0.,0.5,1.),
  .UNSPECIFIED.);
#973 = CARTESIAN_POINT('',(3.309698831278,0.956708580913,1.064979142851)
  );
#974 = CARTESIAN_POINT('',(3.30969883117,0.956708580868,1.086946886076)
  );
#975 = CARTESIAN_POINT('',(3.307841659805,0.955939315301,1.109289585017)
  );
#976 = CARTESIAN_POINT('',(3.303997166347,0.95434687397,1.131655175667)
  );
#977 = CARTESIAN_POINT('',(3.298159251937,0.951928730645,1.153610443506)
  );
#978 = CARTESIAN_POINT('',(3.282778034968,0.945557621971,1.195943064308)
  );
#979 = CARTESIAN_POINT('',(3.273234543788,0.941604578492,1.2163209364));
#980 = CARTESIAN_POINT('',(3.261973435419,0.936940074678,1.235529410754)
  );
#981 = CARTESIAN_POINT('',(3.249271815997,0.93167889165,1.253255827993)
  );
#982 = CARTESIAN_POINT('',(3.235446538439,0.925952274181,1.269338405373)
  );
#983 = ORIENTED_EDGE('',*,*,#831,.F.);
#984 = ( BOUNDED_SURFACE() B_SPLINE_SURFACE(2,11,(
    (#985,#986,#987,#988,#989,#990,#991,#992,#993,#994,#995,#996,#997
      ,#998,#999,#1000,#1001,#1002,#1003,#1004,#1005,#1006,#1007,#1008
      ,#1009,#1010,#1011,#1012,#1013,#1014,#1015,#1016)
    ,(#1017,#1018,#1019,#1020,#1021,#1022,#1023,#1024,#1025,#1026,#1027
      ,#1028,#1029,#1030,#1031,#1032,#1033,#1034,#1035,#1036,#1037,#1038
      ,#1039,#1040,#1041,#1042,#1043,#1044,#1045,#1046,#1047,#1048)
    ,(#1049,#1050,#1051,#1052,#1053,#1054,#1055,#1056,#1057,#1058,#1059
      ,#1060,#1061,#1062,#1063,#1064,#1065,#1066,#1067,#1068,#1069,#1070
      ,#1071,#1072,#1073,#1074,#1075,#1076,#1077,#1078,#1079,#1080
)),.UNSPECIFIED.,.F.,.F.,.F.) B_SPLINE_SURFACE_WITH_KNOTS((3,3),(12,10,
    10,12),(0.,13.744467859455),(-0.585615641583,2.874910026413E-15,
    13.744467859455,14.330083501039),.UNSPECIFIED.) 
GEOMETRIC_REPRESENTATION_ITEM() RATIONAL_B_SPLINE_SURFACE((
    (1.,1.,1.,1.,1.,1.,1.,1.,1.,1.,1.,1.,1.,1.,1.,1.,1.,1.,1.,1.,1.,1.
      ,1.,1.,1.,1.,1.,1.,1.,1.,1.,1.)
    ,(0.93061798229,0.93061798229,0.93061798229,0.93061798229
      ,0.93061798229,0.93061798229,0.93061798229,0.93061798229
      ,0.93061798229,0.93061798229,0.93061798229,0.93061798229
      ,0.930617902914,0.930618145704,0.930617804307,0.93061805734
      ,0.930618057346,0.930617804303,0.930618145707,0.930617902913
      ,0.93061798229,0.93061798229,0.93061798229,0.93061798229
      ,0.93061798229,0.93061798229,0.93061798229,0.93061798229
      ,0.93061798229,0.93061798229,0.93061798229,0.93061798229)
    ,(1.,1.,1.,1.,1.,1.,1.,1.,1.,1.,1.,1.,1.,1.,1.,1.,1.,1.,1.,1.,1.,1.
,1.,1.,1.,1.,1.,1.,1.,1.,1.,1.))) REPRESENTATION_ITEM('') SURFACE() );
#985 = CARTESIAN_POINT('',(3.533804235046,-0.415670275735,1.064979142851
    ));
#986 = CARTESIAN_POINT('',(3.513289829604,-0.465196431576,1.064979142851
    ));
#987 = CARTESIAN_POINT('',(3.492803661547,-0.514654416342,1.064979142851
    ));
#988 = CARTESIAN_POINT('',(3.472345730872,-0.564044230035,1.064979142851
    ));
#989 = CARTESIAN_POINT('',(3.451916037581,-0.613365872653,1.064979142851
    ));
#990 = CARTESIAN_POINT('',(3.431514581673,-0.662619344198,1.064979142851
    ));
#991 = CARTESIAN_POINT('',(3.411141363149,-0.711804644669,1.064979142851
    ));
#992 = CARTESIAN_POINT('',(3.390796382008,-0.760921774065,1.064979142851
    ));
#993 = CARTESIAN_POINT('',(3.370479638251,-0.809970732388,1.064979142851
    ));
#994 = CARTESIAN_POINT('',(3.350191131876,-0.858951519637,1.064979142851
    ));
#995 = CARTESIAN_POINT('',(3.329930862886,-0.907864135812,1.064979142851
    ));
#996 = CARTESIAN_POINT('',(2.834850674205,-2.103093441787,1.064979142851
    ));
#997 = CARTESIAN_POINT('',(1.727586252494,-3.009448724487,1.064979062911
    ));
#998 = CARTESIAN_POINT('',(0.105855011951,-3.257464103804,1.064979307428
    ));
#999 = CARTESIAN_POINT('',(-1.475741298782,-2.506760000403,
    1.064978963603));
#1000 = CARTESIAN_POINT('',(-2.588653308495,-1.059860959896,
    1.064979218435));
#1001 = CARTESIAN_POINT('',(-2.588653308509,1.059860959896,
    1.064979218442));
#1002 = CARTESIAN_POINT('',(-1.475741298772,2.506760000402,
    1.064978963597));
#1003 = CARTESIAN_POINT('',(0.105855011945,3.257464103804,1.064979307432
    ));
#1004 = CARTESIAN_POINT('',(1.727586252497,3.009448724487,1.064979062909
    ));
#1005 = CARTESIAN_POINT('',(2.834850674204,2.103093441788,1.064979142851
    ));
#1006 = CARTESIAN_POINT('',(3.329930862886,0.907864135812,1.064979142851
    ));
#1007 = CARTESIAN_POINT('',(3.350191131876,0.858951519637,1.064979142851
    ));
#1008 = CARTESIAN_POINT('',(3.370479638251,0.809970732388,1.064979142851
    ));
#1009 = CARTESIAN_POINT('',(3.390796382008,0.760921774065,1.064979142851
    ));
#1010 = CARTESIAN_POINT('',(3.411141363149,0.711804644669,1.064979142851
    ));
#1011 = CARTESIAN_POINT('',(3.431514581673,0.662619344198,1.064979142851
    ));
#1012 = CARTESIAN_POINT('',(3.451916037581,0.613365872653,1.064979142851
    ));
#1013 = CARTESIAN_POINT('',(3.472345730872,0.564044230035,1.064979142851
    ));
#1014 = CARTESIAN_POINT('',(3.492803661547,0.514654416342,1.064979142851
    ));
#1015 = CARTESIAN_POINT('',(3.513289829605,0.465196431576,1.064979142851
    ));
#1016 = CARTESIAN_POINT('',(3.533804235046,0.415670275736,1.064979142851
    ));
#1017 = CARTESIAN_POINT('',(3.533804235046,-0.415670275735,
    1.182962690499));
#1018 = CARTESIAN_POINT('',(3.513289829604,-0.465196431576,
    1.182962690499));
#1019 = CARTESIAN_POINT('',(3.492803661547,-0.514654416342,
    1.182962690499));
#1020 = CARTESIAN_POINT('',(3.472345730872,-0.564044230035,
    1.182962690499));
#1021 = CARTESIAN_POINT('',(3.451916037581,-0.613365872653,
    1.182962690499));
#1022 = CARTESIAN_POINT('',(3.431514581673,-0.662619344198,
    1.182962690499));
#1023 = CARTESIAN_POINT('',(3.411141363149,-0.711804644669,
    1.182962690499));
#1024 = CARTESIAN_POINT('',(3.390796382008,-0.760921774065,
    1.182962690499));
#1025 = CARTESIAN_POINT('',(3.37047963825,-0.809970732388,1.182962690499
    ));
#1026 = CARTESIAN_POINT('',(3.350191131876,-0.858951519637,
    1.182962690499));
#1027 = CARTESIAN_POINT('',(3.329930862886,-0.907864135812,
    1.182962690499));
#1028 = CARTESIAN_POINT('',(2.834850674205,-2.103093441788,
    1.182962690499));
#1029 = CARTESIAN_POINT('',(1.727586214542,-3.009448936943,
    1.182962685685));
#1030 = CARTESIAN_POINT('',(0.105855341319,-3.257463206685,1.18296270041
    ));
#1031 = CARTESIAN_POINT('',(-1.475741895234,-2.506761759151,
    1.182962679705));
#1032 = CARTESIAN_POINT('',(-2.588652975416,-1.059858637809,
    1.182962695051));
#1033 = CARTESIAN_POINT('',(-2.588652975407,1.059858637802,
    1.182962695051));
#1034 = CARTESIAN_POINT('',(-1.475741895235,2.506761759163,
    1.182962679705));
#1035 = CARTESIAN_POINT('',(0.105855341315,3.257463206676,1.18296270041)
  );
#1036 = CARTESIAN_POINT('',(1.727586214545,3.009448936947,1.182962685685
    ));
#1037 = CARTESIAN_POINT('',(2.834850674204,2.103093441787,1.182962690499
    ));
#1038 = CARTESIAN_POINT('',(3.329930862886,0.907864135812,1.182962690499
    ));
#1039 = CARTESIAN_POINT('',(3.350191131876,0.858951519637,1.182962690499
    ));
#1040 = CARTESIAN_POINT('',(3.370479638251,0.809970732388,1.182962690499
    ));
#1041 = CARTESIAN_POINT('',(3.390796382008,0.760921774065,1.182962690499
    ));
#1042 = CARTESIAN_POINT('',(3.411141363149,0.711804644669,1.182962690499
    ));
#1043 = CARTESIAN_POINT('',(3.431514581674,0.662619344198,1.182962690499
    ));
#1044 = CARTESIAN_POINT('',(3.451916037581,0.613365872653,1.182962690499
    ));
#1045 = CARTESIAN_POINT('',(3.472345730872,0.564044230035,1.182962690499
    ));
#1046 = CARTESIAN_POINT('',(3.492803661547,0.514654416342,1.182962690499
    ));
#1047 = CARTESIAN_POINT('',(3.513289829605,0.465196431576,1.182962690499
    ));
#1048 = CARTESIAN_POINT('',(3.533804235046,0.415670275736,1.182962690499
    ));
#1049 = CARTESIAN_POINT('',(3.459551942206,-0.384913969004,
    1.269338405373));
#1050 = CARTESIAN_POINT('',(3.438387116582,-0.43601037807,1.269338405373
    ));
#1051 = CARTESIAN_POINT('',(3.417380612378,-0.486724565418,
    1.269338405373));
#1052 = CARTESIAN_POINT('',(3.396532429594,-0.537056531046,
    1.269338405373));
#1053 = CARTESIAN_POINT('',(3.37584256823,-0.587006274955,1.269338405373
    ));
#1054 = CARTESIAN_POINT('',(3.355311028286,-0.636573797145,
    1.269338405373));
#1055 = CARTESIAN_POINT('',(3.334937809761,-0.685759097616,
    1.269338405373));
#1056 = CARTESIAN_POINT('',(3.314722912657,-0.734562176367,
    1.269338405373));
#1057 = CARTESIAN_POINT('',(3.294666336973,-0.782983033399,
    1.269338405373));
#1058 = CARTESIAN_POINT('',(3.274768082708,-0.831021668713,
    1.269338405373));
#1059 = CARTESIAN_POINT('',(3.255028149863,-0.878678082306,
    1.269338405373));
#1060 = CARTESIAN_POINT('',(2.775863819411,-2.03548310749,1.269338405373
    ));
#1061 = CARTESIAN_POINT('',(1.704091980563,-2.912929929979,
    1.269338420699));
#1062 = CARTESIAN_POINT('',(0.134360577618,-3.152280979089,1.26933837382
    ));
#1063 = CARTESIAN_POINT('',(-1.395396108631,-2.426388868524,
    1.26933843974));
#1064 = CARTESIAN_POINT('',(-2.473728053044,-1.02623416819,
    1.269338390878));
#1065 = CARTESIAN_POINT('',(-2.473728053057,1.026234168191,
    1.269338390886));
#1066 = CARTESIAN_POINT('',(-1.395396108622,2.426388868523,
    1.269338439734));
#1067 = CARTESIAN_POINT('',(0.134360577613,3.152280979089,1.269338373823
    ));
#1068 = CARTESIAN_POINT('',(1.704091980565,2.912929929979,1.269338420697
    ));
#1069 = CARTESIAN_POINT('',(2.775863819411,2.03548310749,1.269338405373)
  );
#1070 = CARTESIAN_POINT('',(3.255028149863,0.878678082306,1.269338405373
    ));
#1071 = CARTESIAN_POINT('',(3.274768082708,0.831021668713,1.269338405373
    ));
#1072 = CARTESIAN_POINT('',(3.294666336973,0.782983033399,1.269338405373
    ));
#1073 = CARTESIAN_POINT('',(3.314722912657,0.734562176367,1.269338405373
    ));
#1074 = CARTESIAN_POINT('',(3.334937809762,0.685759097616,1.269338405373
    ));
#1075 = CARTESIAN_POINT('',(3.355311028286,0.636573797145,1.269338405373
    ));
#1076 = CARTESIAN_POINT('',(3.37584256823,0.587006274955,1.269338405373)
  );
#1077 = CARTESIAN_POINT('',(3.396532429594,0.537056531046,1.269338405373
    ));
#1078 = CARTESIAN_POINT('',(3.417380612378,0.486724565418,1.269338405373
    ));
#1079 = CARTESIAN_POINT('',(3.438387116583,0.436010378071,1.269338405373
    ));
#1080 = CARTESIAN_POINT('',(3.459551942206,0.384913969004,1.269338405373
    ));
#1081 = ADVANCED_FACE('',(#1082),#1104,.T.);
#1082 = FACE_BOUND('',#1083,.T.);
#1083 = EDGE_LOOP('',(#1084,#1085,#1102,#1103));
#1084 = ORIENTED_EDGE('',*,*,#971,.T.);
#1085 = ORIENTED_EDGE('',*,*,#1086,.T.);
#1086 = EDGE_CURVE('',#935,#920,#1087,.T.);
#1087 = B_SPLINE_CURVE_WITH_KNOTS('',5,(#1088,#1089,#1090,#1091,#1092,
    #1093,#1094,#1095,#1096,#1097,#1098,#1099,#1100,#1101),
  .UNSPECIFIED.,.F.,.F.,(6,4,4,6),(-0.119413470026,-1.353371911114E-07,
    1.96349554383,2.08290869425),.UNSPECIFIED.);
#1088 = CARTESIAN_POINT('',(3.189749034566,1.036275808073,1.269338405373
    ));
#1089 = CARTESIAN_POINT('',(3.199182355483,1.013501756721,1.269338405373
    ));
#1090 = CARTESIAN_POINT('',(3.20846876641,0.991082377458,1.269338405373)
  );
#1091 = CARTESIAN_POINT('',(3.217608267348,0.969017670284,1.269338405373
    ));
#1092 = CARTESIAN_POINT('',(3.226600858298,0.9473076352,1.269338405373)
  );
#1093 = CARTESIAN_POINT('',(3.380894753976,0.574809218729,1.269338405373
    ));
#1094 = CARTESIAN_POINT('',(3.457413628123,0.195110560338,1.269338405373
    ));
#1095 = CARTESIAN_POINT('',(3.457414134116,-0.1951093668,1.269338405373)
  );
#1096 = CARTESIAN_POINT('',(3.380895040325,-0.574808527422,
    1.269338405373));
#1097 = CARTESIAN_POINT('',(3.226600854533,-0.947307644289,
    1.269338405373));
#1098 = CARTESIAN_POINT('',(3.217608261701,-0.969017683918,
    1.269338405373));
#1099 = CARTESIAN_POINT('',(3.208468760763,-0.991082391091,
    1.269338405373));
#1100 = CARTESIAN_POINT('',(3.199182351718,-1.01350176581,1.269338405373
    ));
#1101 = CARTESIAN_POINT('',(3.189749034566,-1.036275808073,
    1.269338405373));
#1102 = ORIENTED_EDGE('',*,*,#919,.F.);
#1103 = ORIENTED_EDGE('',*,*,#891,.F.);
#1104 = ( BOUNDED_SURFACE() B_SPLINE_SURFACE(2,5,(
    (#1105,#1106,#1107,#1108,#1109,#1110,#1111,#1112,#1113,#1114,#1115
      ,#1116,#1117,#1118)
    ,(#1119,#1120,#1121,#1122,#1123,#1124,#1125,#1126,#1127,#1128,#1129
      ,#1130,#1131,#1132)
    ,(#1133,#1134,#1135,#1136,#1137,#1138,#1139,#1140,#1141,#1142,#1143
      ,#1144,#1145,#1146
)),.UNSPECIFIED.,.F.,.F.,.F.) B_SPLINE_SURFACE_WITH_KNOTS((3,3),(6,4,4,6
    ),(0.,1.963495679168),(-0.119413470026,-1.353371911114E-07,
    1.96349554383,2.08290869425),.UNSPECIFIED.) 
GEOMETRIC_REPRESENTATION_ITEM() RATIONAL_B_SPLINE_SURFACE((
    (1.,1.,1.,1.,1.,1.,1.,1.,1.,1.,1.,1.,1.,1.)
    ,(0.93061798229,0.93061798229,0.93061798229,0.93061798229
      ,0.93061798229,0.93061798229,0.93061798229,0.93061798229
      ,0.93061798229,0.93061798229,0.93061798229,0.93061798229
      ,0.93061798229,0.93061798229)
,(1.,1.,1.,1.,1.,1.,1.,1.,1.,1.,1.,1.,1.,1.
))) REPRESENTATION_ITEM('') SURFACE() );
#1105 = CARTESIAN_POINT('',(3.264001325546,1.067032118743,1.064979142851
    ));
#1106 = CARTESIAN_POINT('',(3.273140829292,1.0449674049,1.064979142851)
  );
#1107 = CARTESIAN_POINT('',(3.282280331654,1.0229026944,1.064979142851)
  );
#1108 = CARTESIAN_POINT('',(3.291419832631,1.000837987243,1.064979142851
    ));
#1109 = CARTESIAN_POINT('',(3.300559332224,0.978773283428,1.064979142851
    ));
#1110 = CARTESIAN_POINT('',(3.45997823841,0.593901998977,1.064979142851)
  );
#1111 = CARTESIAN_POINT('',(3.539038746156,0.201591257513,1.064979142851
    ));
#1112 = CARTESIAN_POINT('',(3.539039291386,-0.201589955698,
    1.064979142851));
#1113 = CARTESIAN_POINT('',(3.45997851584,-0.593901329202,1.064979142851
    ));
#1114 = CARTESIAN_POINT('',(3.300559329455,-0.978773290113,
    1.064979142851));
#1115 = CARTESIAN_POINT('',(3.291419828478,-1.00083799727,1.064979142851
    ));
#1116 = CARTESIAN_POINT('',(3.2822803275,-1.022902704428,1.064979142851)
  );
#1117 = CARTESIAN_POINT('',(3.273140826523,-1.044967411585,
    1.064979142851));
#1118 = CARTESIAN_POINT('',(3.264001325546,-1.067032118743,
    1.064979142851));
#1119 = CARTESIAN_POINT('',(3.264001325546,1.067032118743,1.182962690499
    ));
#1120 = CARTESIAN_POINT('',(3.273140829292,1.0449674049,1.182962690499)
  );
#1121 = CARTESIAN_POINT('',(3.282280331654,1.0229026944,1.182962690499)
  );
#1122 = CARTESIAN_POINT('',(3.291419832631,1.000837987243,1.182962690499
    ));
#1123 = CARTESIAN_POINT('',(3.300559332224,0.978773283428,1.182962690499
    ));
#1124 = CARTESIAN_POINT('',(3.45997823841,0.593901998977,1.182962690499)
  );
#1125 = CARTESIAN_POINT('',(3.539038746156,0.201591257513,1.182962690499
    ));
#1126 = CARTESIAN_POINT('',(3.539039291386,-0.201589955698,
    1.182962690499));
#1127 = CARTESIAN_POINT('',(3.45997851584,-0.593901329202,1.182962690499
    ));
#1128 = CARTESIAN_POINT('',(3.300559329455,-0.978773290113,
    1.182962690499));
#1129 = CARTESIAN_POINT('',(3.291419828478,-1.00083799727,1.182962690499
    ));
#1130 = CARTESIAN_POINT('',(3.2822803275,-1.022902704428,1.182962690499)
  );
#1131 = CARTESIAN_POINT('',(3.273140826523,-1.044967411585,
    1.182962690499));
#1132 = CARTESIAN_POINT('',(3.264001325546,-1.067032118743,
    1.182962690499));
#1133 = CARTESIAN_POINT('',(3.189749034566,1.036275808073,1.269338405373
    ));
#1134 = CARTESIAN_POINT('',(3.199182355483,1.013501756721,1.269338405373
    ));
#1135 = CARTESIAN_POINT('',(3.20846876641,0.991082377458,1.269338405373)
  );
#1136 = CARTESIAN_POINT('',(3.217608267348,0.969017670284,1.269338405373
    ));
#1137 = CARTESIAN_POINT('',(3.226600858298,0.9473076352,1.269338405373)
  );
#1138 = CARTESIAN_POINT('',(3.380894753976,0.574809218729,1.269338405373
    ));
#1139 = CARTESIAN_POINT('',(3.457413628123,0.195110560338,1.269338405373
    ));
#1140 = CARTESIAN_POINT('',(3.457414134116,-0.1951093668,1.269338405373)
  );
#1141 = CARTESIAN_POINT('',(3.380895040325,-0.574808527422,
    1.269338405373));
#1142 = CARTESIAN_POINT('',(3.226600854533,-0.947307644289,
    1.269338405373));
#1143 = CARTESIAN_POINT('',(3.217608261701,-0.969017683918,
    1.269338405373));
#1144 = CARTESIAN_POINT('',(3.208468760763,-0.991082391091,
    1.269338405373));
#1145 = CARTESIAN_POINT('',(3.199182351718,-1.01350176581,1.269338405373
    ));
#1146 = CARTESIAN_POINT('',(3.189749034566,-1.036275808073,
    1.269338405373));
#1147 = ADVANCED_FACE('',(#1148),#1204,.F.);
#1148 = FACE_BOUND('',#1149,.F.);
#1149 = EDGE_LOOP('',(#1150,#1159,#1160,#1169));
#1150 = ORIENTED_EDGE('',*,*,#1151,.F.);
#1151 = EDGE_CURVE('',#920,#1152,#1154,.T.);
#1152 = VERTEX_POINT('',#1153);
#1153 = CARTESIAN_POINT('',(3.235446538439,-0.925952274181,
    1.930661594627));
#1154 = CIRCLE('',#1155,0.485412195974);
#1155 = AXIS2_PLACEMENT_3D('',#1156,#1157,#1158);
#1156 = CARTESIAN_POINT('',(3.563765702719,-1.061946524813,1.6));
#1157 = DIRECTION('',(0.382683432365,0.923879532511,2.775557561563E-17)
  );
#1158 = DIRECTION('',(-0.523404384043,0.216801194476,-0.824041924199));
#1159 = ORIENTED_EDGE('',*,*,#934,.T.);
#1160 = ORIENTED_EDGE('',*,*,#1161,.T.);
#1161 = EDGE_CURVE('',#935,#1162,#1164,.T.);
#1162 = VERTEX_POINT('',#1163);
#1163 = CARTESIAN_POINT('',(3.235446538439,0.925952274181,1.930661594627
    ));
#1164 = CIRCLE('',#1165,0.485412195974);
#1165 = AXIS2_PLACEMENT_3D('',#1166,#1167,#1168);
#1166 = CARTESIAN_POINT('',(3.563765702719,1.061946524813,1.6));
#1167 = DIRECTION('',(-0.382683432365,0.923879532511,-2.775557561563E-17
    ));
#1168 = DIRECTION('',(-0.523404384043,-0.216801194476,-0.824041924199));
#1169 = ORIENTED_EDGE('',*,*,#1170,.F.);
#1170 = EDGE_CURVE('',#1152,#1162,#1171,.T.);
#1171 = B_SPLINE_CURVE_WITH_KNOTS('',11,(#1172,#1173,#1174,#1175,#1176,
    #1177,#1178,#1179,#1180,#1181,#1182,#1183,#1184,#1185,#1186,#1187,
    #1188,#1189,#1190,#1191,#1192,#1193,#1194,#1195,#1196,#1197,#1198,
    #1199,#1200,#1201,#1202,#1203),.UNSPECIFIED.,.F.,.F.,(12,10,10,12),(
    -0.585615641583,2.901255980386E-15,13.744467859455,14.330083501039),
  .UNSPECIFIED.);
#1172 = CARTESIAN_POINT('',(3.459551942206,-0.384913969004,
    1.930661594627));
#1173 = CARTESIAN_POINT('',(3.438387116582,-0.43601037807,1.930661594627
    ));
#1174 = CARTESIAN_POINT('',(3.417380612378,-0.486724565418,
    1.930661594627));
#1175 = CARTESIAN_POINT('',(3.396532429594,-0.537056531046,
    1.930661594627));
#1176 = CARTESIAN_POINT('',(3.37584256823,-0.587006274955,1.930661594627
    ));
#1177 = CARTESIAN_POINT('',(3.355311028286,-0.636573797145,
    1.930661594627));
#1178 = CARTESIAN_POINT('',(3.334937809762,-0.685759097616,
    1.930661594627));
#1179 = CARTESIAN_POINT('',(3.314722912657,-0.734562176367,
    1.930661594627));
#1180 = CARTESIAN_POINT('',(3.294666336973,-0.782983033399,
    1.930661594627));
#1181 = CARTESIAN_POINT('',(3.274768082708,-0.831021668713,
    1.930661594627));
#1182 = CARTESIAN_POINT('',(3.255028149863,-0.878678082306,
    1.930661594627));
#1183 = CARTESIAN_POINT('',(2.775863819411,-2.03548310749,1.930661594627
    ));
#1184 = CARTESIAN_POINT('',(1.704091980563,-2.912929929979,
    1.930661579303));
#1185 = CARTESIAN_POINT('',(0.134360577617,-3.15228097909,1.930661626176
    ));
#1186 = CARTESIAN_POINT('',(-1.395396108631,-2.426388868523,
    1.930661560267));
#1187 = CARTESIAN_POINT('',(-2.473728053045,-1.026234168191,
    1.930661609113));
#1188 = CARTESIAN_POINT('',(-2.473728053056,1.026234168191,
    1.930661609123));
#1189 = CARTESIAN_POINT('',(-1.395396108622,2.426388868523,1.93066156026
    ));
#1190 = CARTESIAN_POINT('',(0.134360577613,3.15228097909,1.93066162618)
  );
#1191 = CARTESIAN_POINT('',(1.704091980565,2.912929929979,1.930661579301
    ));
#1192 = CARTESIAN_POINT('',(2.775863819411,2.03548310749,1.930661594627)
  );
#1193 = CARTESIAN_POINT('',(3.255028149863,0.878678082306,1.930661594627
    ));
#1194 = CARTESIAN_POINT('',(3.274768082708,0.831021668713,1.930661594627
    ));
#1195 = CARTESIAN_POINT('',(3.294666336973,0.782983033399,1.930661594627
    ));
#1196 = CARTESIAN_POINT('',(3.314722912657,0.734562176367,1.930661594627
    ));
#1197 = CARTESIAN_POINT('',(3.334937809762,0.685759097616,1.930661594627
    ));
#1198 = CARTESIAN_POINT('',(3.355311028286,0.636573797145,1.930661594627
    ));
#1199 = CARTESIAN_POINT('',(3.37584256823,0.587006274955,1.930661594627)
  );
#1200 = CARTESIAN_POINT('',(3.396532429594,0.537056531046,1.930661594627
    ));
#1201 = CARTESIAN_POINT('',(3.417380612378,0.486724565418,1.930661594627
    ));
#1202 = CARTESIAN_POINT('',(3.438387116582,0.436010378071,1.930661594627
    ));
#1203 = CARTESIAN_POINT('',(3.459551942206,0.384913969004,1.930661594627
    ));
#1204 = SURFACE_OF_REVOLUTION('',#1205,#1210);
#1205 = CIRCLE('',#1206,0.485412195974);
#1206 = AXIS2_PLACEMENT_3D('',#1207,#1208,#1209);
#1207 = CARTESIAN_POINT('',(3.563765702719,-1.061946524813,1.6));
#1208 = DIRECTION('',(0.382683432365,0.923879532511,0.));
#1209 = DIRECTION('',(-0.523404384043,0.216801194476,-0.824041924199));
#1210 = AXIS1_PLACEMENT('',#1211,#1212);
#1211 = CARTESIAN_POINT('',(1.,0.,0.));
#1212 = DIRECTION('',(0.,0.,-1.));
#1213 = ADVANCED_FACE('',(#1214),#1322,.F.);
#1214 = FACE_BOUND('',#1215,.F.);
#1215 = EDGE_LOOP('',(#1216,#1235,#1236,#1237,#1238,#1257,#1268,#1287,
    #1294,#1313));
#1216 = ORIENTED_EDGE('',*,*,#1217,.F.);
#1217 = EDGE_CURVE('',#1162,#1218,#1220,.T.);
#1218 = VERTEX_POINT('',#1219);
#1219 = CARTESIAN_POINT('',(3.40667978278,0.25,1.930661594627));
#1220 = B_SPLINE_CURVE_WITH_KNOTS('',5,(#1221,#1222,#1223,#1224,#1225,
    #1226,#1227,#1228,#1229,#1230,#1231,#1232,#1233,#1234),
  .UNSPECIFIED.,.F.,.F.,(6,4,4,6),(-0.119413470026,-1.353371911203E-07,
    1.96349554383,2.08290869425),.UNSPECIFIED.);
#1221 = CARTESIAN_POINT('',(3.189749034566,1.036275808073,1.930661594627
    ));
#1222 = CARTESIAN_POINT('',(3.199182355483,1.013501756721,1.930661594627
    ));
#1223 = CARTESIAN_POINT('',(3.20846876641,0.991082377458,1.930661594627)
  );
#1224 = CARTESIAN_POINT('',(3.217608267348,0.969017670284,1.930661594627
    ));
#1225 = CARTESIAN_POINT('',(3.226600858298,0.9473076352,1.930661594627)
  );
#1226 = CARTESIAN_POINT('',(3.380894753976,0.574809218729,1.930661594627
    ));
#1227 = CARTESIAN_POINT('',(3.457413628123,0.195110560338,1.930661594627
    ));
#1228 = CARTESIAN_POINT('',(3.457414134116,-0.1951093668,1.930661594627)
  );
#1229 = CARTESIAN_POINT('',(3.380895040325,-0.574808527422,
    1.930661594627));
#1230 = CARTESIAN_POINT('',(3.226600854533,-0.947307644289,
    1.930661594627));
#1231 = CARTESIAN_POINT('',(3.217608261701,-0.969017683918,
    1.930661594627));
#1232 = CARTESIAN_POINT('',(3.208468760763,-0.991082391091,
    1.930661594627));
#1233 = CARTESIAN_POINT('',(3.199182351718,-1.01350176581,1.930661594627
    ));
#1234 = CARTESIAN_POINT('',(3.189749034566,-1.036275808073,
    1.930661594627));
#1235 = ORIENTED_EDGE('',*,*,#1161,.F.);
#1236 = ORIENTED_EDGE('',*,*,#1086,.T.);
#1237 = ORIENTED_EDGE('',*,*,#1151,.T.);
#1238 = ORIENTED_EDGE('',*,*,#1239,.F.);
#1239 = EDGE_CURVE('',#1240,#1152,#1242,.T.);
#1240 = VERTEX_POINT('',#1241);
#1241 = CARTESIAN_POINT('',(3.406679829997,-0.25,1.930661594627));
#1242 = B_SPLINE_CURVE_WITH_KNOTS('',5,(#1243,#1244,#1245,#1246,#1247,
    #1248,#1249,#1250,#1251,#1252,#1253,#1254,#1255,#1256),
  .UNSPECIFIED.,.F.,.F.,(6,4,4,6),(-0.119413470026,-1.353371911203E-07,
    1.96349554383,2.08290869425),.UNSPECIFIED.);
#1243 = CARTESIAN_POINT('',(3.189749034566,1.036275808073,1.930661594627
    ));
#1244 = CARTESIAN_POINT('',(3.199182355483,1.013501756721,1.930661594627
    ));
#1245 = CARTESIAN_POINT('',(3.20846876641,0.991082377458,1.930661594627)
  );
#1246 = CARTESIAN_POINT('',(3.217608267348,0.969017670284,1.930661594627
    ));
#1247 = CARTESIAN_POINT('',(3.226600858298,0.9473076352,1.930661594627)
  );
#1248 = CARTESIAN_POINT('',(3.380894753976,0.574809218729,1.930661594627
    ));
#1249 = CARTESIAN_POINT('',(3.457413628123,0.195110560338,1.930661594627
    ));
#1250 = CARTESIAN_POINT('',(3.457414134116,-0.1951093668,1.930661594627)
  );
#1251 = CARTESIAN_POINT('',(3.380895040325,-0.574808527422,
    1.930661594627));
#1252 = CARTESIAN_POINT('',(3.226600854533,-0.947307644289,
    1.930661594627));
#1253 = CARTESIAN_POINT('',(3.217608261701,-0.969017683918,
    1.930661594627));
#1254 = CARTESIAN_POINT('',(3.208468760763,-0.991082391091,
    1.930661594627));
#1255 = CARTESIAN_POINT('',(3.199182351718,-1.01350176581,1.930661594627
    ));
#1256 = CARTESIAN_POINT('',(3.189749034566,-1.036275808073,
    1.930661594627));
#1257 = ORIENTED_EDGE('',*,*,#1258,.F.);
#1258 = EDGE_CURVE('',#1259,#1240,#1261,.T.);
#1259 = VERTEX_POINT('',#1260);
#1260 = CARTESIAN_POINT('',(3.299471489861,-0.25,1.749));
#1261 = B_SPLINE_CURVE_WITH_KNOTS('',5,(#1262,#1263,#1264,#1265,#1266,
    #1267),.UNSPECIFIED.,.F.,.F.,(6,6),(0.,1.),
  .PIECEWISE_BEZIER_KNOTS.);
#1262 = CARTESIAN_POINT('',(3.299471489861,-0.25,1.749));
#1263 = CARTESIAN_POINT('',(3.312587202196,-0.25,1.789427365424));
#1264 = CARTESIAN_POINT('',(3.33014872115,-0.25,1.828424172249));
#1265 = CARTESIAN_POINT('',(3.351941636815,-0.25,1.865341021624));
#1266 = CARTESIAN_POINT('',(3.377608548406,-0.25,1.899584994083));
#1267 = CARTESIAN_POINT('',(3.40668024473,-0.25,1.930661807849));
#1268 = ORIENTED_EDGE('',*,*,#1269,.T.);
#1269 = EDGE_CURVE('',#1259,#1270,#1272,.T.);
#1270 = VERTEX_POINT('',#1271);
#1271 = CARTESIAN_POINT('',(3.299999782609,-1.E-03,1.5));
#1272 = B_SPLINE_CURVE_WITH_KNOTS('',7,(#1273,#1274,#1275,#1276,#1277,
    #1278,#1279,#1280,#1281,#1282,#1283,#1284,#1285,#1286),
  .UNSPECIFIED.,.F.,.F.,(8,6,8),(0.,0.656899903514,1.),.UNSPECIFIED.);
#1273 = CARTESIAN_POINT('',(3.299471489861,-0.25,1.749));
#1274 = CARTESIAN_POINT('',(3.288903887063,-0.25,1.716426818984));
#1275 = CARTESIAN_POINT('',(3.281699509879,-0.245028477564,
    1.683385522006));
#1276 = CARTESIAN_POINT('',(3.278045828963,-0.234830048078,
    1.650728113424));
#1277 = CARTESIAN_POINT('',(3.277713110475,-0.219290375561,
    1.619367410059));
#1278 = CARTESIAN_POINT('',(3.280087341319,-0.198436579318,
    1.590251266333));
#1279 = CARTESIAN_POINT('',(3.284149886785,-0.172302430004,
    1.564384728938));
#1280 = CARTESIAN_POINT('',(3.29090216963,-0.124770531607,1.532041582647
    ));
#1281 = CARTESIAN_POINT('',(3.293310489781,-0.107148532185,
    1.522255641965));
#1282 = CARTESIAN_POINT('',(3.295638205192,-8.813505246606E-02,
    1.513869244735));
#1283 = CARTESIAN_POINT('',(3.297696231285,-6.772624403228E-02,
    1.507131244826));
#1284 = CARTESIAN_POINT('',(3.2992147289,-4.608658790058E-02,
    1.502401965702));
#1285 = CARTESIAN_POINT('',(3.299989938095,-2.364237892977E-02,1.5));
#1286 = CARTESIAN_POINT('',(3.299999782609,-1.E-03,1.5));
#1287 = ORIENTED_EDGE('',*,*,#1288,.T.);
#1288 = EDGE_CURVE('',#1270,#1289,#1291,.T.);
#1289 = VERTEX_POINT('',#1290);
#1290 = CARTESIAN_POINT('',(3.299999782609,9.999999999998E-04,1.5));
#1291 = B_SPLINE_CURVE_WITH_KNOTS('',1,(#1292,#1293),.UNSPECIFIED.,.F.,
  .F.,(2,2),(0.,1.),.PIECEWISE_BEZIER_KNOTS.);
#1292 = CARTESIAN_POINT('',(3.299999782609,-1.E-03,1.5));
#1293 = CARTESIAN_POINT('',(3.299999782609,9.999999999998E-04,1.5));
#1294 = ORIENTED_EDGE('',*,*,#1295,.T.);
#1295 = EDGE_CURVE('',#1289,#1296,#1298,.T.);
#1296 = VERTEX_POINT('',#1297);
#1297 = CARTESIAN_POINT('',(3.299471489861,0.25,1.749));
#1298 = B_SPLINE_CURVE_WITH_KNOTS('',7,(#1299,#1300,#1301,#1302,#1303,
    #1304,#1305,#1306,#1307,#1308,#1309,#1310,#1311,#1312),
  .UNSPECIFIED.,.F.,.F.,(8,6,8),(0.,0.343710672019,1.),.UNSPECIFIED.);
#1299 = CARTESIAN_POINT('',(3.299999782609,9.999999999997E-04,1.5));
#1300 = CARTESIAN_POINT('',(3.299989920585,2.368265119001E-02,1.5));
#1301 = CARTESIAN_POINT('',(3.299211971008,4.616604948054E-02,
    1.502410516981));
#1302 = CARTESIAN_POINT('',(3.297688162784,6.784108201107E-02,
    1.507156358887));
#1303 = CARTESIAN_POINT('',(3.295623636424,8.827968087268E-02,
    1.513916973069));
#1304 = CARTESIAN_POINT('',(3.293289812594,0.10731720987,1.522330091337)
  );
#1305 = CARTESIAN_POINT('',(3.290876523628,0.124958092937,1.532145912779
    ));
#1306 = CARTESIAN_POINT('',(3.284127396232,0.172447200062,1.564528141918
    ));
#1307 = CARTESIAN_POINT('',(3.280076399241,0.198532790636,1.590385718193
    ));
#1308 = CARTESIAN_POINT('',(3.277714368661,0.21934776166,1.619483238628)
  );
#1309 = CARTESIAN_POINT('',(3.278055943653,0.234858301632,1.650818612401
    ));
#1310 = CARTESIAN_POINT('',(3.281712830825,0.245037663177,1.683446586849
    ));
#1311 = CARTESIAN_POINT('',(3.288913652378,0.25,1.716456919224));
#1312 = CARTESIAN_POINT('',(3.299471489861,0.25,1.749));
#1313 = ORIENTED_EDGE('',*,*,#1314,.T.);
#1314 = EDGE_CURVE('',#1296,#1218,#1315,.T.);
#1315 = B_SPLINE_CURVE_WITH_KNOTS('',5,(#1316,#1317,#1318,#1319,#1320,
    #1321),.UNSPECIFIED.,.F.,.F.,(6,6),(0.,1.),
  .PIECEWISE_BEZIER_KNOTS.);
#1316 = CARTESIAN_POINT('',(3.299471489861,0.25,1.749));
#1317 = CARTESIAN_POINT('',(3.312587202196,0.25,1.789427365424));
#1318 = CARTESIAN_POINT('',(3.33014872115,0.25,1.828424172249));
#1319 = CARTESIAN_POINT('',(3.351941636815,0.25,1.865341021624));
#1320 = CARTESIAN_POINT('',(3.377608548406,0.25,1.899584994083));
#1321 = CARTESIAN_POINT('',(3.40668024473,0.25,1.930661807849));
#1322 = SURFACE_OF_REVOLUTION('',#1323,#1328);
#1323 = CIRCLE('',#1324,0.485412195974);
#1324 = AXIS2_PLACEMENT_3D('',#1325,#1326,#1327);
#1325 = CARTESIAN_POINT('',(3.563765702719,1.061946524813,1.6));
#1326 = DIRECTION('',(-0.382683432365,0.923879532511,0.));
#1327 = DIRECTION('',(-0.523404384043,-0.216801194476,-0.824041924199));
#1328 = AXIS1_PLACEMENT('',#1329,#1330);
#1329 = CARTESIAN_POINT('',(1.,0.,0.));
#1330 = DIRECTION('',(0.,0.,-1.));
#1331 = ADVANCED_FACE('',(#1332),#1400,.T.);
#1332 = FACE_BOUND('',#1333,.T.);
#1333 = EDGE_LOOP('',(#1334,#1349,#1386,#1399));
#1334 = ORIENTED_EDGE('',*,*,#1335,.T.);
#1335 = EDGE_CURVE('',#1152,#1336,#1338,.T.);
#1336 = VERTEX_POINT('',#1337);
#1337 = CARTESIAN_POINT('',(3.309698831278,-0.956708580913,
    2.135020857149));
#1338 = B_SPLINE_CURVE_WITH_KNOTS('',5,(#1339,#1340,#1341,#1342,#1343,
    #1344,#1345,#1346,#1347,#1348),.UNSPECIFIED.,.F.,.F.,(6,4,6),(0.,0.5
    ,1.),.UNSPECIFIED.);
#1339 = CARTESIAN_POINT('',(3.235446538439,-0.925952274181,
    1.930661594627));
#1340 = CARTESIAN_POINT('',(3.249271815997,-0.93167889165,1.946744172007
    ));
#1341 = CARTESIAN_POINT('',(3.261973435419,-0.936940074678,
    1.964470589246));
#1342 = CARTESIAN_POINT('',(3.273234543788,-0.941604578492,1.9836790636)
  );
#1343 = CARTESIAN_POINT('',(3.282778034968,-0.945557621971,
    2.004056935692));
#1344 = CARTESIAN_POINT('',(3.298159251937,-0.951928730645,
    2.046389556494));
#1345 = CARTESIAN_POINT('',(3.303997166347,-0.95434687397,2.068344824333
    ));
#1346 = CARTESIAN_POINT('',(3.307841659805,-0.955939315301,
    2.090710414983));
#1347 = CARTESIAN_POINT('',(3.30969883117,-0.956708580868,2.113053113924
    ));
#1348 = CARTESIAN_POINT('',(3.309698831278,-0.956708580913,
    2.135020857149));
#1349 = ORIENTED_EDGE('',*,*,#1350,.T.);
#1350 = EDGE_CURVE('',#1336,#1351,#1353,.T.);
#1351 = VERTEX_POINT('',#1352);
#1352 = CARTESIAN_POINT('',(3.309698831278,0.956708580913,2.135020857149
    ));
#1353 = B_SPLINE_CURVE_WITH_KNOTS('',11,(#1354,#1355,#1356,#1357,#1358,
    #1359,#1360,#1361,#1362,#1363,#1364,#1365,#1366,#1367,#1368,#1369,
    #1370,#1371,#1372,#1373,#1374,#1375,#1376,#1377,#1378,#1379,#1380,
    #1381,#1382,#1383,#1384,#1385),.UNSPECIFIED.,.F.,.F.,(12,10,10,12),(
    -0.585615641583,2.901255980386E-15,13.744467859455,14.330083501039),
  .UNSPECIFIED.);
#1354 = CARTESIAN_POINT('',(3.533804235046,-0.415670275735,
    2.135020857149));
#1355 = CARTESIAN_POINT('',(3.513289829604,-0.465196431576,
    2.135020857149));
#1356 = CARTESIAN_POINT('',(3.492803661547,-0.514654416342,
    2.135020857149));
#1357 = CARTESIAN_POINT('',(3.472345730872,-0.564044230035,
    2.135020857149));
#1358 = CARTESIAN_POINT('',(3.451916037581,-0.613365872653,
    2.135020857149));
#1359 = CARTESIAN_POINT('',(3.431514581673,-0.662619344198,
    2.135020857149));
#1360 = CARTESIAN_POINT('',(3.411141363149,-0.711804644669,
    2.135020857149));
#1361 = CARTESIAN_POINT('',(3.390796382008,-0.760921774065,
    2.135020857149));
#1362 = CARTESIAN_POINT('',(3.370479638251,-0.809970732388,
    2.135020857149));
#1363 = CARTESIAN_POINT('',(3.350191131876,-0.858951519637,
    2.135020857149));
#1364 = CARTESIAN_POINT('',(3.329930862886,-0.907864135812,
    2.135020857149));
#1365 = CARTESIAN_POINT('',(2.834850674205,-2.103093441788,
    2.135020857149));
#1366 = CARTESIAN_POINT('',(1.727586252495,-3.009448724487,
    2.135020937091));
#1367 = CARTESIAN_POINT('',(0.10585501195,-3.257464103805,2.135020692567
    ));
#1368 = CARTESIAN_POINT('',(-1.475741298782,-2.5067600004,2.135021036405
    ));
#1369 = CARTESIAN_POINT('',(-2.588653308495,-1.059860959899,
    2.135020781556));
#1370 = CARTESIAN_POINT('',(-2.588653308509,1.059860959899,
    2.135020781567));
#1371 = CARTESIAN_POINT('',(-1.475741298771,2.5067600004,2.135021036396)
  );
#1372 = CARTESIAN_POINT('',(0.105855011945,3.257464103806,2.135020692572
    ));
#1373 = CARTESIAN_POINT('',(1.727586252497,3.009448724487,2.135020937089
    ));
#1374 = CARTESIAN_POINT('',(2.834850674204,2.103093441788,2.135020857149
    ));
#1375 = CARTESIAN_POINT('',(3.329930862886,0.907864135812,2.135020857149
    ));
#1376 = CARTESIAN_POINT('',(3.350191131876,0.858951519637,2.135020857149
    ));
#1377 = CARTESIAN_POINT('',(3.370479638251,0.809970732388,2.135020857149
    ));
#1378 = CARTESIAN_POINT('',(3.390796382008,0.760921774065,2.135020857149
    ));
#1379 = CARTESIAN_POINT('',(3.411141363149,0.711804644669,2.135020857149
    ));
#1380 = CARTESIAN_POINT('',(3.431514581673,0.662619344198,2.135020857149
    ));
#1381 = CARTESIAN_POINT('',(3.451916037581,0.613365872653,2.135020857149
    ));
#1382 = CARTESIAN_POINT('',(3.472345730872,0.564044230035,2.135020857149
    ));
#1383 = CARTESIAN_POINT('',(3.492803661547,0.514654416342,2.135020857149
    ));
#1384 = CARTESIAN_POINT('',(3.513289829605,0.465196431576,2.135020857149
    ));
#1385 = CARTESIAN_POINT('',(3.533804235046,0.415670275736,2.135020857149
    ));
#1386 = ORIENTED_EDGE('',*,*,#1387,.F.);
#1387 = EDGE_CURVE('',#1162,#1351,#1388,.T.);
#1388 = B_SPLINE_CURVE_WITH_KNOTS('',5,(#1389,#1390,#1391,#1392,#1393,
    #1394,#1395,#1396,#1397,#1398),.UNSPECIFIED.,.F.,.F.,(6,4,6),(0.,0.5
    ,1.),.UNSPECIFIED.);
#1389 = CARTESIAN_POINT('',(3.235446538439,0.925952274181,1.930661594627
    ));
#1390 = CARTESIAN_POINT('',(3.249271815997,0.93167889165,1.946744172007)
  );
#1391 = CARTESIAN_POINT('',(3.261973435419,0.936940074678,1.964470589246
    ));
#1392 = CARTESIAN_POINT('',(3.273234543788,0.941604578492,1.9836790636)
  );
#1393 = CARTESIAN_POINT('',(3.282778034968,0.945557621971,2.004056935692
    ));
#1394 = CARTESIAN_POINT('',(3.298159251937,0.951928730645,2.046389556494
    ));
#1395 = CARTESIAN_POINT('',(3.303997166347,0.95434687397,2.068344824333)
  );
#1396 = CARTESIAN_POINT('',(3.307841659805,0.955939315301,2.090710414983
    ));
#1397 = CARTESIAN_POINT('',(3.30969883117,0.956708580868,2.113053113924)
  );
#1398 = CARTESIAN_POINT('',(3.309698831278,0.956708580913,2.135020857149
    ));
#1399 = ORIENTED_EDGE('',*,*,#1170,.F.);
#1400 = ( BOUNDED_SURFACE() B_SPLINE_SURFACE(2,11,(
    (#1401,#1402,#1403,#1404,#1405,#1406,#1407,#1408,#1409,#1410,#1411
      ,#1412,#1413,#1414,#1415,#1416,#1417,#1418,#1419,#1420,#1421,#1422
      ,#1423,#1424,#1425,#1426,#1427,#1428,#1429,#1430,#1431,#1432)
    ,(#1433,#1434,#1435,#1436,#1437,#1438,#1439,#1440,#1441,#1442,#1443
      ,#1444,#1445,#1446,#1447,#1448,#1449,#1450,#1451,#1452,#1453,#1454
      ,#1455,#1456,#1457,#1458,#1459,#1460,#1461,#1462,#1463,#1464)
    ,(#1465,#1466,#1467,#1468,#1469,#1470,#1471,#1472,#1473,#1474,#1475
      ,#1476,#1477,#1478,#1479,#1480,#1481,#1482,#1483,#1484,#1485,#1486
      ,#1487,#1488,#1489,#1490,#1491,#1492,#1493,#1494,#1495,#1496
)),.UNSPECIFIED.,.F.,.F.,.F.) B_SPLINE_SURFACE_WITH_KNOTS((3,3),(12,10,
    10,12),(0.,13.744467859455),(-0.585615641583,2.901255980386E-15,
    13.744467859455,14.330083501039),.UNSPECIFIED.) 
GEOMETRIC_REPRESENTATION_ITEM() RATIONAL_B_SPLINE_SURFACE((
    (1.,1.,1.,1.,1.,1.,1.,1.,1.,1.,1.,1.,1.,1.,1.,1.,1.,1.,1.,1.,1.,1.
      ,1.,1.,1.,1.,1.,1.,1.,1.,1.,1.)
    ,(0.93061798229,0.93061798229,0.93061798229,0.93061798229
      ,0.93061798229,0.93061798229,0.93061798229,0.93061798229
      ,0.93061798229,0.93061798229,0.93061798229,0.93061798229
      ,0.930617902914,0.930618145705,0.930617804307,0.93061805734
      ,0.930618057345,0.930617804303,0.930618145707,0.930617902913
      ,0.93061798229,0.93061798229,0.93061798229,0.93061798229
      ,0.93061798229,0.93061798229,0.93061798229,0.93061798229
      ,0.93061798229,0.93061798229,0.93061798229,0.93061798229)
    ,(1.,1.,1.,1.,1.,1.,1.,1.,1.,1.,1.,1.,1.,1.,1.,1.,1.,1.,1.,1.,1.,1.
,1.,1.,1.,1.,1.,1.,1.,1.,1.,1.))) REPRESENTATION_ITEM('') SURFACE() );
#1401 = CARTESIAN_POINT('',(3.459551942206,-0.384913969004,
    1.930661594627));
#1402 = CARTESIAN_POINT('',(3.438387116582,-0.43601037807,1.930661594627
    ));
#1403 = CARTESIAN_POINT('',(3.417380612378,-0.486724565418,
    1.930661594627));
#1404 = CARTESIAN_POINT('',(3.396532429594,-0.537056531046,
    1.930661594627));
#1405 = CARTESIAN_POINT('',(3.37584256823,-0.587006274955,1.930661594627
    ));
#1406 = CARTESIAN_POINT('',(3.355311028286,-0.636573797145,
    1.930661594627));
#1407 = CARTESIAN_POINT('',(3.334937809762,-0.685759097616,
    1.930661594627));
#1408 = CARTESIAN_POINT('',(3.314722912657,-0.734562176367,
    1.930661594627));
#1409 = CARTESIAN_POINT('',(3.294666336973,-0.782983033399,
    1.930661594627));
#1410 = CARTESIAN_POINT('',(3.274768082708,-0.831021668713,
    1.930661594627));
#1411 = CARTESIAN_POINT('',(3.255028149863,-0.878678082306,
    1.930661594627));
#1412 = CARTESIAN_POINT('',(2.775863819411,-2.03548310749,1.930661594627
    ));
#1413 = CARTESIAN_POINT('',(1.704091980563,-2.912929929979,
    1.930661579303));
#1414 = CARTESIAN_POINT('',(0.134360577617,-3.15228097909,1.930661626176
    ));
#1415 = CARTESIAN_POINT('',(-1.395396108631,-2.426388868523,
    1.930661560267));
#1416 = CARTESIAN_POINT('',(-2.473728053045,-1.026234168191,
    1.930661609113));
#1417 = CARTESIAN_POINT('',(-2.473728053056,1.026234168191,
    1.930661609123));
#1418 = CARTESIAN_POINT('',(-1.395396108622,2.426388868523,1.93066156026
    ));
#1419 = CARTESIAN_POINT('',(0.134360577613,3.15228097909,1.93066162618)
  );
#1420 = CARTESIAN_POINT('',(1.704091980565,2.912929929979,1.930661579301
    ));
#1421 = CARTESIAN_POINT('',(2.775863819411,2.03548310749,1.930661594627)
  );
#1422 = CARTESIAN_POINT('',(3.255028149863,0.878678082306,1.930661594627
    ));
#1423 = CARTESIAN_POINT('',(3.274768082708,0.831021668713,1.930661594627
    ));
#1424 = CARTESIAN_POINT('',(3.294666336973,0.782983033399,1.930661594627
    ));
#1425 = CARTESIAN_POINT('',(3.314722912657,0.734562176367,1.930661594627
    ));
#1426 = CARTESIAN_POINT('',(3.334937809762,0.685759097616,1.930661594627
    ));
#1427 = CARTESIAN_POINT('',(3.355311028286,0.636573797145,1.930661594627
    ));
#1428 = CARTESIAN_POINT('',(3.37584256823,0.587006274955,1.930661594627)
  );
#1429 = CARTESIAN_POINT('',(3.396532429594,0.537056531046,1.930661594627
    ));
#1430 = CARTESIAN_POINT('',(3.417380612378,0.486724565418,1.930661594627
    ));
#1431 = CARTESIAN_POINT('',(3.438387116582,0.436010378071,1.930661594627
    ));
#1432 = CARTESIAN_POINT('',(3.459551942206,0.384913969004,1.930661594627
    ));
#1433 = CARTESIAN_POINT('',(3.533804235046,-0.415670275735,
    2.017037309501));
#1434 = CARTESIAN_POINT('',(3.513289829604,-0.465196431576,
    2.017037309501));
#1435 = CARTESIAN_POINT('',(3.492803661547,-0.514654416342,
    2.017037309501));
#1436 = CARTESIAN_POINT('',(3.472345730872,-0.564044230035,
    2.017037309501));
#1437 = CARTESIAN_POINT('',(3.451916037581,-0.613365872653,
    2.017037309501));
#1438 = CARTESIAN_POINT('',(3.431514581673,-0.662619344198,
    2.017037309501));
#1439 = CARTESIAN_POINT('',(3.411141363149,-0.711804644669,
    2.017037309501));
#1440 = CARTESIAN_POINT('',(3.390796382008,-0.760921774065,
    2.017037309501));
#1441 = CARTESIAN_POINT('',(3.37047963825,-0.809970732388,2.017037309501
    ));
#1442 = CARTESIAN_POINT('',(3.350191131876,-0.858951519637,
    2.017037309501));
#1443 = CARTESIAN_POINT('',(3.329930862886,-0.907864135812,
    2.017037309501));
#1444 = CARTESIAN_POINT('',(2.834850674205,-2.103093441788,
    2.017037309501));
#1445 = CARTESIAN_POINT('',(1.727586214542,-3.009448936944,
    2.017037314315));
#1446 = CARTESIAN_POINT('',(0.105855341319,-3.257463206685,2.01703729959
    ));
#1447 = CARTESIAN_POINT('',(-1.475741895236,-2.506761759151,
    2.017037320295));
#1448 = CARTESIAN_POINT('',(-2.588652975413,-1.05985863781,
    2.017037304949));
#1449 = CARTESIAN_POINT('',(-2.58865297541,1.059858637805,2.017037304949
    ));
#1450 = CARTESIAN_POINT('',(-1.475741895234,2.506761759161,
    2.017037320295));
#1451 = CARTESIAN_POINT('',(0.105855341315,3.257463206678,2.01703729959)
  );
#1452 = CARTESIAN_POINT('',(1.727586214545,3.009448936946,2.017037314315
    ));
#1453 = CARTESIAN_POINT('',(2.834850674204,2.103093441787,2.017037309501
    ));
#1454 = CARTESIAN_POINT('',(3.329930862886,0.907864135812,2.017037309501
    ));
#1455 = CARTESIAN_POINT('',(3.350191131876,0.858951519637,2.017037309501
    ));
#1456 = CARTESIAN_POINT('',(3.370479638251,0.809970732388,2.017037309501
    ));
#1457 = CARTESIAN_POINT('',(3.390796382008,0.760921774065,2.017037309501
    ));
#1458 = CARTESIAN_POINT('',(3.411141363149,0.711804644669,2.017037309501
    ));
#1459 = CARTESIAN_POINT('',(3.431514581674,0.662619344198,2.017037309501
    ));
#1460 = CARTESIAN_POINT('',(3.451916037581,0.613365872653,2.017037309501
    ));
#1461 = CARTESIAN_POINT('',(3.472345730872,0.564044230035,2.017037309501
    ));
#1462 = CARTESIAN_POINT('',(3.492803661547,0.514654416342,2.017037309501
    ));
#1463 = CARTESIAN_POINT('',(3.513289829605,0.465196431576,2.017037309501
    ));
#1464 = CARTESIAN_POINT('',(3.533804235046,0.415670275736,2.017037309501
    ));
#1465 = CARTESIAN_POINT('',(3.533804235046,-0.415670275735,
    2.135020857149));
#1466 = CARTESIAN_POINT('',(3.513289829604,-0.465196431576,
    2.135020857149));
#1467 = CARTESIAN_POINT('',(3.492803661547,-0.514654416342,
    2.135020857149));
#1468 = CARTESIAN_POINT('',(3.472345730872,-0.564044230035,
    2.135020857149));
#1469 = CARTESIAN_POINT('',(3.451916037581,-0.613365872653,
    2.135020857149));
#1470 = CARTESIAN_POINT('',(3.431514581673,-0.662619344198,
    2.135020857149));
#1471 = CARTESIAN_POINT('',(3.411141363149,-0.711804644669,
    2.135020857149));
#1472 = CARTESIAN_POINT('',(3.390796382008,-0.760921774065,
    2.135020857149));
#1473 = CARTESIAN_POINT('',(3.370479638251,-0.809970732388,
    2.135020857149));
#1474 = CARTESIAN_POINT('',(3.350191131876,-0.858951519637,
    2.135020857149));
#1475 = CARTESIAN_POINT('',(3.329930862886,-0.907864135812,
    2.135020857149));
#1476 = CARTESIAN_POINT('',(2.834850674205,-2.103093441788,
    2.135020857149));
#1477 = CARTESIAN_POINT('',(1.727586252495,-3.009448724487,
    2.135020937091));
#1478 = CARTESIAN_POINT('',(0.10585501195,-3.257464103805,2.135020692567
    ));
#1479 = CARTESIAN_POINT('',(-1.475741298782,-2.5067600004,2.135021036405
    ));
#1480 = CARTESIAN_POINT('',(-2.588653308495,-1.059860959899,
    2.135020781556));
#1481 = CARTESIAN_POINT('',(-2.588653308509,1.059860959899,
    2.135020781567));
#1482 = CARTESIAN_POINT('',(-1.475741298771,2.5067600004,2.135021036396)
  );
#1483 = CARTESIAN_POINT('',(0.105855011945,3.257464103806,2.135020692572
    ));
#1484 = CARTESIAN_POINT('',(1.727586252497,3.009448724487,2.135020937089
    ));
#1485 = CARTESIAN_POINT('',(2.834850674204,2.103093441788,2.135020857149
    ));
#1486 = CARTESIAN_POINT('',(3.329930862886,0.907864135812,2.135020857149
    ));
#1487 = CARTESIAN_POINT('',(3.350191131876,0.858951519637,2.135020857149
    ));
#1488 = CARTESIAN_POINT('',(3.370479638251,0.809970732388,2.135020857149
    ));
#1489 = CARTESIAN_POINT('',(3.390796382008,0.760921774065,2.135020857149
    ));
#1490 = CARTESIAN_POINT('',(3.411141363149,0.711804644669,2.135020857149
    ));
#1491 = CARTESIAN_POINT('',(3.431514581673,0.662619344198,2.135020857149
    ));
#1492 = CARTESIAN_POINT('',(3.451916037581,0.613365872653,2.135020857149
    ));
#1493 = CARTESIAN_POINT('',(3.472345730872,0.564044230035,2.135020857149
    ));
#1494 = CARTESIAN_POINT('',(3.492803661547,0.514654416342,2.135020857149
    ));
#1495 = CARTESIAN_POINT('',(3.513289829605,0.465196431576,2.135020857149
    ));
#1496 = CARTESIAN_POINT('',(3.533804235046,0.415670275736,2.135020857149
    ));
#1497 = ADVANCED_FACE('',(#1498),#1534,.T.);
#1498 = FACE_BOUND('',#1499,.T.);
#1499 = EDGE_LOOP('',(#1500,#1501,#1502,#1521));
#1500 = ORIENTED_EDGE('',*,*,#1217,.F.);
#1501 = ORIENTED_EDGE('',*,*,#1387,.T.);
#1502 = ORIENTED_EDGE('',*,*,#1503,.T.);
#1503 = EDGE_CURVE('',#1351,#1504,#1506,.T.);
#1504 = VERTEX_POINT('',#1505);
#1505 = CARTESIAN_POINT('',(3.487468271461,0.25,2.135020857149));
#1506 = B_SPLINE_CURVE_WITH_KNOTS('',5,(#1507,#1508,#1509,#1510,#1511,
    #1512,#1513,#1514,#1515,#1516,#1517,#1518,#1519,#1520),
  .UNSPECIFIED.,.F.,.F.,(6,4,4,6),(-0.119413470026,-1.353371911203E-07,
    1.96349554383,2.08290869425),.UNSPECIFIED.);
#1507 = CARTESIAN_POINT('',(3.264001325546,1.067032118743,2.135020857149
    ));
#1508 = CARTESIAN_POINT('',(3.273140829292,1.0449674049,2.135020857149)
  );
#1509 = CARTESIAN_POINT('',(3.282280331654,1.0229026944,2.135020857149)
  );
#1510 = CARTESIAN_POINT('',(3.291419832631,1.000837987243,2.135020857149
    ));
#1511 = CARTESIAN_POINT('',(3.300559332224,0.978773283428,2.135020857149
    ));
#1512 = CARTESIAN_POINT('',(3.45997823841,0.593901998977,2.135020857149)
  );
#1513 = CARTESIAN_POINT('',(3.539038746156,0.201591257513,2.135020857149
    ));
#1514 = CARTESIAN_POINT('',(3.539039291386,-0.201589955698,
    2.135020857149));
#1515 = CARTESIAN_POINT('',(3.45997851584,-0.593901329202,2.135020857149
    ));
#1516 = CARTESIAN_POINT('',(3.300559329455,-0.978773290113,
    2.135020857149));
#1517 = CARTESIAN_POINT('',(3.291419828478,-1.00083799727,2.135020857149
    ));
#1518 = CARTESIAN_POINT('',(3.2822803275,-1.022902704428,2.135020857149)
  );
#1519 = CARTESIAN_POINT('',(3.273140826523,-1.044967411585,
    2.135020857149));
#1520 = CARTESIAN_POINT('',(3.264001325546,-1.067032118743,
    2.135020857149));
#1521 = ORIENTED_EDGE('',*,*,#1522,.T.);
#1522 = EDGE_CURVE('',#1504,#1218,#1523,.T.);
#1523 = B_SPLINE_CURVE_WITH_KNOTS('',5,(#1524,#1525,#1526,#1527,#1528,
    #1529,#1530,#1531,#1532,#1533),.UNSPECIFIED.,.F.,.F.,(6,4,6),(0.,
    0.48758179705,1.),.UNSPECIFIED.);
#1524 = CARTESIAN_POINT('',(3.487468271461,0.25,2.135020857149));
#1525 = CARTESIAN_POINT('',(3.487468270657,0.25,2.113553317448));
#1526 = CARTESIAN_POINT('',(3.485538793119,0.25,2.091758528998));
#1527 = CARTESIAN_POINT('',(3.481559474663,0.25,2.069958867169));
#1528 = CARTESIAN_POINT('',(3.475526468276,0.25,2.048540658581));
#1529 = CARTESIAN_POINT('',(3.459209148069,0.25,2.006097182303));
#1530 = CARTESIAN_POINT('',(3.448723867052,0.25,1.985147071589));
#1531 = CARTESIAN_POINT('',(3.436260723432,0.25,1.965395047985));
#1532 = CARTESIAN_POINT('',(3.422126648559,0.25,1.947173883242));
#1533 = CARTESIAN_POINT('',(3.40667978278,0.25,1.930661594627));
#1534 = ( BOUNDED_SURFACE() B_SPLINE_SURFACE(2,5,(
    (#1535,#1536,#1537,#1538,#1539,#1540,#1541,#1542,#1543,#1544,#1545
      ,#1546,#1547,#1548)
    ,(#1549,#1550,#1551,#1552,#1553,#1554,#1555,#1556,#1557,#1558,#1559
      ,#1560,#1561,#1562)
    ,(#1563,#1564,#1565,#1566,#1567,#1568,#1569,#1570,#1571,#1572,#1573
      ,#1574,#1575,#1576
)),.UNSPECIFIED.,.F.,.F.,.F.) B_SPLINE_SURFACE_WITH_KNOTS((3,3),(6,4,4,6
    ),(0.,1.963495679168),(-0.119413470026,-1.353371911203E-07,
    1.96349554383,2.08290869425),.UNSPECIFIED.) 
GEOMETRIC_REPRESENTATION_ITEM() RATIONAL_B_SPLINE_SURFACE((
    (1.,1.,1.,1.,1.,1.,1.,1.,1.,1.,1.,1.,1.,1.)
    ,(0.93061798229,0.93061798229,0.93061798229,0.93061798229
      ,0.93061798229,0.93061798229,0.93061798229,0.93061798229
      ,0.93061798229,0.93061798229,0.93061798229,0.93061798229
      ,0.93061798229,0.93061798229)
,(1.,1.,1.,1.,1.,1.,1.,1.,1.,1.,1.,1.,1.,1.
))) REPRESENTATION_ITEM('') SURFACE() );
#1535 = CARTESIAN_POINT('',(3.189749034566,1.036275808073,1.930661594627
    ));
#1536 = CARTESIAN_POINT('',(3.199182355483,1.013501756721,1.930661594627
    ));
#1537 = CARTESIAN_POINT('',(3.20846876641,0.991082377458,1.930661594627)
  );
#1538 = CARTESIAN_POINT('',(3.217608267348,0.969017670284,1.930661594627
    ));
#1539 = CARTESIAN_POINT('',(3.226600858298,0.9473076352,1.930661594627)
  );
#1540 = CARTESIAN_POINT('',(3.380894753976,0.574809218729,1.930661594627
    ));
#1541 = CARTESIAN_POINT('',(3.457413628123,0.195110560338,1.930661594627
    ));
#1542 = CARTESIAN_POINT('',(3.457414134116,-0.1951093668,1.930661594627)
  );
#1543 = CARTESIAN_POINT('',(3.380895040325,-0.574808527422,
    1.930661594627));
#1544 = CARTESIAN_POINT('',(3.226600854533,-0.947307644289,
    1.930661594627));
#1545 = CARTESIAN_POINT('',(3.217608261701,-0.969017683918,
    1.930661594627));
#1546 = CARTESIAN_POINT('',(3.208468760763,-0.991082391091,
    1.930661594627));
#1547 = CARTESIAN_POINT('',(3.199182351718,-1.01350176581,1.930661594627
    ));
#1548 = CARTESIAN_POINT('',(3.189749034566,-1.036275808073,
    1.930661594627));
#1549 = CARTESIAN_POINT('',(3.264001325546,1.067032118743,2.017037309501
    ));
#1550 = CARTESIAN_POINT('',(3.273140829292,1.0449674049,2.017037309501)
  );
#1551 = CARTESIAN_POINT('',(3.282280331654,1.0229026944,2.017037309501)
  );
#1552 = CARTESIAN_POINT('',(3.291419832631,1.000837987243,2.017037309501
    ));
#1553 = CARTESIAN_POINT('',(3.300559332224,0.978773283428,2.017037309501
    ));
#1554 = CARTESIAN_POINT('',(3.45997823841,0.593901998977,2.017037309501)
  );
#1555 = CARTESIAN_POINT('',(3.539038746156,0.201591257513,2.017037309501
    ));
#1556 = CARTESIAN_POINT('',(3.539039291386,-0.201589955698,
    2.017037309501));
#1557 = CARTESIAN_POINT('',(3.45997851584,-0.593901329202,2.017037309501
    ));
#1558 = CARTESIAN_POINT('',(3.300559329455,-0.978773290113,
    2.017037309501));
#1559 = CARTESIAN_POINT('',(3.291419828478,-1.00083799727,2.017037309501
    ));
#1560 = CARTESIAN_POINT('',(3.2822803275,-1.022902704428,2.017037309501)
  );
#1561 = CARTESIAN_POINT('',(3.273140826523,-1.044967411585,
    2.017037309501));
#1562 = CARTESIAN_POINT('',(3.264001325546,-1.067032118743,
    2.017037309501));
#1563 = CARTESIAN_POINT('',(3.264001325546,1.067032118743,2.135020857149
    ));
#1564 = CARTESIAN_POINT('',(3.273140829292,1.0449674049,2.135020857149)
  );
#1565 = CARTESIAN_POINT('',(3.282280331654,1.0229026944,2.135020857149)
  );
#1566 = CARTESIAN_POINT('',(3.291419832631,1.000837987243,2.135020857149
    ));
#1567 = CARTESIAN_POINT('',(3.300559332224,0.978773283428,2.135020857149
    ));
#1568 = CARTESIAN_POINT('',(3.45997823841,0.593901998977,2.135020857149)
  );
#1569 = CARTESIAN_POINT('',(3.539038746156,0.201591257513,2.135020857149
    ));
#1570 = CARTESIAN_POINT('',(3.539039291386,-0.201589955698,
    2.135020857149));
#1571 = CARTESIAN_POINT('',(3.45997851584,-0.593901329202,2.135020857149
    ));
#1572 = CARTESIAN_POINT('',(3.300559329455,-0.978773290113,
    2.135020857149));
#1573 = CARTESIAN_POINT('',(3.291419828478,-1.00083799727,2.135020857149
    ));
#1574 = CARTESIAN_POINT('',(3.2822803275,-1.022902704428,2.135020857149)
  );
#1575 = CARTESIAN_POINT('',(3.273140826523,-1.044967411585,
    2.135020857149));
#1576 = CARTESIAN_POINT('',(3.264001325546,-1.067032118743,
    2.135020857149));
#1577 = ADVANCED_FACE('',(#1578),#1602,.F.);
#1578 = FACE_BOUND('',#1579,.F.);
#1579 = EDGE_LOOP('',(#1580,#1597,#1598,#1599,#1600,#1601));
#1580 = ORIENTED_EDGE('',*,*,#1581,.F.);
#1581 = EDGE_CURVE('',#1218,#1240,#1582,.T.);
#1582 = B_SPLINE_CURVE_WITH_KNOTS('',5,(#1583,#1584,#1585,#1586,#1587,
    #1588,#1589,#1590,#1591,#1592,#1593,#1594,#1595,#1596),
  .UNSPECIFIED.,.F.,.F.,(6,4,4,6),(-0.119413470026,-1.353371911203E-07,
    1.96349554383,2.08290869425),.UNSPECIFIED.);
#1583 = CARTESIAN_POINT('',(3.189749034566,1.036275808073,1.930661594627
    ));
#1584 = CARTESIAN_POINT('',(3.199182355483,1.013501756721,1.930661594627
    ));
#1585 = CARTESIAN_POINT('',(3.20846876641,0.991082377458,1.930661594627)
  );
#1586 = CARTESIAN_POINT('',(3.217608267348,0.969017670284,1.930661594627
    ));
#1587 = CARTESIAN_POINT('',(3.226600858298,0.9473076352,1.930661594627)
  );
#1588 = CARTESIAN_POINT('',(3.380894753976,0.574809218729,1.930661594627
    ));
#1589 = CARTESIAN_POINT('',(3.457413628123,0.195110560338,1.930661594627
    ));
#1590 = CARTESIAN_POINT('',(3.457414134116,-0.1951093668,1.930661594627)
  );
#1591 = CARTESIAN_POINT('',(3.380895040325,-0.574808527422,
    1.930661594627));
#1592 = CARTESIAN_POINT('',(3.226600854533,-0.947307644289,
    1.930661594627));
#1593 = CARTESIAN_POINT('',(3.217608261701,-0.969017683918,
    1.930661594627));
#1594 = CARTESIAN_POINT('',(3.208468760763,-0.991082391091,
    1.930661594627));
#1595 = CARTESIAN_POINT('',(3.199182351718,-1.01350176581,1.930661594627
    ));
#1596 = CARTESIAN_POINT('',(3.189749034566,-1.036275808073,
    1.930661594627));
#1597 = ORIENTED_EDGE('',*,*,#1314,.F.);
#1598 = ORIENTED_EDGE('',*,*,#1295,.F.);
#1599 = ORIENTED_EDGE('',*,*,#1288,.F.);
#1600 = ORIENTED_EDGE('',*,*,#1269,.F.);
#1601 = ORIENTED_EDGE('',*,*,#1258,.T.);
#1602 = SURFACE_OF_REVOLUTION('',#1603,#1608);
#1603 = CIRCLE('',#1604,0.485412195974);
#1604 = AXIS2_PLACEMENT_3D('',#1605,#1606,#1607);
#1605 = CARTESIAN_POINT('',(3.563765702719,1.061946524813,1.6));
#1606 = DIRECTION('',(-0.382683432365,0.923879532511,0.));
#1607 = DIRECTION('',(-0.523404384043,-0.216801194476,-0.824041924199));
#1608 = AXIS1_PLACEMENT('',#1609,#1610);
#1609 = CARTESIAN_POINT('',(1.,0.,0.));
#1610 = DIRECTION('',(0.,0.,-1.));
#1611 = ADVANCED_FACE('',(#1612),#1648,.T.);
#1612 = FACE_BOUND('',#1613,.T.);
#1613 = EDGE_LOOP('',(#1614,#1615,#1630,#1647));
#1614 = ORIENTED_EDGE('',*,*,#1239,.F.);
#1615 = ORIENTED_EDGE('',*,*,#1616,.F.);
#1616 = EDGE_CURVE('',#1617,#1240,#1619,.T.);
#1617 = VERTEX_POINT('',#1618);
#1618 = CARTESIAN_POINT('',(3.487468315832,-0.25,2.135020857149));
#1619 = B_SPLINE_CURVE_WITH_KNOTS('',5,(#1620,#1621,#1622,#1623,#1624,
    #1625,#1626,#1627,#1628,#1629),.UNSPECIFIED.,.F.,.F.,(6,4,6),(0.,
    0.487581797268,1.),.UNSPECIFIED.);
#1620 = CARTESIAN_POINT('',(3.487468315832,-0.25,2.135020857149));
#1621 = CARTESIAN_POINT('',(3.487468315028,-0.25,2.113553317453));
#1622 = CARTESIAN_POINT('',(3.485538837558,-0.25,2.091758529008));
#1623 = CARTESIAN_POINT('',(3.48155951924,-0.25,2.069958867183));
#1624 = CARTESIAN_POINT('',(3.475526513064,-0.25,2.048540658594));
#1625 = CARTESIAN_POINT('',(3.45920919343,-0.25,2.006097182322));
#1626 = CARTESIAN_POINT('',(3.448723912786,-0.25,1.985147071614));
#1627 = CARTESIAN_POINT('',(3.436260769607,-0.25,1.965395048007));
#1628 = CARTESIAN_POINT('',(3.422126695234,-0.25,1.947173883255));
#1629 = CARTESIAN_POINT('',(3.406679829997,-0.25,1.930661594627));
#1630 = ORIENTED_EDGE('',*,*,#1631,.T.);
#1631 = EDGE_CURVE('',#1617,#1336,#1632,.T.);
#1632 = B_SPLINE_CURVE_WITH_KNOTS('',5,(#1633,#1634,#1635,#1636,#1637,
    #1638,#1639,#1640,#1641,#1642,#1643,#1644,#1645,#1646),
  .UNSPECIFIED.,.F.,.F.,(6,4,4,6),(-0.119413470026,-1.353371911203E-07,
    1.96349554383,2.08290869425),.UNSPECIFIED.);
#1633 = CARTESIAN_POINT('',(3.264001325546,1.067032118743,2.135020857149
    ));
#1634 = CARTESIAN_POINT('',(3.273140829292,1.0449674049,2.135020857149)
  );
#1635 = CARTESIAN_POINT('',(3.282280331654,1.0229026944,2.135020857149)
  );
#1636 = CARTESIAN_POINT('',(3.291419832631,1.000837987243,2.135020857149
    ));
#1637 = CARTESIAN_POINT('',(3.300559332224,0.978773283428,2.135020857149
    ));
#1638 = CARTESIAN_POINT('',(3.45997823841,0.593901998977,2.135020857149)
  );
#1639 = CARTESIAN_POINT('',(3.539038746156,0.201591257513,2.135020857149
    ));
#1640 = CARTESIAN_POINT('',(3.539039291386,-0.201589955698,
    2.135020857149));
#1641 = CARTESIAN_POINT('',(3.45997851584,-0.593901329202,2.135020857149
    ));
#1642 = CARTESIAN_POINT('',(3.300559329455,-0.978773290113,
    2.135020857149));
#1643 = CARTESIAN_POINT('',(3.291419828478,-1.00083799727,2.135020857149
    ));
#1644 = CARTESIAN_POINT('',(3.2822803275,-1.022902704428,2.135020857149)
  );
#1645 = CARTESIAN_POINT('',(3.273140826523,-1.044967411585,
    2.135020857149));
#1646 = CARTESIAN_POINT('',(3.264001325546,-1.067032118743,
    2.135020857149));
#1647 = ORIENTED_EDGE('',*,*,#1335,.F.);
#1648 = ( BOUNDED_SURFACE() B_SPLINE_SURFACE(2,5,(
    (#1649,#1650,#1651,#1652,#1653,#1654,#1655,#1656,#1657,#1658,#1659
      ,#1660,#1661,#1662)
    ,(#1663,#1664,#1665,#1666,#1667,#1668,#1669,#1670,#1671,#1672,#1673
      ,#1674,#1675,#1676)
    ,(#1677,#1678,#1679,#1680,#1681,#1682,#1683,#1684,#1685,#1686,#1687
      ,#1688,#1689,#1690
)),.UNSPECIFIED.,.F.,.F.,.F.) B_SPLINE_SURFACE_WITH_KNOTS((3,3),(6,4,4,6
    ),(0.,1.963495679168),(-0.119413470026,-1.353371911203E-07,
    1.96349554383,2.08290869425),.UNSPECIFIED.) 
GEOMETRIC_REPRESENTATION_ITEM() RATIONAL_B_SPLINE_SURFACE((
    (1.,1.,1.,1.,1.,1.,1.,1.,1.,1.,1.,1.,1.,1.)
    ,(0.93061798229,0.93061798229,0.93061798229,0.93061798229
      ,0.93061798229,0.93061798229,0.93061798229,0.93061798229
      ,0.93061798229,0.93061798229,0.93061798229,0.93061798229
      ,0.93061798229,0.93061798229)
,(1.,1.,1.,1.,1.,1.,1.,1.,1.,1.,1.,1.,1.,1.
))) REPRESENTATION_ITEM('') SURFACE() );
#1649 = CARTESIAN_POINT('',(3.189749034566,1.036275808073,1.930661594627
    ));
#1650 = CARTESIAN_POINT('',(3.199182355483,1.013501756721,1.930661594627
    ));
#1651 = CARTESIAN_POINT('',(3.20846876641,0.991082377458,1.930661594627)
  );
#1652 = CARTESIAN_POINT('',(3.217608267348,0.969017670284,1.930661594627
    ));
#1653 = CARTESIAN_POINT('',(3.226600858298,0.9473076352,1.930661594627)
  );
#1654 = CARTESIAN_POINT('',(3.380894753976,0.574809218729,1.930661594627
    ));
#1655 = CARTESIAN_POINT('',(3.457413628123,0.195110560338,1.930661594627
    ));
#1656 = CARTESIAN_POINT('',(3.457414134116,-0.1951093668,1.930661594627)
  );
#1657 = CARTESIAN_POINT('',(3.380895040325,-0.574808527422,
    1.930661594627));
#1658 = CARTESIAN_POINT('',(3.226600854533,-0.947307644289,
    1.930661594627));
#1659 = CARTESIAN_POINT('',(3.217608261701,-0.969017683918,
    1.930661594627));
#1660 = CARTESIAN_POINT('',(3.208468760763,-0.991082391091,
    1.930661594627));
#1661 = CARTESIAN_POINT('',(3.199182351718,-1.01350176581,1.930661594627
    ));
#1662 = CARTESIAN_POINT('',(3.189749034566,-1.036275808073,
    1.930661594627));
#1663 = CARTESIAN_POINT('',(3.264001325546,1.067032118743,2.017037309501
    ));
#1664 = CARTESIAN_POINT('',(3.273140829292,1.0449674049,2.017037309501)
  );
#1665 = CARTESIAN_POINT('',(3.282280331654,1.0229026944,2.017037309501)
  );
#1666 = CARTESIAN_POINT('',(3.291419832631,1.000837987243,2.017037309501
    ));
#1667 = CARTESIAN_POINT('',(3.300559332224,0.978773283428,2.017037309501
    ));
#1668 = CARTESIAN_POINT('',(3.45997823841,0.593901998977,2.017037309501)
  );
#1669 = CARTESIAN_POINT('',(3.539038746156,0.201591257513,2.017037309501
    ));
#1670 = CARTESIAN_POINT('',(3.539039291386,-0.201589955698,
    2.017037309501));
#1671 = CARTESIAN_POINT('',(3.45997851584,-0.593901329202,2.017037309501
    ));
#1672 = CARTESIAN_POINT('',(3.300559329455,-0.978773290113,
    2.017037309501));
#1673 = CARTESIAN_POINT('',(3.291419828478,-1.00083799727,2.017037309501
    ));
#1674 = CARTESIAN_POINT('',(3.2822803275,-1.022902704428,2.017037309501)
  );
#1675 = CARTESIAN_POINT('',(3.273140826523,-1.044967411585,
    2.017037309501));
#1676 = CARTESIAN_POINT('',(3.264001325546,-1.067032118743,
    2.017037309501));
#1677 = CARTESIAN_POINT('',(3.264001325546,1.067032118743,2.135020857149
    ));
#1678 = CARTESIAN_POINT('',(3.273140829292,1.0449674049,2.135020857149)
  );
#1679 = CARTESIAN_POINT('',(3.282280331654,1.0229026944,2.135020857149)
  );
#1680 = CARTESIAN_POINT('',(3.291419832631,1.000837987243,2.135020857149
    ));
#1681 = CARTESIAN_POINT('',(3.300559332224,0.978773283428,2.135020857149
    ));
#1682 = CARTESIAN_POINT('',(3.45997823841,0.593901998977,2.135020857149)
  );
#1683 = CARTESIAN_POINT('',(3.539038746156,0.201591257513,2.135020857149
    ));
#1684 = CARTESIAN_POINT('',(3.539039291386,-0.201589955698,
    2.135020857149));
#1685 = CARTESIAN_POINT('',(3.45997851584,-0.593901329202,2.135020857149
    ));
#1686 = CARTESIAN_POINT('',(3.300559329455,-0.978773290113,
    2.135020857149));
#1687 = CARTESIAN_POINT('',(3.291419828478,-1.00083799727,2.135020857149
    ));
#1688 = CARTESIAN_POINT('',(3.2822803275,-1.022902704428,2.135020857149)
  );
#1689 = CARTESIAN_POINT('',(3.273140826523,-1.044967411585,
    2.135020857149));
#1690 = CARTESIAN_POINT('',(3.264001325546,-1.067032118743,
    2.135020857149));
#1691 = ADVANCED_FACE('',(#1692),#1718,.T.);
#1692 = FACE_BOUND('',#1693,.T.);
#1693 = EDGE_LOOP('',(#1694,#1705,#1711,#1712));
#1694 = ORIENTED_EDGE('',*,*,#1695,.T.);
#1695 = EDGE_CURVE('',#1696,#1698,#1700,.T.);
#1696 = VERTEX_POINT('',#1697);
#1697 = CARTESIAN_POINT('',(3.309698831278,-0.956708580913,4.8));
#1698 = VERTEX_POINT('',#1699);
#1699 = CARTESIAN_POINT('',(3.309698831278,0.956708580913,4.8));
#1700 = CIRCLE('',#1701,2.5);
#1701 = AXIS2_PLACEMENT_3D('',#1702,#1703,#1704);
#1702 = CARTESIAN_POINT('',(1.,0.,4.8));
#1703 = DIRECTION('',(0.,-0.,-1.));
#1704 = DIRECTION('',(0.923879532511,-0.382683432365,0.));
#1705 = ORIENTED_EDGE('',*,*,#1706,.F.);
#1706 = EDGE_CURVE('',#1351,#1698,#1707,.T.);
#1707 = LINE('',#1708,#1709);
#1708 = CARTESIAN_POINT('',(3.309698831278,0.956708580913,2.));
#1709 = VECTOR('',#1710,1.);
#1710 = DIRECTION('',(0.,0.,1.));
#1711 = ORIENTED_EDGE('',*,*,#1350,.F.);
#1712 = ORIENTED_EDGE('',*,*,#1713,.T.);
#1713 = EDGE_CURVE('',#1336,#1696,#1714,.T.);
#1714 = LINE('',#1715,#1716);
#1715 = CARTESIAN_POINT('',(3.309698831278,-0.956708580913,2.));
#1716 = VECTOR('',#1717,1.);
#1717 = DIRECTION('',(0.,0.,1.));
#1718 = CYLINDRICAL_SURFACE('',#1719,2.5);
#1719 = AXIS2_PLACEMENT_3D('',#1720,#1721,#1722);
#1720 = CARTESIAN_POINT('',(1.,0.,2.));
#1721 = DIRECTION('',(0.,0.,1.));
#1722 = DIRECTION('',(0.923879532511,-0.382683432365,0.));
#1723 = ADVANCED_FACE('',(#1724),#1746,.T.);
#1724 = FACE_BOUND('',#1725,.T.);
#1725 = EDGE_LOOP('',(#1726,#1727,#1728,#1745));
#1726 = ORIENTED_EDGE('',*,*,#1581,.F.);
#1727 = ORIENTED_EDGE('',*,*,#1522,.F.);
#1728 = ORIENTED_EDGE('',*,*,#1729,.T.);
#1729 = EDGE_CURVE('',#1504,#1617,#1730,.T.);
#1730 = B_SPLINE_CURVE_WITH_KNOTS('',5,(#1731,#1732,#1733,#1734,#1735,
    #1736,#1737,#1738,#1739,#1740,#1741,#1742,#1743,#1744),
  .UNSPECIFIED.,.F.,.F.,(6,4,4,6),(-0.119413470026,-1.353371911203E-07,
    1.96349554383,2.08290869425),.UNSPECIFIED.);
#1731 = CARTESIAN_POINT('',(3.264001325546,1.067032118743,2.135020857149
    ));
#1732 = CARTESIAN_POINT('',(3.273140829292,1.0449674049,2.135020857149)
  );
#1733 = CARTESIAN_POINT('',(3.282280331654,1.0229026944,2.135020857149)
  );
#1734 = CARTESIAN_POINT('',(3.291419832631,1.000837987243,2.135020857149
    ));
#1735 = CARTESIAN_POINT('',(3.300559332224,0.978773283428,2.135020857149
    ));
#1736 = CARTESIAN_POINT('',(3.45997823841,0.593901998977,2.135020857149)
  );
#1737 = CARTESIAN_POINT('',(3.539038746156,0.201591257513,2.135020857149
    ));
#1738 = CARTESIAN_POINT('',(3.539039291386,-0.201589955698,
    2.135020857149));
#1739 = CARTESIAN_POINT('',(3.45997851584,-0.593901329202,2.135020857149
    ));
#1740 = CARTESIAN_POINT('',(3.300559329455,-0.978773290113,
    2.135020857149));
#1741 = CARTESIAN_POINT('',(3.291419828478,-1.00083799727,2.135020857149
    ));
#1742 = CARTESIAN_POINT('',(3.2822803275,-1.022902704428,2.135020857149)
  );
#1743 = CARTESIAN_POINT('',(3.273140826523,-1.044967411585,
    2.135020857149));
#1744 = CARTESIAN_POINT('',(3.264001325546,-1.067032118743,
    2.135020857149));
#1745 = ORIENTED_EDGE('',*,*,#1616,.T.);
#1746 = ( BOUNDED_SURFACE() B_SPLINE_SURFACE(2,5,(
    (#1747,#1748,#1749,#1750,#1751,#1752,#1753,#1754,#1755,#1756,#1757
      ,#1758,#1759,#1760)
    ,(#1761,#1762,#1763,#1764,#1765,#1766,#1767,#1768,#1769,#1770,#1771
      ,#1772,#1773,#1774)
    ,(#1775,#1776,#1777,#1778,#1779,#1780,#1781,#1782,#1783,#1784,#1785
      ,#1786,#1787,#1788
)),.UNSPECIFIED.,.F.,.F.,.F.) B_SPLINE_SURFACE_WITH_KNOTS((3,3),(6,4,4,6
    ),(0.,1.963495679168),(-0.119413470026,-1.353371911203E-07,
    1.96349554383,2.08290869425),.UNSPECIFIED.) 
GEOMETRIC_REPRESENTATION_ITEM() RATIONAL_B_SPLINE_SURFACE((
    (1.,1.,1.,1.,1.,1.,1.,1.,1.,1.,1.,1.,1.,1.)
    ,(0.93061798229,0.93061798229,0.93061798229,0.93061798229
      ,0.93061798229,0.93061798229,0.93061798229,0.93061798229
      ,0.93061798229,0.93061798229,0.93061798229,0.93061798229
      ,0.93061798229,0.93061798229)
,(1.,1.,1.,1.,1.,1.,1.,1.,1.,1.,1.,1.,1.,1.
))) REPRESENTATION_ITEM('') SURFACE() );
#1747 = CARTESIAN_POINT('',(3.189749034566,1.036275808073,1.930661594627
    ));
#1748 = CARTESIAN_POINT('',(3.199182355483,1.013501756721,1.930661594627
    ));
#1749 = CARTESIAN_POINT('',(3.20846876641,0.991082377458,1.930661594627)
  );
#1750 = CARTESIAN_POINT('',(3.217608267348,0.969017670284,1.930661594627
    ));
#1751 = CARTESIAN_POINT('',(3.226600858298,0.9473076352,1.930661594627)
  );
#1752 = CARTESIAN_POINT('',(3.380894753976,0.574809218729,1.930661594627
    ));
#1753 = CARTESIAN_POINT('',(3.457413628123,0.195110560338,1.930661594627
    ));
#1754 = CARTESIAN_POINT('',(3.457414134116,-0.1951093668,1.930661594627)
  );
#1755 = CARTESIAN_POINT('',(3.380895040325,-0.574808527422,
    1.930661594627));
#1756 = CARTESIAN_POINT('',(3.226600854533,-0.947307644289,
    1.930661594627));
#1757 = CARTESIAN_POINT('',(3.217608261701,-0.969017683918,
    1.930661594627));
#1758 = CARTESIAN_POINT('',(3.208468760763,-0.991082391091,
    1.930661594627));
#1759 = CARTESIAN_POINT('',(3.199182351718,-1.01350176581,1.930661594627
    ));
#1760 = CARTESIAN_POINT('',(3.189749034566,-1.036275808073,
    1.930661594627));
#1761 = CARTESIAN_POINT('',(3.264001325546,1.067032118743,2.017037309501
    ));
#1762 = CARTESIAN_POINT('',(3.273140829292,1.0449674049,2.017037309501)
  );
#1763 = CARTESIAN_POINT('',(3.282280331654,1.0229026944,2.017037309501)
  );
#1764 = CARTESIAN_POINT('',(3.291419832631,1.000837987243,2.017037309501
    ));
#1765 = CARTESIAN_POINT('',(3.300559332224,0.978773283428,2.017037309501
    ));
#1766 = CARTESIAN_POINT('',(3.45997823841,0.593901998977,2.017037309501)
  );
#1767 = CARTESIAN_POINT('',(3.539038746156,0.201591257513,2.017037309501
    ));
#1768 = CARTESIAN_POINT('',(3.539039291386,-0.201589955698,
    2.017037309501));
#1769 = CARTESIAN_POINT('',(3.45997851584,-0.593901329202,2.017037309501
    ));
#1770 = CARTESIAN_POINT('',(3.300559329455,-0.978773290113,
    2.017037309501));
#1771 = CARTESIAN_POINT('',(3.291419828478,-1.00083799727,2.017037309501
    ));
#1772 = CARTESIAN_POINT('',(3.2822803275,-1.022902704428,2.017037309501)
  );
#1773 = CARTESIAN_POINT('',(3.273140826523,-1.044967411585,
    2.017037309501));
#1774 = CARTESIAN_POINT('',(3.264001325546,-1.067032118743,
    2.017037309501));
#1775 = CARTESIAN_POINT('',(3.264001325546,1.067032118743,2.135020857149
    ));
#1776 = CARTESIAN_POINT('',(3.273140829292,1.0449674049,2.135020857149)
  );
#1777 = CARTESIAN_POINT('',(3.282280331654,1.0229026944,2.135020857149)
  );
#1778 = CARTESIAN_POINT('',(3.291419832631,1.000837987243,2.135020857149
    ));
#1779 = CARTESIAN_POINT('',(3.300559332224,0.978773283428,2.135020857149
    ));
#1780 = CARTESIAN_POINT('',(3.45997823841,0.593901998977,2.135020857149)
  );
#1781 = CARTESIAN_POINT('',(3.539038746156,0.201591257513,2.135020857149
    ));
#1782 = CARTESIAN_POINT('',(3.539039291386,-0.201589955698,
    2.135020857149));
#1783 = CARTESIAN_POINT('',(3.45997851584,-0.593901329202,2.135020857149
    ));
#1784 = CARTESIAN_POINT('',(3.300559329455,-0.978773290113,
    2.135020857149));
#1785 = CARTESIAN_POINT('',(3.291419828478,-1.00083799727,2.135020857149
    ));
#1786 = CARTESIAN_POINT('',(3.2822803275,-1.022902704428,2.135020857149)
  );
#1787 = CARTESIAN_POINT('',(3.273140826523,-1.044967411585,
    2.135020857149));
#1788 = CARTESIAN_POINT('',(3.264001325546,-1.067032118743,
    2.135020857149));
#1789 = ADVANCED_FACE('',(#1790),#1861,.T.);
#1790 = FACE_BOUND('',#1791,.T.);
#1791 = EDGE_LOOP('',(#1792,#1799,#1800,#1801,#1809,#1823,#1832,#1846,
    #1853,#1859,#1860));
#1792 = ORIENTED_EDGE('',*,*,#1793,.T.);
#1793 = EDGE_CURVE('',#1698,#1696,#1794,.T.);
#1794 = CIRCLE('',#1795,2.5);
#1795 = AXIS2_PLACEMENT_3D('',#1796,#1797,#1798);
#1796 = CARTESIAN_POINT('',(1.,0.,4.8));
#1797 = DIRECTION('',(0.,0.,-1.));
#1798 = DIRECTION('',(0.923879532511,0.382683432365,0.));
#1799 = ORIENTED_EDGE('',*,*,#1713,.F.);
#1800 = ORIENTED_EDGE('',*,*,#1631,.F.);
#1801 = ORIENTED_EDGE('',*,*,#1802,.T.);
#1802 = EDGE_CURVE('',#1617,#1803,#1805,.T.);
#1803 = VERTEX_POINT('',#1804);
#1804 = CARTESIAN_POINT('',(3.487468592767,-0.25,3.251));
#1805 = LINE('',#1806,#1807);
#1806 = CARTESIAN_POINT('',(3.487468592767,-0.25,2.));
#1807 = VECTOR('',#1808,1.);
#1808 = DIRECTION('',(0.,0.,1.));
#1809 = ORIENTED_EDGE('',*,*,#1810,.F.);
#1810 = EDGE_CURVE('',#1811,#1803,#1813,.T.);
#1811 = VERTEX_POINT('',#1812);
#1812 = CARTESIAN_POINT('',(3.4999998,-1.E-03,3.5));
#1813 = B_SPLINE_CURVE_WITH_KNOTS('',8,(#1814,#1815,#1816,#1817,#1818,
    #1819,#1820,#1821,#1822),.UNSPECIFIED.,.F.,.F.,(9,9),(0.,1.),
  .PIECEWISE_BEZIER_KNOTS.);
#1814 = CARTESIAN_POINT('',(3.4999998,-1.E-03,3.5));
#1815 = CARTESIAN_POINT('',(3.499978617055,-5.395735907235E-02,3.5));
#1816 = CARTESIAN_POINT('',(3.498676082177,-0.104950526163,
    3.487127296357));
#1817 = CARTESIAN_POINT('',(3.496260480392,-0.151000424553,3.46305838894
    ));
#1818 = CARTESIAN_POINT('',(3.493287896111,-0.189937008149,
    3.429686411631));
#1819 = CARTESIAN_POINT('',(3.49048081622,-0.220024282271,3.389249497325
    ));
#1820 = CARTESIAN_POINT('',(3.488453332589,-0.240202972637,
    3.344185621158));
#1821 = CARTESIAN_POINT('',(3.487468592767,-0.25,3.297202715395));
#1822 = CARTESIAN_POINT('',(3.487468592767,-0.25,3.251));
#1823 = ORIENTED_EDGE('',*,*,#1824,.T.);
#1824 = EDGE_CURVE('',#1811,#1825,#1827,.T.);
#1825 = VERTEX_POINT('',#1826);
#1826 = CARTESIAN_POINT('',(3.4999998,9.999999999997E-04,3.5));
#1827 = CIRCLE('',#1828,2.5);
#1828 = AXIS2_PLACEMENT_3D('',#1829,#1830,#1831);
#1829 = CARTESIAN_POINT('',(1.,0.,3.5));
#1830 = DIRECTION('',(0.,-0.,1.));
#1831 = DIRECTION('',(0.923879532511,0.382683432365,0.));
#1832 = ORIENTED_EDGE('',*,*,#1833,.F.);
#1833 = EDGE_CURVE('',#1834,#1825,#1836,.T.);
#1834 = VERTEX_POINT('',#1835);
#1835 = CARTESIAN_POINT('',(3.487468622767,0.249999701504,3.251385552896
    ));
#1836 = B_SPLINE_CURVE_WITH_KNOTS('',8,(#1837,#1838,#1839,#1840,#1841,
    #1842,#1843,#1844,#1845),.UNSPECIFIED.,.F.,.F.,(9,9),(0.,1.),
  .PIECEWISE_BEZIER_KNOTS.);
#1837 = CARTESIAN_POINT('',(3.487468622767,0.249999701504,3.251385552896
    ));
#1838 = CARTESIAN_POINT('',(3.487475806375,0.249928225413,3.297546599758
    ));
#1839 = CARTESIAN_POINT('',(3.488466071569,0.240076163387,3.344468713965
    ));
#1840 = CARTESIAN_POINT('',(3.490495528585,0.21986657353,3.389460295011)
  );
#1841 = CARTESIAN_POINT('',(3.493300225575,0.189774954381,3.429823601109
    ));
#1842 = CARTESIAN_POINT('',(3.496267732898,0.150859143254,3.463130702916
    ));
#1843 = CARTESIAN_POINT('',(3.49867859983,0.104848949188,3.487152152151)
  );
#1844 = CARTESIAN_POINT('',(3.499978637521,5.390619388061E-02,3.5));
#1845 = CARTESIAN_POINT('',(3.4999998,1.E-03,3.5));
#1846 = ORIENTED_EDGE('',*,*,#1847,.F.);
#1847 = EDGE_CURVE('',#1848,#1834,#1850,.T.);
#1848 = VERTEX_POINT('',#1849);
#1849 = CARTESIAN_POINT('',(3.487468592767,0.25,3.251));
#1850 = B_SPLINE_CURVE_WITH_KNOTS('',1,(#1851,#1852),.UNSPECIFIED.,.F.,
  .F.,(2,2),(0.,1.),.PIECEWISE_BEZIER_KNOTS.);
#1851 = CARTESIAN_POINT('',(3.487468592767,0.25,3.251));
#1852 = CARTESIAN_POINT('',(3.487468622767,0.249999701504,3.251385552896
    ));
#1853 = ORIENTED_EDGE('',*,*,#1854,.F.);
#1854 = EDGE_CURVE('',#1504,#1848,#1855,.T.);
#1855 = LINE('',#1856,#1857);
#1856 = CARTESIAN_POINT('',(3.487468592767,0.25,2.));
#1857 = VECTOR('',#1858,1.);
#1858 = DIRECTION('',(0.,0.,1.));
#1859 = ORIENTED_EDGE('',*,*,#1503,.F.);
#1860 = ORIENTED_EDGE('',*,*,#1706,.T.);
#1861 = CYLINDRICAL_SURFACE('',#1862,2.5);
#1862 = AXIS2_PLACEMENT_3D('',#1863,#1864,#1865);
#1863 = CARTESIAN_POINT('',(1.,0.,2.));
#1864 = DIRECTION('',(0.,0.,1.));
#1865 = DIRECTION('',(0.923879532511,0.382683432365,-0.));
#1866 = ADVANCED_FACE('',(#1867),#1895,.T.);
#1867 = FACE_BOUND('',#1868,.T.);
#1868 = EDGE_LOOP('',(#1869,#1878,#1887,#1894));
#1869 = ORIENTED_EDGE('',*,*,#1870,.T.);
#1870 = EDGE_CURVE('',#1696,#1871,#1873,.T.);
#1871 = VERTEX_POINT('',#1872);
#1872 = CARTESIAN_POINT('',(3.124922924776,-0.88017189444,5.));
#1873 = CIRCLE('',#1874,0.2);
#1874 = AXIS2_PLACEMENT_3D('',#1875,#1876,#1877);
#1875 = CARTESIAN_POINT('',(3.124922924776,-0.88017189444,4.8));
#1876 = DIRECTION('',(-0.382683432365,-0.923879532511,0.));
#1877 = DIRECTION('',(0.923879532511,-0.382683432365,-4.440892098502E-15
    ));
#1878 = ORIENTED_EDGE('',*,*,#1879,.T.);
#1879 = EDGE_CURVE('',#1871,#1880,#1882,.T.);
#1880 = VERTEX_POINT('',#1881);
#1881 = CARTESIAN_POINT('',(3.124922924776,0.88017189444,5.));
#1882 = CIRCLE('',#1883,2.3);
#1883 = AXIS2_PLACEMENT_3D('',#1884,#1885,#1886);
#1884 = CARTESIAN_POINT('',(1.,0.,5.));
#1885 = DIRECTION('',(0.,-0.,-1.));
#1886 = DIRECTION('',(0.923879532511,-0.382683432365,0.));
#1887 = ORIENTED_EDGE('',*,*,#1888,.F.);
#1888 = EDGE_CURVE('',#1698,#1880,#1889,.T.);
#1889 = CIRCLE('',#1890,0.2);
#1890 = AXIS2_PLACEMENT_3D('',#1891,#1892,#1893);
#1891 = CARTESIAN_POINT('',(3.124922924776,0.88017189444,4.8));
#1892 = DIRECTION('',(0.382683432365,-0.923879532511,0.));
#1893 = DIRECTION('',(0.923879532511,0.382683432365,-4.440892098502E-15)
  );
#1894 = ORIENTED_EDGE('',*,*,#1695,.F.);
#1895 = TOROIDAL_SURFACE('',#1896,2.3,0.2);
#1896 = AXIS2_PLACEMENT_3D('',#1897,#1898,#1899);
#1897 = CARTESIAN_POINT('',(1.,0.,4.8));
#1898 = DIRECTION('',(0.,0.,1.));
#1899 = DIRECTION('',(0.923879532511,-0.382683432365,0.));
#1900 = ADVANCED_FACE('',(#1901),#1910,.T.);
#1901 = FACE_BOUND('',#1902,.T.);
#1902 = EDGE_LOOP('',(#1903,#1904,#1905,#1906,#1907,#1908,#1909));
#1903 = ORIENTED_EDGE('',*,*,#1847,.T.);
#1904 = ORIENTED_EDGE('',*,*,#1833,.T.);
#1905 = ORIENTED_EDGE('',*,*,#1824,.F.);
#1906 = ORIENTED_EDGE('',*,*,#1810,.T.);
#1907 = ORIENTED_EDGE('',*,*,#1802,.F.);
#1908 = ORIENTED_EDGE('',*,*,#1729,.F.);
#1909 = ORIENTED_EDGE('',*,*,#1854,.T.);
#1910 = CYLINDRICAL_SURFACE('',#1911,2.5);
#1911 = AXIS2_PLACEMENT_3D('',#1912,#1913,#1914);
#1912 = CARTESIAN_POINT('',(1.,0.,2.));
#1913 = DIRECTION('',(0.,0.,1.));
#1914 = DIRECTION('',(0.923879532511,0.382683432365,-0.));
#1915 = ADVANCED_FACE('',(#1916),#1928,.T.);
#1916 = FACE_BOUND('',#1917,.T.);
#1917 = EDGE_LOOP('',(#1918,#1919,#1926,#1927));
#1918 = ORIENTED_EDGE('',*,*,#1888,.T.);
#1919 = ORIENTED_EDGE('',*,*,#1920,.T.);
#1920 = EDGE_CURVE('',#1880,#1871,#1921,.T.);
#1921 = CIRCLE('',#1922,2.3);
#1922 = AXIS2_PLACEMENT_3D('',#1923,#1924,#1925);
#1923 = CARTESIAN_POINT('',(1.,0.,5.));
#1924 = DIRECTION('',(0.,0.,-1.));
#1925 = DIRECTION('',(0.923879532511,0.382683432365,0.));
#1926 = ORIENTED_EDGE('',*,*,#1870,.F.);
#1927 = ORIENTED_EDGE('',*,*,#1793,.F.);
#1928 = TOROIDAL_SURFACE('',#1929,2.3,0.2);
#1929 = AXIS2_PLACEMENT_3D('',#1930,#1931,#1932);
#1930 = CARTESIAN_POINT('',(1.,0.,4.8));
#1931 = DIRECTION('',(0.,0.,1.));
#1932 = DIRECTION('',(0.923879532511,0.382683432365,-0.));
#1933 = ADVANCED_FACE('',(#1934),#1960,.F.);
#1934 = FACE_BOUND('',#1935,.F.);
#1935 = EDGE_LOOP('',(#1936,#1937,#1945,#1954));
#1936 = ORIENTED_EDGE('',*,*,#1879,.T.);
#1937 = ORIENTED_EDGE('',*,*,#1938,.T.);
#1938 = EDGE_CURVE('',#1880,#1939,#1941,.T.);
#1939 = VERTEX_POINT('',#1940);
#1940 = CARTESIAN_POINT('',(2.616789181895,0.669696006639,5.));
#1941 = LINE('',#1942,#1943);
#1942 = CARTESIAN_POINT('',(3.124922924776,0.88017189444,5.));
#1943 = VECTOR('',#1944,1.);
#1944 = DIRECTION('',(-0.923879532511,-0.382683432365,0.));
#1945 = ORIENTED_EDGE('',*,*,#1946,.F.);
#1946 = EDGE_CURVE('',#1947,#1939,#1949,.T.);
#1947 = VERTEX_POINT('',#1948);
#1948 = CARTESIAN_POINT('',(2.616789181895,-0.669696006639,5.));
#1949 = CIRCLE('',#1950,1.75);
#1950 = AXIS2_PLACEMENT_3D('',#1951,#1952,#1953);
#1951 = CARTESIAN_POINT('',(1.,0.,5.));
#1952 = DIRECTION('',(0.,-0.,-1.));
#1953 = DIRECTION('',(0.923879532511,-0.382683432365,0.));
#1954 = ORIENTED_EDGE('',*,*,#1955,.F.);
#1955 = EDGE_CURVE('',#1871,#1947,#1956,.T.);
#1956 = LINE('',#1957,#1958);
#1957 = CARTESIAN_POINT('',(3.124922924776,-0.88017189444,5.));
#1958 = VECTOR('',#1959,1.);
#1959 = DIRECTION('',(-0.923879532511,0.382683432365,0.));
#1960 = PLANE('',#1961);
#1961 = AXIS2_PLACEMENT_3D('',#1962,#1963,#1964);
#1962 = CARTESIAN_POINT('',(1.,0.,5.));
#1963 = DIRECTION('',(0.,0.,-1.));
#1964 = DIRECTION('',(0.923879532511,-0.382683432365,0.));
#1965 = ADVANCED_FACE('',(#1966),#1978,.F.);
#1966 = FACE_BOUND('',#1967,.F.);
#1967 = EDGE_LOOP('',(#1968,#1969,#1970,#1977));
#1968 = ORIENTED_EDGE('',*,*,#1920,.T.);
#1969 = ORIENTED_EDGE('',*,*,#1955,.T.);
#1970 = ORIENTED_EDGE('',*,*,#1971,.F.);
#1971 = EDGE_CURVE('',#1939,#1947,#1972,.T.);
#1972 = CIRCLE('',#1973,1.75);
#1973 = AXIS2_PLACEMENT_3D('',#1974,#1975,#1976);
#1974 = CARTESIAN_POINT('',(1.,0.,5.));
#1975 = DIRECTION('',(0.,0.,-1.));
#1976 = DIRECTION('',(0.923879532511,0.382683432365,0.));
#1977 = ORIENTED_EDGE('',*,*,#1938,.F.);
#1978 = PLANE('',#1979);
#1979 = AXIS2_PLACEMENT_3D('',#1980,#1981,#1982);
#1980 = CARTESIAN_POINT('',(1.,0.,5.));
#1981 = DIRECTION('',(0.,0.,-1.));
#1982 = DIRECTION('',(0.923879532511,0.382683432365,0.));
#1983 = ADVANCED_FACE('',(#1984),#2121,.F.);
#1984 = FACE_BOUND('',#1985,.F.);
#1985 = EDGE_LOOP('',(#1986,#1994,#1995,#2003,#2012,#2020,#2029,#2037,
    #2046,#2054,#2063,#2072,#2080,#2089,#2097,#2106,#2114));
#1986 = ORIENTED_EDGE('',*,*,#1987,.F.);
#1987 = EDGE_CURVE('',#1947,#1988,#1990,.T.);
#1988 = VERTEX_POINT('',#1989);
#1989 = CARTESIAN_POINT('',(2.616789181895,-0.669696006639,4.9));
#1990 = LINE('',#1991,#1992);
#1991 = CARTESIAN_POINT('',(2.616789181895,-0.669696006639,5.));
#1992 = VECTOR('',#1993,1.);
#1993 = DIRECTION('',(0.,0.,-1.));
#1994 = ORIENTED_EDGE('',*,*,#1946,.T.);
#1995 = ORIENTED_EDGE('',*,*,#1996,.T.);
#1996 = EDGE_CURVE('',#1939,#1997,#1999,.T.);
#1997 = VERTEX_POINT('',#1998);
#1998 = CARTESIAN_POINT('',(2.616789181895,0.669696006639,4.9));
#1999 = LINE('',#2000,#2001);
#2000 = CARTESIAN_POINT('',(2.616789181895,0.669696006639,5.));
#2001 = VECTOR('',#2002,1.);
#2002 = DIRECTION('',(0.,0.,-1.));
#2003 = ORIENTED_EDGE('',*,*,#2004,.T.);
#2004 = EDGE_CURVE('',#1997,#2005,#2007,.T.);
#2005 = VERTEX_POINT('',#2006);
#2006 = CARTESIAN_POINT('',(1.05,1.749285568454,4.9));
#2007 = CIRCLE('',#2008,1.75);
#2008 = AXIS2_PLACEMENT_3D('',#2009,#2010,#2011);
#2009 = CARTESIAN_POINT('',(1.,0.,4.9));
#2010 = DIRECTION('',(0.,0.,1.));
#2011 = DIRECTION('',(-1.,1.224646799147E-16,0.));
#2012 = ORIENTED_EDGE('',*,*,#2013,.T.);
#2013 = EDGE_CURVE('',#2005,#2014,#2016,.T.);
#2014 = VERTEX_POINT('',#2015);
#2015 = CARTESIAN_POINT('',(1.05,1.749285568454,4.8));
#2016 = LINE('',#2017,#2018);
#2017 = CARTESIAN_POINT('',(1.05,1.749285568454,4.7));
#2018 = VECTOR('',#2019,1.);
#2019 = DIRECTION('',(0.,0.,-1.));
#2020 = ORIENTED_EDGE('',*,*,#2021,.F.);
#2021 = EDGE_CURVE('',#2022,#2014,#2024,.T.);
#2022 = VERTEX_POINT('',#2023);
#2023 = CARTESIAN_POINT('',(0.95,1.749285568454,4.8));
#2024 = CIRCLE('',#2025,1.75);
#2025 = AXIS2_PLACEMENT_3D('',#2026,#2027,#2028);
#2026 = CARTESIAN_POINT('',(1.,0.,4.8));
#2027 = DIRECTION('',(0.,0.,-1.));
#2028 = DIRECTION('',(-1.,1.224646799147E-16,0.));
#2029 = ORIENTED_EDGE('',*,*,#2030,.F.);
#2030 = EDGE_CURVE('',#2031,#2022,#2033,.T.);
#2031 = VERTEX_POINT('',#2032);
#2032 = CARTESIAN_POINT('',(0.95,1.749285568454,4.9));
#2033 = LINE('',#2034,#2035);
#2034 = CARTESIAN_POINT('',(0.95,1.749285568454,4.7));
#2035 = VECTOR('',#2036,1.);
#2036 = DIRECTION('',(0.,0.,-1.));
#2037 = ORIENTED_EDGE('',*,*,#2038,.T.);
#2038 = EDGE_CURVE('',#2031,#2039,#2041,.T.);
#2039 = VERTEX_POINT('',#2040);
#2040 = CARTESIAN_POINT('',(-0.749285568454,5.000000000002E-02,4.9));
#2041 = CIRCLE('',#2042,1.75);
#2042 = AXIS2_PLACEMENT_3D('',#2043,#2044,#2045);
#2043 = CARTESIAN_POINT('',(1.,0.,4.9));
#2044 = DIRECTION('',(0.,0.,1.));
#2045 = DIRECTION('',(-1.,1.224646799147E-16,0.));
#2046 = ORIENTED_EDGE('',*,*,#2047,.T.);
#2047 = EDGE_CURVE('',#2039,#2048,#2050,.T.);
#2048 = VERTEX_POINT('',#2049);
#2049 = CARTESIAN_POINT('',(-0.749285568454,5.E-02,4.8));
#2050 = LINE('',#2051,#2052);
#2051 = CARTESIAN_POINT('',(-0.749285568454,5.E-02,4.7));
#2052 = VECTOR('',#2053,1.);
#2053 = DIRECTION('',(0.,0.,-1.));
#2054 = ORIENTED_EDGE('',*,*,#2055,.F.);
#2055 = EDGE_CURVE('',#2056,#2048,#2058,.T.);
#2056 = VERTEX_POINT('',#2057);
#2057 = CARTESIAN_POINT('',(-0.75,2.143131898508E-16,4.8));
#2058 = CIRCLE('',#2059,1.75);
#2059 = AXIS2_PLACEMENT_3D('',#2060,#2061,#2062);
#2060 = CARTESIAN_POINT('',(1.,0.,4.8));
#2061 = DIRECTION('',(0.,0.,-1.));
#2062 = DIRECTION('',(-1.,1.224646799147E-16,0.));
#2063 = ORIENTED_EDGE('',*,*,#2064,.F.);
#2064 = EDGE_CURVE('',#2065,#2056,#2067,.T.);
#2065 = VERTEX_POINT('',#2066);
#2066 = CARTESIAN_POINT('',(-0.749285568454,-5.E-02,4.8));
#2067 = CIRCLE('',#2068,1.75);
#2068 = AXIS2_PLACEMENT_3D('',#2069,#2070,#2071);
#2069 = CARTESIAN_POINT('',(1.,0.,4.8));
#2070 = DIRECTION('',(0.,0.,-1.));
#2071 = DIRECTION('',(-1.,1.224646799147E-16,0.));
#2072 = ORIENTED_EDGE('',*,*,#2073,.F.);
#2073 = EDGE_CURVE('',#2074,#2065,#2076,.T.);
#2074 = VERTEX_POINT('',#2075);
#2075 = CARTESIAN_POINT('',(-0.749285568454,-5.000000000002E-02,4.9));
#2076 = LINE('',#2077,#2078);
#2077 = CARTESIAN_POINT('',(-0.749285568454,-5.E-02,4.7));
#2078 = VECTOR('',#2079,1.);
#2079 = DIRECTION('',(0.,0.,-1.));
#2080 = ORIENTED_EDGE('',*,*,#2081,.T.);
#2081 = EDGE_CURVE('',#2074,#2082,#2084,.T.);
#2082 = VERTEX_POINT('',#2083);
#2083 = CARTESIAN_POINT('',(0.95,-1.749285568454,4.9));
#2084 = CIRCLE('',#2085,1.75);
#2085 = AXIS2_PLACEMENT_3D('',#2086,#2087,#2088);
#2086 = CARTESIAN_POINT('',(1.,0.,4.9));
#2087 = DIRECTION('',(0.,0.,1.));
#2088 = DIRECTION('',(-1.,1.224646799147E-16,0.));
#2089 = ORIENTED_EDGE('',*,*,#2090,.T.);
#2090 = EDGE_CURVE('',#2082,#2091,#2093,.T.);
#2091 = VERTEX_POINT('',#2092);
#2092 = CARTESIAN_POINT('',(0.95,-1.749285568454,4.8));
#2093 = LINE('',#2094,#2095);
#2094 = CARTESIAN_POINT('',(0.95,-1.749285568454,4.7));
#2095 = VECTOR('',#2096,1.);
#2096 = DIRECTION('',(0.,0.,-1.));
#2097 = ORIENTED_EDGE('',*,*,#2098,.F.);
#2098 = EDGE_CURVE('',#2099,#2091,#2101,.T.);
#2099 = VERTEX_POINT('',#2100);
#2100 = CARTESIAN_POINT('',(1.05,-1.749285568454,4.8));
#2101 = CIRCLE('',#2102,1.75);
#2102 = AXIS2_PLACEMENT_3D('',#2103,#2104,#2105);
#2103 = CARTESIAN_POINT('',(1.,0.,4.8));
#2104 = DIRECTION('',(0.,0.,-1.));
#2105 = DIRECTION('',(-1.,1.224646799147E-16,0.));
#2106 = ORIENTED_EDGE('',*,*,#2107,.F.);
#2107 = EDGE_CURVE('',#2108,#2099,#2110,.T.);
#2108 = VERTEX_POINT('',#2109);
#2109 = CARTESIAN_POINT('',(1.05,-1.749285568454,4.9));
#2110 = LINE('',#2111,#2112);
#2111 = CARTESIAN_POINT('',(1.05,-1.749285568454,4.7));
#2112 = VECTOR('',#2113,1.);
#2113 = DIRECTION('',(0.,0.,-1.));
#2114 = ORIENTED_EDGE('',*,*,#2115,.T.);
#2115 = EDGE_CURVE('',#2108,#1988,#2116,.T.);
#2116 = CIRCLE('',#2117,1.75);
#2117 = AXIS2_PLACEMENT_3D('',#2118,#2119,#2120);
#2118 = CARTESIAN_POINT('',(1.,0.,4.9));
#2119 = DIRECTION('',(0.,0.,1.));
#2120 = DIRECTION('',(-1.,1.224646799147E-16,0.));
#2121 = CYLINDRICAL_SURFACE('',#2122,1.75);
#2122 = AXIS2_PLACEMENT_3D('',#2123,#2124,#2125);
#2123 = CARTESIAN_POINT('',(1.,0.,5.));
#2124 = DIRECTION('',(0.,0.,-1.));
#2125 = DIRECTION('',(0.923879532511,-0.382683432365,0.));
#2126 = ADVANCED_FACE('',(#2127),#2173,.F.);
#2127 = FACE_BOUND('',#2128,.F.);
#2128 = EDGE_LOOP('',(#2129,#2130,#2131,#2132,#2141,#2149,#2158,#2166));
#2129 = ORIENTED_EDGE('',*,*,#1996,.F.);
#2130 = ORIENTED_EDGE('',*,*,#1971,.T.);
#2131 = ORIENTED_EDGE('',*,*,#1987,.T.);
#2132 = ORIENTED_EDGE('',*,*,#2133,.T.);
#2133 = EDGE_CURVE('',#1988,#2134,#2136,.T.);
#2134 = VERTEX_POINT('',#2135);
#2135 = CARTESIAN_POINT('',(2.749285568454,-4.999999999996E-02,4.9));
#2136 = CIRCLE('',#2137,1.75);
#2137 = AXIS2_PLACEMENT_3D('',#2138,#2139,#2140);
#2138 = CARTESIAN_POINT('',(1.,0.,4.9));
#2139 = DIRECTION('',(0.,0.,1.));
#2140 = DIRECTION('',(-1.,1.224646799147E-16,0.));
#2141 = ORIENTED_EDGE('',*,*,#2142,.T.);
#2142 = EDGE_CURVE('',#2134,#2143,#2145,.T.);
#2143 = VERTEX_POINT('',#2144);
#2144 = CARTESIAN_POINT('',(2.749285568454,-5.E-02,4.8));
#2145 = LINE('',#2146,#2147);
#2146 = CARTESIAN_POINT('',(2.749285568454,-5.E-02,4.7));
#2147 = VECTOR('',#2148,1.);
#2148 = DIRECTION('',(0.,0.,-1.));
#2149 = ORIENTED_EDGE('',*,*,#2150,.F.);
#2150 = EDGE_CURVE('',#2151,#2143,#2153,.T.);
#2151 = VERTEX_POINT('',#2152);
#2152 = CARTESIAN_POINT('',(2.749285568454,5.E-02,4.8));
#2153 = CIRCLE('',#2154,1.75);
#2154 = AXIS2_PLACEMENT_3D('',#2155,#2156,#2157);
#2155 = CARTESIAN_POINT('',(1.,0.,4.8));
#2156 = DIRECTION('',(0.,0.,-1.));
#2157 = DIRECTION('',(-1.,1.224646799147E-16,0.));
#2158 = ORIENTED_EDGE('',*,*,#2159,.F.);
#2159 = EDGE_CURVE('',#2160,#2151,#2162,.T.);
#2160 = VERTEX_POINT('',#2161);
#2161 = CARTESIAN_POINT('',(2.749285568454,4.999999999996E-02,4.9));
#2162 = LINE('',#2163,#2164);
#2163 = CARTESIAN_POINT('',(2.749285568454,5.E-02,4.7));
#2164 = VECTOR('',#2165,1.);
#2165 = DIRECTION('',(0.,0.,-1.));
#2166 = ORIENTED_EDGE('',*,*,#2167,.T.);
#2167 = EDGE_CURVE('',#2160,#1997,#2168,.T.);
#2168 = CIRCLE('',#2169,1.75);
#2169 = AXIS2_PLACEMENT_3D('',#2170,#2171,#2172);
#2170 = CARTESIAN_POINT('',(1.,0.,4.9));
#2171 = DIRECTION('',(0.,0.,1.));
#2172 = DIRECTION('',(-1.,1.224646799147E-16,0.));
#2173 = CYLINDRICAL_SURFACE('',#2174,1.75);
#2174 = AXIS2_PLACEMENT_3D('',#2175,#2176,#2177);
#2175 = CARTESIAN_POINT('',(1.,0.,5.));
#2176 = DIRECTION('',(0.,0.,-1.));
#2177 = DIRECTION('',(0.923879532511,0.382683432365,0.));
#2178 = ADVANCED_FACE('',(#2179),#2197,.T.);
#2179 = FACE_BOUND('',#2180,.T.);
#2180 = EDGE_LOOP('',(#2181,#2189,#2190,#2191));
#2181 = ORIENTED_EDGE('',*,*,#2182,.F.);
#2182 = EDGE_CURVE('',#2108,#2183,#2185,.T.);
#2183 = VERTEX_POINT('',#2184);
#2184 = CARTESIAN_POINT('',(1.05,-5.E-02,4.9));
#2185 = LINE('',#2186,#2187);
#2186 = CARTESIAN_POINT('',(1.05,-5.05,4.9));
#2187 = VECTOR('',#2188,1.);
#2188 = DIRECTION('',(1.224646799147E-16,1.,0.));
#2189 = ORIENTED_EDGE('',*,*,#2115,.T.);
#2190 = ORIENTED_EDGE('',*,*,#2133,.T.);
#2191 = ORIENTED_EDGE('',*,*,#2192,.F.);
#2192 = EDGE_CURVE('',#2183,#2134,#2193,.T.);
#2193 = LINE('',#2194,#2195);
#2194 = CARTESIAN_POINT('',(1.05,-5.E-02,4.9));
#2195 = VECTOR('',#2196,1.);
#2196 = DIRECTION('',(1.,-1.224646799147E-16,0.));
#2197 = PLANE('',#2198);
#2198 = AXIS2_PLACEMENT_3D('',#2199,#2200,#2201);
#2199 = CARTESIAN_POINT('',(1.,-1.239108604125E-16,4.9));
#2200 = DIRECTION('',(0.,0.,1.));
#2201 = DIRECTION('',(-1.,1.224646799147E-16,0.));
#2202 = ADVANCED_FACE('',(#2203),#2221,.F.);
#2203 = FACE_BOUND('',#2204,.F.);
#2204 = EDGE_LOOP('',(#2205,#2206,#2207,#2215));
#2205 = ORIENTED_EDGE('',*,*,#2182,.F.);
#2206 = ORIENTED_EDGE('',*,*,#2107,.T.);
#2207 = ORIENTED_EDGE('',*,*,#2208,.T.);
#2208 = EDGE_CURVE('',#2099,#2209,#2211,.T.);
#2209 = VERTEX_POINT('',#2210);
#2210 = CARTESIAN_POINT('',(1.05,-5.E-02,4.8));
#2211 = LINE('',#2212,#2213);
#2212 = CARTESIAN_POINT('',(1.05,-5.05,4.8));
#2213 = VECTOR('',#2214,1.);
#2214 = DIRECTION('',(1.224646799147E-16,1.,0.));
#2215 = ORIENTED_EDGE('',*,*,#2216,.F.);
#2216 = EDGE_CURVE('',#2183,#2209,#2217,.T.);
#2217 = LINE('',#2218,#2219);
#2218 = CARTESIAN_POINT('',(1.05,-5.E-02,4.9));
#2219 = VECTOR('',#2220,1.);
#2220 = DIRECTION('',(0.,0.,-1.));
#2221 = PLANE('',#2222);
#2222 = AXIS2_PLACEMENT_3D('',#2223,#2224,#2225);
#2223 = CARTESIAN_POINT('',(1.05,-5.05,4.9));
#2224 = DIRECTION('',(1.,-1.224646799147E-16,0.));
#2225 = DIRECTION('',(1.224646799147E-16,1.,0.));
#2226 = ADVANCED_FACE('',(#2227),#2245,.T.);
#2227 = FACE_BOUND('',#2228,.T.);
#2228 = EDGE_LOOP('',(#2229,#2230,#2231,#2239));
#2229 = ORIENTED_EDGE('',*,*,#2167,.T.);
#2230 = ORIENTED_EDGE('',*,*,#2004,.T.);
#2231 = ORIENTED_EDGE('',*,*,#2232,.F.);
#2232 = EDGE_CURVE('',#2233,#2005,#2235,.T.);
#2233 = VERTEX_POINT('',#2234);
#2234 = CARTESIAN_POINT('',(1.05,5.E-02,4.9));
#2235 = LINE('',#2236,#2237);
#2236 = CARTESIAN_POINT('',(1.05,5.E-02,4.9));
#2237 = VECTOR('',#2238,1.);
#2238 = DIRECTION('',(1.224646799147E-16,1.,0.));
#2239 = ORIENTED_EDGE('',*,*,#2240,.F.);
#2240 = EDGE_CURVE('',#2160,#2233,#2241,.T.);
#2241 = LINE('',#2242,#2243);
#2242 = CARTESIAN_POINT('',(6.05,5.E-02,4.9));
#2243 = VECTOR('',#2244,1.);
#2244 = DIRECTION('',(-1.,1.224646799147E-16,0.));
#2245 = PLANE('',#2246);
#2246 = AXIS2_PLACEMENT_3D('',#2247,#2248,#2249);
#2247 = CARTESIAN_POINT('',(1.,-1.239108604125E-16,4.9));
#2248 = DIRECTION('',(0.,0.,1.));
#2249 = DIRECTION('',(-1.,1.224646799147E-16,0.));
#2250 = ADVANCED_FACE('',(#2251),#2307,.T.);
#2251 = FACE_BOUND('',#2252,.T.);
#2252 = EDGE_LOOP('',(#2253,#2261,#2267,#2268,#2269,#2275,#2276,#2284,
    #2290,#2291,#2299,#2305,#2306));
#2253 = ORIENTED_EDGE('',*,*,#2254,.T.);
#2254 = EDGE_CURVE('',#2065,#2255,#2257,.T.);
#2255 = VERTEX_POINT('',#2256);
#2256 = CARTESIAN_POINT('',(0.95,-5.E-02,4.8));
#2257 = LINE('',#2258,#2259);
#2258 = CARTESIAN_POINT('',(-4.05,-5.E-02,4.8));
#2259 = VECTOR('',#2260,1.);
#2260 = DIRECTION('',(1.,-5.723907721801E-17,0.));
#2261 = ORIENTED_EDGE('',*,*,#2262,.T.);
#2262 = EDGE_CURVE('',#2255,#2091,#2263,.T.);
#2263 = LINE('',#2264,#2265);
#2264 = CARTESIAN_POINT('',(0.95,-5.E-02,4.8));
#2265 = VECTOR('',#2266,1.);
#2266 = DIRECTION('',(-1.224646799147E-16,-1.,0.));
#2267 = ORIENTED_EDGE('',*,*,#2098,.F.);
#2268 = ORIENTED_EDGE('',*,*,#2208,.T.);
#2269 = ORIENTED_EDGE('',*,*,#2270,.T.);
#2270 = EDGE_CURVE('',#2209,#2143,#2271,.T.);
#2271 = LINE('',#2272,#2273);
#2272 = CARTESIAN_POINT('',(1.05,-5.E-02,4.8));
#2273 = VECTOR('',#2274,1.);
#2274 = DIRECTION('',(1.,-1.224646799147E-16,0.));
#2275 = ORIENTED_EDGE('',*,*,#2150,.F.);
#2276 = ORIENTED_EDGE('',*,*,#2277,.T.);
#2277 = EDGE_CURVE('',#2151,#2278,#2280,.T.);
#2278 = VERTEX_POINT('',#2279);
#2279 = CARTESIAN_POINT('',(1.05,5.E-02,4.8));
#2280 = LINE('',#2281,#2282);
#2281 = CARTESIAN_POINT('',(6.05,5.E-02,4.8));
#2282 = VECTOR('',#2283,1.);
#2283 = DIRECTION('',(-1.,1.224646799147E-16,0.));
#2284 = ORIENTED_EDGE('',*,*,#2285,.T.);
#2285 = EDGE_CURVE('',#2278,#2014,#2286,.T.);
#2286 = LINE('',#2287,#2288);
#2287 = CARTESIAN_POINT('',(1.05,5.E-02,4.8));
#2288 = VECTOR('',#2289,1.);
#2289 = DIRECTION('',(1.224646799147E-16,1.,0.));
#2290 = ORIENTED_EDGE('',*,*,#2021,.F.);
#2291 = ORIENTED_EDGE('',*,*,#2292,.T.);
#2292 = EDGE_CURVE('',#2022,#2293,#2295,.T.);
#2293 = VERTEX_POINT('',#2294);
#2294 = CARTESIAN_POINT('',(0.95,5.E-02,4.8));
#2295 = LINE('',#2296,#2297);
#2296 = CARTESIAN_POINT('',(0.95,5.05,4.8));
#2297 = VECTOR('',#2298,1.);
#2298 = DIRECTION('',(-1.224646799147E-16,-1.,0.));
#2299 = ORIENTED_EDGE('',*,*,#2300,.T.);
#2300 = EDGE_CURVE('',#2293,#2048,#2301,.T.);
#2301 = LINE('',#2302,#2303);
#2302 = CARTESIAN_POINT('',(0.95,5.E-02,4.8));
#2303 = VECTOR('',#2304,1.);
#2304 = DIRECTION('',(-1.,1.224646799147E-16,0.));
#2305 = ORIENTED_EDGE('',*,*,#2055,.F.);
#2306 = ORIENTED_EDGE('',*,*,#2064,.F.);
#2307 = PLANE('',#2308);
#2308 = AXIS2_PLACEMENT_3D('',#2309,#2310,#2311);
#2309 = CARTESIAN_POINT('',(1.,-3.503797911874E-17,4.8));
#2310 = DIRECTION('',(-6.92799192911E-33,5.09829149655E-32,1.));
#2311 = DIRECTION('',(-1.224646799147E-16,-1.,5.09829149655E-32));
#2312 = ADVANCED_FACE('',(#2313),#2324,.F.);
#2313 = FACE_BOUND('',#2314,.F.);
#2314 = EDGE_LOOP('',(#2315,#2316,#2322,#2323));
#2315 = ORIENTED_EDGE('',*,*,#2232,.F.);
#2316 = ORIENTED_EDGE('',*,*,#2317,.T.);
#2317 = EDGE_CURVE('',#2233,#2278,#2318,.T.);
#2318 = LINE('',#2319,#2320);
#2319 = CARTESIAN_POINT('',(1.05,5.E-02,4.9));
#2320 = VECTOR('',#2321,1.);
#2321 = DIRECTION('',(0.,0.,-1.));
#2322 = ORIENTED_EDGE('',*,*,#2285,.T.);
#2323 = ORIENTED_EDGE('',*,*,#2013,.F.);
#2324 = PLANE('',#2325);
#2325 = AXIS2_PLACEMENT_3D('',#2326,#2327,#2328);
#2326 = CARTESIAN_POINT('',(1.05,5.E-02,4.9));
#2327 = DIRECTION('',(1.,-1.224646799147E-16,0.));
#2328 = DIRECTION('',(1.224646799147E-16,1.,0.));
#2329 = ADVANCED_FACE('',(#2330),#2348,.F.);
#2330 = FACE_BOUND('',#2331,.F.);
#2331 = EDGE_LOOP('',(#2332,#2340,#2346,#2347));
#2332 = ORIENTED_EDGE('',*,*,#2333,.F.);
#2333 = EDGE_CURVE('',#2334,#2082,#2336,.T.);
#2334 = VERTEX_POINT('',#2335);
#2335 = CARTESIAN_POINT('',(0.95,-5.E-02,4.9));
#2336 = LINE('',#2337,#2338);
#2337 = CARTESIAN_POINT('',(0.95,-5.E-02,4.9));
#2338 = VECTOR('',#2339,1.);
#2339 = DIRECTION('',(-1.224646799147E-16,-1.,0.));
#2340 = ORIENTED_EDGE('',*,*,#2341,.T.);
#2341 = EDGE_CURVE('',#2334,#2255,#2342,.T.);
#2342 = LINE('',#2343,#2344);
#2343 = CARTESIAN_POINT('',(0.95,-5.E-02,4.9));
#2344 = VECTOR('',#2345,1.);
#2345 = DIRECTION('',(0.,0.,-1.));
#2346 = ORIENTED_EDGE('',*,*,#2262,.T.);
#2347 = ORIENTED_EDGE('',*,*,#2090,.F.);
#2348 = PLANE('',#2349);
#2349 = AXIS2_PLACEMENT_3D('',#2350,#2351,#2352);
#2350 = CARTESIAN_POINT('',(0.95,-5.E-02,4.9));
#2351 = DIRECTION('',(-1.,1.224646799147E-16,0.));
#2352 = DIRECTION('',(-1.224646799147E-16,-1.,0.));
#2353 = ADVANCED_FACE('',(#2354),#2364,.T.);
#2354 = FACE_BOUND('',#2355,.T.);
#2355 = EDGE_LOOP('',(#2356,#2362,#2363));
#2356 = ORIENTED_EDGE('',*,*,#2357,.F.);
#2357 = EDGE_CURVE('',#2074,#2334,#2358,.T.);
#2358 = LINE('',#2359,#2360);
#2359 = CARTESIAN_POINT('',(-4.05,-5.E-02,4.9));
#2360 = VECTOR('',#2361,1.);
#2361 = DIRECTION('',(1.,-5.723907721801E-17,0.));
#2362 = ORIENTED_EDGE('',*,*,#2081,.T.);
#2363 = ORIENTED_EDGE('',*,*,#2333,.F.);
#2364 = PLANE('',#2365);
#2365 = AXIS2_PLACEMENT_3D('',#2366,#2367,#2368);
#2366 = CARTESIAN_POINT('',(1.,-1.239108604125E-16,4.9));
#2367 = DIRECTION('',(0.,0.,1.));
#2368 = DIRECTION('',(-1.,1.224646799147E-16,0.));
#2369 = ADVANCED_FACE('',(#2370),#2388,.F.);
#2370 = FACE_BOUND('',#2371,.F.);
#2371 = EDGE_LOOP('',(#2372,#2380,#2381,#2382));
#2372 = ORIENTED_EDGE('',*,*,#2373,.F.);
#2373 = EDGE_CURVE('',#2031,#2374,#2376,.T.);
#2374 = VERTEX_POINT('',#2375);
#2375 = CARTESIAN_POINT('',(0.95,5.E-02,4.9));
#2376 = LINE('',#2377,#2378);
#2377 = CARTESIAN_POINT('',(0.95,5.05,4.9));
#2378 = VECTOR('',#2379,1.);
#2379 = DIRECTION('',(-1.224646799147E-16,-1.,0.));
#2380 = ORIENTED_EDGE('',*,*,#2030,.T.);
#2381 = ORIENTED_EDGE('',*,*,#2292,.T.);
#2382 = ORIENTED_EDGE('',*,*,#2383,.F.);
#2383 = EDGE_CURVE('',#2374,#2293,#2384,.T.);
#2384 = LINE('',#2385,#2386);
#2385 = CARTESIAN_POINT('',(0.95,5.E-02,4.9));
#2386 = VECTOR('',#2387,1.);
#2387 = DIRECTION('',(0.,0.,-1.));
#2388 = PLANE('',#2389);
#2389 = AXIS2_PLACEMENT_3D('',#2390,#2391,#2392);
#2390 = CARTESIAN_POINT('',(0.95,5.05,4.9));
#2391 = DIRECTION('',(-1.,1.224646799147E-16,0.));
#2392 = DIRECTION('',(-1.224646799147E-16,-1.,0.));
#2393 = ADVANCED_FACE('',(#2394),#2400,.F.);
#2394 = FACE_BOUND('',#2395,.F.);
#2395 = EDGE_LOOP('',(#2396,#2397,#2398,#2399));
#2396 = ORIENTED_EDGE('',*,*,#2357,.F.);
#2397 = ORIENTED_EDGE('',*,*,#2073,.T.);
#2398 = ORIENTED_EDGE('',*,*,#2254,.T.);
#2399 = ORIENTED_EDGE('',*,*,#2341,.F.);
#2400 = PLANE('',#2401);
#2401 = AXIS2_PLACEMENT_3D('',#2402,#2403,#2404);
#2402 = CARTESIAN_POINT('',(-4.05,-5.E-02,4.9));
#2403 = DIRECTION('',(-5.723907721801E-17,-1.,0.));
#2404 = DIRECTION('',(1.,-5.723907721801E-17,0.));
#2405 = ADVANCED_FACE('',(#2406),#2416,.T.);
#2406 = FACE_BOUND('',#2407,.T.);
#2407 = EDGE_LOOP('',(#2408,#2409,#2415));
#2408 = ORIENTED_EDGE('',*,*,#2038,.T.);
#2409 = ORIENTED_EDGE('',*,*,#2410,.F.);
#2410 = EDGE_CURVE('',#2374,#2039,#2411,.T.);
#2411 = LINE('',#2412,#2413);
#2412 = CARTESIAN_POINT('',(0.95,5.E-02,4.9));
#2413 = VECTOR('',#2414,1.);
#2414 = DIRECTION('',(-1.,1.224646799147E-16,0.));
#2415 = ORIENTED_EDGE('',*,*,#2373,.F.);
#2416 = PLANE('',#2417);
#2417 = AXIS2_PLACEMENT_3D('',#2418,#2419,#2420);
#2418 = CARTESIAN_POINT('',(1.,-1.239108604125E-16,4.9));
#2419 = DIRECTION('',(0.,0.,1.));
#2420 = DIRECTION('',(-1.,1.224646799147E-16,0.));
#2421 = ADVANCED_FACE('',(#2422),#2428,.F.);
#2422 = FACE_BOUND('',#2423,.F.);
#2423 = EDGE_LOOP('',(#2424,#2425,#2426,#2427));
#2424 = ORIENTED_EDGE('',*,*,#2410,.F.);
#2425 = ORIENTED_EDGE('',*,*,#2383,.T.);
#2426 = ORIENTED_EDGE('',*,*,#2300,.T.);
#2427 = ORIENTED_EDGE('',*,*,#2047,.F.);
#2428 = PLANE('',#2429);
#2429 = AXIS2_PLACEMENT_3D('',#2430,#2431,#2432);
#2430 = CARTESIAN_POINT('',(0.95,5.E-02,4.9));
#2431 = DIRECTION('',(1.224646799147E-16,1.,0.));
#2432 = DIRECTION('',(-1.,1.224646799147E-16,0.));
#2433 = ADVANCED_FACE('',(#2434),#2440,.F.);
#2434 = FACE_BOUND('',#2435,.F.);
#2435 = EDGE_LOOP('',(#2436,#2437,#2438,#2439));
#2436 = ORIENTED_EDGE('',*,*,#2240,.F.);
#2437 = ORIENTED_EDGE('',*,*,#2159,.T.);
#2438 = ORIENTED_EDGE('',*,*,#2277,.T.);
#2439 = ORIENTED_EDGE('',*,*,#2317,.F.);
#2440 = PLANE('',#2441);
#2441 = AXIS2_PLACEMENT_3D('',#2442,#2443,#2444);
#2442 = CARTESIAN_POINT('',(6.05,5.E-02,4.9));
#2443 = DIRECTION('',(1.224646799147E-16,1.,0.));
#2444 = DIRECTION('',(-1.,1.224646799147E-16,0.));
#2445 = ADVANCED_FACE('',(#2446),#2452,.F.);
#2446 = FACE_BOUND('',#2447,.F.);
#2447 = EDGE_LOOP('',(#2448,#2449,#2450,#2451));
#2448 = ORIENTED_EDGE('',*,*,#2192,.F.);
#2449 = ORIENTED_EDGE('',*,*,#2216,.T.);
#2450 = ORIENTED_EDGE('',*,*,#2270,.T.);
#2451 = ORIENTED_EDGE('',*,*,#2142,.F.);
#2452 = PLANE('',#2453);
#2453 = AXIS2_PLACEMENT_3D('',#2454,#2455,#2456);
#2454 = CARTESIAN_POINT('',(1.05,-5.E-02,4.9));
#2455 = DIRECTION('',(-1.224646799147E-16,-1.,0.));
#2456 = DIRECTION('',(1.,-1.224646799147E-16,0.));
#2457 = ORIENTED_CLOSED_SHELL('',*,#2458,.F.);
#2458 = CLOSED_SHELL('',(#2459,#2492,#2524,#2541,#2568));
#2459 = ADVANCED_FACE('',(#2460),#2487,.T.);
#2460 = FACE_BOUND('',#2461,.T.);
#2461 = EDGE_LOOP('',(#2462,#2473,#2481));
#2462 = ORIENTED_EDGE('',*,*,#2463,.T.);
#2463 = EDGE_CURVE('',#2464,#2466,#2468,.T.);
#2464 = VERTEX_POINT('',#2465);
#2465 = CARTESIAN_POINT('',(2.616789181895,0.669696006639,4.6));
#2466 = VERTEX_POINT('',#2467);
#2467 = CARTESIAN_POINT('',(2.616789181895,-0.669696006639,4.6));
#2468 = CIRCLE('',#2469,1.75);
#2469 = AXIS2_PLACEMENT_3D('',#2470,#2471,#2472);
#2470 = CARTESIAN_POINT('',(1.,0.,4.6));
#2471 = DIRECTION('',(0.,0.,-1.));
#2472 = DIRECTION('',(0.923879532511,0.382683432365,0.));
#2473 = ORIENTED_EDGE('',*,*,#2474,.T.);
#2474 = EDGE_CURVE('',#2466,#2475,#2477,.T.);
#2475 = VERTEX_POINT('',#2476);
#2476 = CARTESIAN_POINT('',(1.,0.,4.6));
#2477 = LINE('',#2478,#2479);
#2478 = CARTESIAN_POINT('',(2.616789181895,-0.669696006639,4.6));
#2479 = VECTOR('',#2480,1.);
#2480 = DIRECTION('',(-0.923879532511,0.382683432365,0.));
#2481 = ORIENTED_EDGE('',*,*,#2482,.F.);
#2482 = EDGE_CURVE('',#2464,#2475,#2483,.T.);
#2483 = LINE('',#2484,#2485);
#2484 = CARTESIAN_POINT('',(2.616789181895,0.669696006639,4.6));
#2485 = VECTOR('',#2486,1.);
#2486 = DIRECTION('',(-0.923879532511,-0.382683432365,0.));
#2487 = PLANE('',#2488);
#2488 = AXIS2_PLACEMENT_3D('',#2489,#2490,#2491);
#2489 = CARTESIAN_POINT('',(1.,0.,4.6));
#2490 = DIRECTION('',(0.,0.,-1.));
#2491 = DIRECTION('',(0.923879532511,0.382683432365,0.));
#2492 = ADVANCED_FACE('',(#2493),#2519,.T.);
#2493 = FACE_BOUND('',#2494,.T.);
#2494 = EDGE_LOOP('',(#2495,#2503,#2512,#2518));
#2495 = ORIENTED_EDGE('',*,*,#2496,.F.);
#2496 = EDGE_CURVE('',#2497,#2464,#2499,.T.);
#2497 = VERTEX_POINT('',#2498);
#2498 = CARTESIAN_POINT('',(2.616789181895,0.669696006639,4.7));
#2499 = LINE('',#2500,#2501);
#2500 = CARTESIAN_POINT('',(2.616789181895,0.669696006639,5.));
#2501 = VECTOR('',#2502,1.);
#2502 = DIRECTION('',(0.,0.,-1.));
#2503 = ORIENTED_EDGE('',*,*,#2504,.F.);
#2504 = EDGE_CURVE('',#2505,#2497,#2507,.T.);
#2505 = VERTEX_POINT('',#2506);
#2506 = CARTESIAN_POINT('',(2.616789181895,-0.669696006639,4.7));
#2507 = CIRCLE('',#2508,1.75);
#2508 = AXIS2_PLACEMENT_3D('',#2509,#2510,#2511);
#2509 = CARTESIAN_POINT('',(1.,0.,4.7));
#2510 = DIRECTION('',(0.,0.,1.));
#2511 = DIRECTION('',(-1.,1.224646799147E-16,0.));
#2512 = ORIENTED_EDGE('',*,*,#2513,.T.);
#2513 = EDGE_CURVE('',#2505,#2466,#2514,.T.);
#2514 = LINE('',#2515,#2516);
#2515 = CARTESIAN_POINT('',(2.616789181895,-0.669696006639,5.));
#2516 = VECTOR('',#2517,1.);
#2517 = DIRECTION('',(0.,0.,-1.));
#2518 = ORIENTED_EDGE('',*,*,#2463,.F.);
#2519 = CYLINDRICAL_SURFACE('',#2520,1.75);
#2520 = AXIS2_PLACEMENT_3D('',#2521,#2522,#2523);
#2521 = CARTESIAN_POINT('',(1.,0.,5.));
#2522 = DIRECTION('',(0.,0.,-1.));
#2523 = DIRECTION('',(0.923879532511,0.382683432365,0.));
#2524 = ADVANCED_FACE('',(#2525),#2536,.T.);
#2525 = FACE_BOUND('',#2526,.T.);
#2526 = EDGE_LOOP('',(#2527,#2534,#2535));
#2527 = ORIENTED_EDGE('',*,*,#2528,.T.);
#2528 = EDGE_CURVE('',#2466,#2464,#2529,.T.);
#2529 = CIRCLE('',#2530,1.75);
#2530 = AXIS2_PLACEMENT_3D('',#2531,#2532,#2533);
#2531 = CARTESIAN_POINT('',(1.,0.,4.6));
#2532 = DIRECTION('',(0.,-0.,-1.));
#2533 = DIRECTION('',(0.923879532511,-0.382683432365,0.));
#2534 = ORIENTED_EDGE('',*,*,#2482,.T.);
#2535 = ORIENTED_EDGE('',*,*,#2474,.F.);
#2536 = PLANE('',#2537);
#2537 = AXIS2_PLACEMENT_3D('',#2538,#2539,#2540);
#2538 = CARTESIAN_POINT('',(1.,0.,4.6));
#2539 = DIRECTION('',(0.,0.,-1.));
#2540 = DIRECTION('',(0.923879532511,-0.382683432365,0.));
#2541 = ADVANCED_FACE('',(#2542),#2563,.T.);
#2542 = FACE_BOUND('',#2543,.T.);
#2543 = EDGE_LOOP('',(#2544,#2545,#2554,#2561,#2562));
#2544 = ORIENTED_EDGE('',*,*,#2513,.F.);
#2545 = ORIENTED_EDGE('',*,*,#2546,.F.);
#2546 = EDGE_CURVE('',#2547,#2505,#2549,.T.);
#2547 = VERTEX_POINT('',#2548);
#2548 = CARTESIAN_POINT('',(-0.75,2.143131898508E-16,4.7));
#2549 = CIRCLE('',#2550,1.75);
#2550 = AXIS2_PLACEMENT_3D('',#2551,#2552,#2553);
#2551 = CARTESIAN_POINT('',(1.,0.,4.7));
#2552 = DIRECTION('',(0.,0.,1.));
#2553 = DIRECTION('',(-1.,1.224646799147E-16,0.));
#2554 = ORIENTED_EDGE('',*,*,#2555,.F.);
#2555 = EDGE_CURVE('',#2497,#2547,#2556,.T.);
#2556 = CIRCLE('',#2557,1.75);
#2557 = AXIS2_PLACEMENT_3D('',#2558,#2559,#2560);
#2558 = CARTESIAN_POINT('',(1.,0.,4.7));
#2559 = DIRECTION('',(0.,0.,1.));
#2560 = DIRECTION('',(-1.,1.224646799147E-16,0.));
#2561 = ORIENTED_EDGE('',*,*,#2496,.T.);
#2562 = ORIENTED_EDGE('',*,*,#2528,.F.);
#2563 = CYLINDRICAL_SURFACE('',#2564,1.75);
#2564 = AXIS2_PLACEMENT_3D('',#2565,#2566,#2567);
#2565 = CARTESIAN_POINT('',(1.,0.,5.));
#2566 = DIRECTION('',(0.,0.,-1.));
#2567 = DIRECTION('',(0.923879532511,-0.382683432365,0.));
#2568 = ADVANCED_FACE('',(#2569),#2574,.T.);
#2569 = FACE_BOUND('',#2570,.T.);
#2570 = EDGE_LOOP('',(#2571,#2572,#2573));
#2571 = ORIENTED_EDGE('',*,*,#2546,.T.);
#2572 = ORIENTED_EDGE('',*,*,#2504,.T.);
#2573 = ORIENTED_EDGE('',*,*,#2555,.T.);
#2574 = PLANE('',#2575);
#2575 = AXIS2_PLACEMENT_3D('',#2576,#2577,#2578);
#2576 = CARTESIAN_POINT('',(1.,-1.239108604125E-16,4.7));
#2577 = DIRECTION('',(0.,0.,1.));
#2578 = DIRECTION('',(-1.,1.224646799147E-16,0.));
#2579 = ( GEOMETRIC_REPRESENTATION_CONTEXT(3) 
GLOBAL_UNCERTAINTY_ASSIGNED_CONTEXT((#2583)) 
GLOBAL_UNIT_ASSIGNED_CONTEXT((#2580,#2581,#2582)) REPRESENTATION_CONTEXT
('Context #1','3D Context with UNIT and UNCERTAINTY') );
#2580 = ( LENGTH_UNIT() NAMED_UNIT(*) SI_UNIT(.MILLI.,.METRE.) );
#2581 = ( NAMED_UNIT(*) PLANE_ANGLE_UNIT() SI_UNIT($,.RADIAN.) );
#2582 = ( NAMED_UNIT(*) SI_UNIT($,.STERADIAN.) SOLID_ANGLE_UNIT() );
#2583 = UNCERTAINTY_MEASURE_WITH_UNIT(LENGTH_MEASURE(2.E-06),#2580,
  'distance_accuracy_value','confusion accuracy');
#2584 = CONTEXT_DEPENDENT_SHAPE_REPRESENTATION(#2585,#2587);
#2585 = ( REPRESENTATION_RELATIONSHIP('','',#538,#10) 
REPRESENTATION_RELATIONSHIP_WITH_TRANSFORMATION(#2586) 
SHAPE_REPRESENTATION_RELATIONSHIP() );
#2586 = ITEM_DEFINED_TRANSFORMATION('','',#11,#19);
#2587 = PRODUCT_DEFINITION_SHAPE('Placement','Placement of an item',
  #2588);
#2588 = NEXT_ASSEMBLY_USAGE_OCCURRENCE('2','C5','',#5,#533,$);
#2589 = PRODUCT_RELATED_PRODUCT_CATEGORY('part',$,(#535));
#2590 = CONTEXT_DEPENDENT_SHAPE_REPRESENTATION(#2591,#2593);
#2591 = ( REPRESENTATION_RELATIONSHIP('','',#132,#10) 
REPRESENTATION_RELATIONSHIP_WITH_TRANSFORMATION(#2592) 
SHAPE_REPRESENTATION_RELATIONSHIP() );
#2592 = ITEM_DEFINED_TRANSFORMATION('','',#11,#23);
#2593 = PRODUCT_DEFINITION_SHAPE('Placement','Placement of an item',
  #2594);
#2594 = NEXT_ASSEMBLY_USAGE_OCCURRENCE('3','R5','',#5,#127,$);
#2595 = SHAPE_DEFINITION_REPRESENTATION(#2596,#2602);
#2596 = PRODUCT_DEFINITION_SHAPE('','',#2597);
#2597 = PRODUCT_DEFINITION('design','',#2598,#2601);
#2598 = PRODUCT_DEFINITION_FORMATION('','',#2599);
#2599 = PRODUCT('D_1206_3216Metric','D_1206_3216Metric','',(#2600));
#2600 = PRODUCT_CONTEXT('',#2,'mechanical');
#2601 = PRODUCT_DEFINITION_CONTEXT('part definition',#2,'design');
#2602 = ADVANCED_BREP_SHAPE_REPRESENTATION('',(#11,#2603),#3879);
#2603 = MANIFOLD_SOLID_BREP('',#2604);
#2604 = CLOSED_SHELL('',(#2605,#2662,#2745,#2774,#2846,#2871,#2946,#2963
    ,#3049,#3073,#3181,#3198,#3215,#3239,#3251,#3268,#3280,#3297,#3314,
    #3331,#3400,#3425,#3442,#3508,#3520,#3537,#3568,#3592,#3616,#3633,
    #3667,#3696,#3720,#3749,#3776,#3805,#3829,#3851,#3863));
#2605 = ADVANCED_FACE('',(#2606),#2657,.T.);
#2606 = FACE_BOUND('',#2607,.T.);
#2607 = EDGE_LOOP('',(#2608,#2618,#2626,#2634,#2642,#2651));
#2608 = ORIENTED_EDGE('',*,*,#2609,.F.);
#2609 = EDGE_CURVE('',#2610,#2612,#2614,.T.);
#2610 = VERTEX_POINT('',#2611);
#2611 = CARTESIAN_POINT('',(1.03,0.8,0.96));
#2612 = VERTEX_POINT('',#2613);
#2613 = CARTESIAN_POINT('',(1.67,0.8,0.96));
#2614 = LINE('',#2615,#2616);
#2615 = CARTESIAN_POINT('',(1.,0.8,0.96));
#2616 = VECTOR('',#2617,1.);
#2617 = DIRECTION('',(1.,-2.22044604925E-16,0.));
#2618 = ORIENTED_EDGE('',*,*,#2619,.T.);
#2619 = EDGE_CURVE('',#2610,#2620,#2622,.T.);
#2620 = VERTEX_POINT('',#2621);
#2621 = CARTESIAN_POINT('',(1.03,-0.8,0.96));
#2622 = LINE('',#2623,#2624);
#2623 = CARTESIAN_POINT('',(1.03,0.8,0.96));
#2624 = VECTOR('',#2625,1.);
#2625 = DIRECTION('',(-2.22044604925E-16,-1.,0.));
#2626 = ORIENTED_EDGE('',*,*,#2627,.T.);
#2627 = EDGE_CURVE('',#2620,#2628,#2630,.T.);
#2628 = VERTEX_POINT('',#2629);
#2629 = CARTESIAN_POINT('',(1.67,-0.8,0.96));
#2630 = LINE('',#2631,#2632);
#2631 = CARTESIAN_POINT('',(1.,-0.8,0.96));
#2632 = VECTOR('',#2633,1.);
#2633 = DIRECTION('',(1.,-2.22044604925E-16,0.));
#2634 = ORIENTED_EDGE('',*,*,#2635,.F.);
#2635 = EDGE_CURVE('',#2636,#2628,#2638,.T.);
#2636 = VERTEX_POINT('',#2637);
#2637 = CARTESIAN_POINT('',(1.67,-0.48,0.96));
#2638 = LINE('',#2639,#2640);
#2639 = CARTESIAN_POINT('',(1.67,0.8,0.96));
#2640 = VECTOR('',#2641,1.);
#2641 = DIRECTION('',(-2.22044604925E-16,-1.,0.));
#2642 = ORIENTED_EDGE('',*,*,#2643,.F.);
#2643 = EDGE_CURVE('',#2644,#2636,#2646,.T.);
#2644 = VERTEX_POINT('',#2645);
#2645 = CARTESIAN_POINT('',(1.67,0.48,0.96));
#2646 = CIRCLE('',#2647,0.48);
#2647 = AXIS2_PLACEMENT_3D('',#2648,#2649,#2650);
#2648 = CARTESIAN_POINT('',(1.67,-3.430589146092E-16,0.96));
#2649 = DIRECTION('',(0.,0.,1.));
#2650 = DIRECTION('',(-2.22044604925E-16,-1.,0.));
#2651 = ORIENTED_EDGE('',*,*,#2652,.F.);
#2652 = EDGE_CURVE('',#2612,#2644,#2653,.T.);
#2653 = LINE('',#2654,#2655);
#2654 = CARTESIAN_POINT('',(1.67,0.8,0.96));
#2655 = VECTOR('',#2656,1.);
#2656 = DIRECTION('',(-2.22044604925E-16,-1.,0.));
#2657 = PLANE('',#2658);
#2658 = AXIS2_PLACEMENT_3D('',#2659,#2660,#2661);
#2659 = CARTESIAN_POINT('',(1.,0.8,0.96));
#2660 = DIRECTION('',(0.,0.,1.));
#2661 = DIRECTION('',(-2.22044604925E-16,-1.,0.));
#2662 = ADVANCED_FACE('',(#2663),#2740,.F.);
#2663 = FACE_BOUND('',#2664,.F.);
#2664 = EDGE_LOOP('',(#2665,#2675,#2684,#2692,#2701,#2709,#2716,#2717,
    #2726,#2734));
#2665 = ORIENTED_EDGE('',*,*,#2666,.F.);
#2666 = EDGE_CURVE('',#2667,#2669,#2671,.T.);
#2667 = VERTEX_POINT('',#2668);
#2668 = CARTESIAN_POINT('',(1.,0.8,3.E-02));
#2669 = VERTEX_POINT('',#2670);
#2670 = CARTESIAN_POINT('',(1.685,0.8,3.E-02));
#2671 = LINE('',#2672,#2673);
#2672 = CARTESIAN_POINT('',(-0.3425,0.8,3.E-02));
#2673 = VECTOR('',#2674,1.);
#2674 = DIRECTION('',(1.,-2.22044604925E-16,0.));
#2675 = ORIENTED_EDGE('',*,*,#2676,.T.);
#2676 = EDGE_CURVE('',#2667,#2677,#2679,.T.);
#2677 = VERTEX_POINT('',#2678);
#2678 = CARTESIAN_POINT('',(1.03,0.8,-3.469446951954E-18));
#2679 = CIRCLE('',#2680,3.E-02);
#2680 = AXIS2_PLACEMENT_3D('',#2681,#2682,#2683);
#2681 = CARTESIAN_POINT('',(1.03,0.8,3.E-02));
#2682 = DIRECTION('',(-2.22044604925E-16,-1.,0.));
#2683 = DIRECTION('',(0.,0.,1.));
#2684 = ORIENTED_EDGE('',*,*,#2685,.T.);
#2685 = EDGE_CURVE('',#2677,#2686,#2688,.T.);
#2686 = VERTEX_POINT('',#2687);
#2687 = CARTESIAN_POINT('',(1.67,0.8,-3.469446951954E-18));
#2688 = LINE('',#2689,#2690);
#2689 = CARTESIAN_POINT('',(1.,0.8,0.));
#2690 = VECTOR('',#2691,1.);
#2691 = DIRECTION('',(1.,-2.22044604925E-16,0.));
#2692 = ORIENTED_EDGE('',*,*,#2693,.F.);
#2693 = EDGE_CURVE('',#2694,#2686,#2696,.T.);
#2694 = VERTEX_POINT('',#2695);
#2695 = CARTESIAN_POINT('',(1.7,0.8,3.E-02));
#2696 = CIRCLE('',#2697,3.E-02);
#2697 = AXIS2_PLACEMENT_3D('',#2698,#2699,#2700);
#2698 = CARTESIAN_POINT('',(1.67,0.8,3.E-02));
#2699 = DIRECTION('',(2.22044604925E-16,1.,-0.));
#2700 = DIRECTION('',(0.,0.,1.));
#2701 = ORIENTED_EDGE('',*,*,#2702,.T.);
#2702 = EDGE_CURVE('',#2694,#2703,#2705,.T.);
#2703 = VERTEX_POINT('',#2704);
#2704 = CARTESIAN_POINT('',(1.7,0.8,0.93));
#2705 = LINE('',#2706,#2707);
#2706 = CARTESIAN_POINT('',(1.7,0.8,0.));
#2707 = VECTOR('',#2708,1.);
#2708 = DIRECTION('',(0.,0.,1.));
#2709 = ORIENTED_EDGE('',*,*,#2710,.T.);
#2710 = EDGE_CURVE('',#2703,#2612,#2711,.T.);
#2711 = CIRCLE('',#2712,3.E-02);
#2712 = AXIS2_PLACEMENT_3D('',#2713,#2714,#2715);
#2713 = CARTESIAN_POINT('',(1.67,0.8,0.93));
#2714 = DIRECTION('',(-2.22044604925E-16,-1.,0.));
#2715 = DIRECTION('',(0.,0.,1.));
#2716 = ORIENTED_EDGE('',*,*,#2609,.F.);
#2717 = ORIENTED_EDGE('',*,*,#2718,.F.);
#2718 = EDGE_CURVE('',#2719,#2610,#2721,.T.);
#2719 = VERTEX_POINT('',#2720);
#2720 = CARTESIAN_POINT('',(1.,0.8,0.93));
#2721 = CIRCLE('',#2722,3.E-02);
#2722 = AXIS2_PLACEMENT_3D('',#2723,#2724,#2725);
#2723 = CARTESIAN_POINT('',(1.03,0.8,0.93));
#2724 = DIRECTION('',(2.22044604925E-16,1.,-0.));
#2725 = DIRECTION('',(0.,0.,1.));
#2726 = ORIENTED_EDGE('',*,*,#2727,.T.);
#2727 = EDGE_CURVE('',#2719,#2728,#2730,.T.);
#2728 = VERTEX_POINT('',#2729);
#2729 = CARTESIAN_POINT('',(1.685,0.8,0.93));
#2730 = LINE('',#2731,#2732);
#2731 = CARTESIAN_POINT('',(-0.3425,0.8,0.93));
#2732 = VECTOR('',#2733,1.);
#2733 = DIRECTION('',(1.,-2.22044604925E-16,0.));
#2734 = ORIENTED_EDGE('',*,*,#2735,.T.);
#2735 = EDGE_CURVE('',#2728,#2669,#2736,.T.);
#2736 = LINE('',#2737,#2738);
#2737 = CARTESIAN_POINT('',(1.685,0.8,1.5E-02));
#2738 = VECTOR('',#2739,1.);
#2739 = DIRECTION('',(0.,0.,-1.));
#2740 = PLANE('',#2741);
#2741 = AXIS2_PLACEMENT_3D('',#2742,#2743,#2744);
#2742 = CARTESIAN_POINT('',(1.,0.8,0.));
#2743 = DIRECTION('',(-2.22044604925E-16,-1.,0.));
#2744 = DIRECTION('',(0.,0.,1.));
#2745 = ADVANCED_FACE('',(#2746),#2769,.T.);
#2746 = FACE_BOUND('',#2747,.T.);
#2747 = EDGE_LOOP('',(#2748,#2756,#2757,#2758));
#2748 = ORIENTED_EDGE('',*,*,#2749,.F.);
#2749 = EDGE_CURVE('',#2703,#2750,#2752,.T.);
#2750 = VERTEX_POINT('',#2751);
#2751 = CARTESIAN_POINT('',(1.7,0.47906158268,0.93));
#2752 = LINE('',#2753,#2754);
#2753 = CARTESIAN_POINT('',(1.7,0.8,0.93));
#2754 = VECTOR('',#2755,1.);
#2755 = DIRECTION('',(-2.22044604925E-16,-1.,0.));
#2756 = ORIENTED_EDGE('',*,*,#2710,.T.);
#2757 = ORIENTED_EDGE('',*,*,#2652,.T.);
#2758 = ORIENTED_EDGE('',*,*,#2759,.F.);
#2759 = EDGE_CURVE('',#2750,#2644,#2760,.T.);
#2760 = B_SPLINE_CURVE_WITH_KNOTS('',7,(#2761,#2762,#2763,#2764,#2765,
    #2766,#2767,#2768),.UNSPECIFIED.,.F.,.F.,(8,8),(0.,1.),
  .PIECEWISE_BEZIER_KNOTS.);
#2761 = CARTESIAN_POINT('',(1.7,0.47906158268,0.93));
#2762 = CARTESIAN_POINT('',(1.7,0.47906158268,0.936900649943));
#2763 = CARTESIAN_POINT('',(1.698148261339,0.479177589207,0.943696521465
    ));
#2764 = CARTESIAN_POINT('',(1.69454514703,0.479402977562,0.949838109932)
  );
#2765 = CARTESIAN_POINT('',(1.68945803699,0.47967696666,0.954835588434)
  );
#2766 = CARTESIAN_POINT('',(1.683289468995,0.479894296878,0.958307833414
    ));
#2767 = CARTESIAN_POINT('',(1.676595837202,0.48,0.96));
#2768 = CARTESIAN_POINT('',(1.67,0.48,0.96));
#2769 = CYLINDRICAL_SURFACE('',#2770,3.E-02);
#2770 = AXIS2_PLACEMENT_3D('',#2771,#2772,#2773);
#2771 = CARTESIAN_POINT('',(1.67,0.8,0.93));
#2772 = DIRECTION('',(-2.22044604925E-16,-1.,0.));
#2773 = DIRECTION('',(1.,-2.22044604925E-16,0.));
#2774 = ADVANCED_FACE('',(#2775),#2841,.F.);
#2775 = FACE_BOUND('',#2776,.F.);
#2776 = EDGE_LOOP('',(#2777,#2787,#2798,#2799,#2800,#2808,#2821,#2830));
#2777 = ORIENTED_EDGE('',*,*,#2778,.T.);
#2778 = EDGE_CURVE('',#2779,#2781,#2783,.T.);
#2779 = VERTEX_POINT('',#2780);
#2780 = CARTESIAN_POINT('',(1.7,-0.47906158268,3.E-02));
#2781 = VERTEX_POINT('',#2782);
#2782 = CARTESIAN_POINT('',(1.7,-0.47906158268,0.93));
#2783 = LINE('',#2784,#2785);
#2784 = CARTESIAN_POINT('',(1.7,-0.47906158268,0.96));
#2785 = VECTOR('',#2786,1.);
#2786 = DIRECTION('',(0.,0.,1.));
#2787 = ORIENTED_EDGE('',*,*,#2788,.T.);
#2788 = EDGE_CURVE('',#2781,#2636,#2789,.T.);
#2789 = B_SPLINE_CURVE_WITH_KNOTS('',7,(#2790,#2791,#2792,#2793,#2794,
    #2795,#2796,#2797),.UNSPECIFIED.,.F.,.F.,(8,8),(0.,1.),
  .PIECEWISE_BEZIER_KNOTS.);
#2790 = CARTESIAN_POINT('',(1.7,-0.47906158268,0.93));
#2791 = CARTESIAN_POINT('',(1.7,-0.47906158268,0.936900650049));
#2792 = CARTESIAN_POINT('',(1.698148263184,-0.479177588774,
    0.943696515949));
#2793 = CARTESIAN_POINT('',(1.694545141314,-0.479402978946,
    0.949838123717));
#2794 = CARTESIAN_POINT('',(1.689458046695,-0.479676964631,
    0.954835571457));
#2795 = CARTESIAN_POINT('',(1.683289457164,-0.479894298544,
    0.958307846648));
#2796 = CARTESIAN_POINT('',(1.676595844294,-0.47999999934,0.959999994723
    ));
#2797 = CARTESIAN_POINT('',(1.67,-0.48,0.96));
#2798 = ORIENTED_EDGE('',*,*,#2643,.F.);
#2799 = ORIENTED_EDGE('',*,*,#2759,.F.);
#2800 = ORIENTED_EDGE('',*,*,#2801,.F.);
#2801 = EDGE_CURVE('',#2802,#2750,#2804,.T.);
#2802 = VERTEX_POINT('',#2803);
#2803 = CARTESIAN_POINT('',(1.7,0.47906158268,3.E-02));
#2804 = LINE('',#2805,#2806);
#2805 = CARTESIAN_POINT('',(1.7,0.47906158268,0.96));
#2806 = VECTOR('',#2807,1.);
#2807 = DIRECTION('',(0.,0.,1.));
#2808 = ORIENTED_EDGE('',*,*,#2809,.T.);
#2809 = EDGE_CURVE('',#2802,#2810,#2812,.T.);
#2810 = VERTEX_POINT('',#2811);
#2811 = CARTESIAN_POINT('',(1.67,0.48,-3.469446951954E-18));
#2812 = B_SPLINE_CURVE_WITH_KNOTS('',7,(#2813,#2814,#2815,#2816,#2817,
    #2818,#2819,#2820),.UNSPECIFIED.,.F.,.F.,(8,8),(0.,1.),
  .PIECEWISE_BEZIER_KNOTS.);
#2813 = CARTESIAN_POINT('',(1.7,0.47906158268,3.E-02));
#2814 = CARTESIAN_POINT('',(1.7,0.47906158268,2.309935005657E-02));
#2815 = CARTESIAN_POINT('',(1.698148261339,0.479177589207,
    1.630347853607E-02));
#2816 = CARTESIAN_POINT('',(1.69454514703,0.479402977562,
    1.016189006705E-02));
#2817 = CARTESIAN_POINT('',(1.689458036988,0.47967696666,
    5.164411566132E-03));
#2818 = CARTESIAN_POINT('',(1.683289468995,0.479894296878,
    1.692166585462E-03));
#2819 = CARTESIAN_POINT('',(1.676595837202,0.48,-1.734723475977E-18));
#2820 = CARTESIAN_POINT('',(1.67,0.48,-1.734723475977E-18));
#2821 = ORIENTED_EDGE('',*,*,#2822,.T.);
#2822 = EDGE_CURVE('',#2810,#2823,#2825,.T.);
#2823 = VERTEX_POINT('',#2824);
#2824 = CARTESIAN_POINT('',(1.67,-0.48,-1.734723475977E-18));
#2825 = CIRCLE('',#2826,0.48);
#2826 = AXIS2_PLACEMENT_3D('',#2827,#2828,#2829);
#2827 = CARTESIAN_POINT('',(1.67,-3.430589146092E-16,0.));
#2828 = DIRECTION('',(0.,0.,1.));
#2829 = DIRECTION('',(-2.22044604925E-16,-1.,0.));
#2830 = ORIENTED_EDGE('',*,*,#2831,.F.);
#2831 = EDGE_CURVE('',#2779,#2823,#2832,.T.);
#2832 = B_SPLINE_CURVE_WITH_KNOTS('',7,(#2833,#2834,#2835,#2836,#2837,
    #2838,#2839,#2840),.UNSPECIFIED.,.F.,.F.,(8,8),(0.,1.),
  .PIECEWISE_BEZIER_KNOTS.);
#2833 = CARTESIAN_POINT('',(1.7,-0.47906158268,3.E-02));
#2834 = CARTESIAN_POINT('',(1.7,-0.47906158268,2.30993499503E-02));
#2835 = CARTESIAN_POINT('',(1.698148263184,-0.479177588774,
    1.630348405165E-02));
#2836 = CARTESIAN_POINT('',(1.694545141314,-0.479402978946,
    1.016187628159E-02));
#2837 = CARTESIAN_POINT('',(1.689458046694,-0.479676964631,
    5.164428543393E-03));
#2838 = CARTESIAN_POINT('',(1.683289457165,-0.479894298544,
    1.692153352307E-03));
#2839 = CARTESIAN_POINT('',(1.676595844294,-0.47999999934,
    5.276675430726E-09));
#2840 = CARTESIAN_POINT('',(1.67,-0.48,-1.734723475977E-18));
#2841 = CYLINDRICAL_SURFACE('',#2842,0.48);
#2842 = AXIS2_PLACEMENT_3D('',#2843,#2844,#2845);
#2843 = CARTESIAN_POINT('',(1.67,-3.430589146092E-16,0.96));
#2844 = DIRECTION('',(0.,0.,1.));
#2845 = DIRECTION('',(-2.22044604925E-16,-1.,0.));
#2846 = ADVANCED_FACE('',(#2847),#2866,.T.);
#2847 = FACE_BOUND('',#2848,.T.);
#2848 = EDGE_LOOP('',(#2849,#2857,#2858,#2859));
#2849 = ORIENTED_EDGE('',*,*,#2850,.F.);
#2850 = EDGE_CURVE('',#2781,#2851,#2853,.T.);
#2851 = VERTEX_POINT('',#2852);
#2852 = CARTESIAN_POINT('',(1.7,-0.8,0.93));
#2853 = LINE('',#2854,#2855);
#2854 = CARTESIAN_POINT('',(1.7,0.8,0.93));
#2855 = VECTOR('',#2856,1.);
#2856 = DIRECTION('',(-2.22044604925E-16,-1.,0.));
#2857 = ORIENTED_EDGE('',*,*,#2788,.T.);
#2858 = ORIENTED_EDGE('',*,*,#2635,.T.);
#2859 = ORIENTED_EDGE('',*,*,#2860,.F.);
#2860 = EDGE_CURVE('',#2851,#2628,#2861,.T.);
#2861 = CIRCLE('',#2862,3.E-02);
#2862 = AXIS2_PLACEMENT_3D('',#2863,#2864,#2865);
#2863 = CARTESIAN_POINT('',(1.67,-0.8,0.93));
#2864 = DIRECTION('',(-2.22044604925E-16,-1.,0.));
#2865 = DIRECTION('',(0.,0.,1.));
#2866 = CYLINDRICAL_SURFACE('',#2867,3.E-02);
#2867 = AXIS2_PLACEMENT_3D('',#2868,#2869,#2870);
#2868 = CARTESIAN_POINT('',(1.67,0.8,0.93));
#2869 = DIRECTION('',(-2.22044604925E-16,-1.,0.));
#2870 = DIRECTION('',(1.,-2.22044604925E-16,0.));
#2871 = ADVANCED_FACE('',(#2872),#2941,.T.);
#2872 = FACE_BOUND('',#2873,.T.);
#2873 = EDGE_LOOP('',(#2874,#2884,#2893,#2901,#2910,#2916,#2917,#2918,
    #2927,#2935));
#2874 = ORIENTED_EDGE('',*,*,#2875,.F.);
#2875 = EDGE_CURVE('',#2876,#2878,#2880,.T.);
#2876 = VERTEX_POINT('',#2877);
#2877 = CARTESIAN_POINT('',(1.,-0.8,3.E-02));
#2878 = VERTEX_POINT('',#2879);
#2879 = CARTESIAN_POINT('',(1.685,-0.8,3.E-02));
#2880 = LINE('',#2881,#2882);
#2881 = CARTESIAN_POINT('',(-0.3425,-0.8,3.E-02));
#2882 = VECTOR('',#2883,1.);
#2883 = DIRECTION('',(1.,-2.22044604925E-16,0.));
#2884 = ORIENTED_EDGE('',*,*,#2885,.T.);
#2885 = EDGE_CURVE('',#2876,#2886,#2888,.T.);
#2886 = VERTEX_POINT('',#2887);
#2887 = CARTESIAN_POINT('',(1.03,-0.8,-3.469446951954E-18));
#2888 = CIRCLE('',#2889,3.E-02);
#2889 = AXIS2_PLACEMENT_3D('',#2890,#2891,#2892);
#2890 = CARTESIAN_POINT('',(1.03,-0.8,3.E-02));
#2891 = DIRECTION('',(-2.22044604925E-16,-1.,0.));
#2892 = DIRECTION('',(0.,0.,1.));
#2893 = ORIENTED_EDGE('',*,*,#2894,.T.);
#2894 = EDGE_CURVE('',#2886,#2895,#2897,.T.);
#2895 = VERTEX_POINT('',#2896);
#2896 = CARTESIAN_POINT('',(1.67,-0.8,-3.469446951954E-18));
#2897 = LINE('',#2898,#2899);
#2898 = CARTESIAN_POINT('',(1.,-0.8,0.));
#2899 = VECTOR('',#2900,1.);
#2900 = DIRECTION('',(1.,-2.22044604925E-16,0.));
#2901 = ORIENTED_EDGE('',*,*,#2902,.F.);
#2902 = EDGE_CURVE('',#2903,#2895,#2905,.T.);
#2903 = VERTEX_POINT('',#2904);
#2904 = CARTESIAN_POINT('',(1.7,-0.8,3.E-02));
#2905 = CIRCLE('',#2906,3.E-02);
#2906 = AXIS2_PLACEMENT_3D('',#2907,#2908,#2909);
#2907 = CARTESIAN_POINT('',(1.67,-0.8,3.E-02));
#2908 = DIRECTION('',(2.22044604925E-16,1.,-0.));
#2909 = DIRECTION('',(0.,0.,1.));
#2910 = ORIENTED_EDGE('',*,*,#2911,.T.);
#2911 = EDGE_CURVE('',#2903,#2851,#2912,.T.);
#2912 = LINE('',#2913,#2914);
#2913 = CARTESIAN_POINT('',(1.7,-0.8,0.));
#2914 = VECTOR('',#2915,1.);
#2915 = DIRECTION('',(0.,0.,1.));
#2916 = ORIENTED_EDGE('',*,*,#2860,.T.);
#2917 = ORIENTED_EDGE('',*,*,#2627,.F.);
#2918 = ORIENTED_EDGE('',*,*,#2919,.F.);
#2919 = EDGE_CURVE('',#2920,#2620,#2922,.T.);
#2920 = VERTEX_POINT('',#2921);
#2921 = CARTESIAN_POINT('',(1.,-0.8,0.93));
#2922 = CIRCLE('',#2923,3.E-02);
#2923 = AXIS2_PLACEMENT_3D('',#2924,#2925,#2926);
#2924 = CARTESIAN_POINT('',(1.03,-0.8,0.93));
#2925 = DIRECTION('',(2.22044604925E-16,1.,-0.));
#2926 = DIRECTION('',(0.,0.,1.));
#2927 = ORIENTED_EDGE('',*,*,#2928,.T.);
#2928 = EDGE_CURVE('',#2920,#2929,#2931,.T.);
#2929 = VERTEX_POINT('',#2930);
#2930 = CARTESIAN_POINT('',(1.685,-0.8,0.93));
#2931 = LINE('',#2932,#2933);
#2932 = CARTESIAN_POINT('',(-0.3425,-0.8,0.93));
#2933 = VECTOR('',#2934,1.);
#2934 = DIRECTION('',(1.,-2.22044604925E-16,0.));
#2935 = ORIENTED_EDGE('',*,*,#2936,.T.);
#2936 = EDGE_CURVE('',#2929,#2878,#2937,.T.);
#2937 = LINE('',#2938,#2939);
#2938 = CARTESIAN_POINT('',(1.685,-0.8,1.5E-02));
#2939 = VECTOR('',#2940,1.);
#2940 = DIRECTION('',(0.,0.,-1.));
#2941 = PLANE('',#2942);
#2942 = AXIS2_PLACEMENT_3D('',#2943,#2944,#2945);
#2943 = CARTESIAN_POINT('',(1.,-0.8,0.));
#2944 = DIRECTION('',(-2.22044604925E-16,-1.,0.));
#2945 = DIRECTION('',(0.,0.,1.));
#2946 = ADVANCED_FACE('',(#2947),#2958,.T.);
#2947 = FACE_BOUND('',#2948,.T.);
#2948 = EDGE_LOOP('',(#2949,#2955,#2956,#2957));
#2949 = ORIENTED_EDGE('',*,*,#2950,.F.);
#2950 = EDGE_CURVE('',#2920,#2719,#2951,.T.);
#2951 = LINE('',#2952,#2953);
#2952 = CARTESIAN_POINT('',(1.,-6.75E-02,0.93));
#2953 = VECTOR('',#2954,1.);
#2954 = DIRECTION('',(2.22044604925E-16,1.,0.));
#2955 = ORIENTED_EDGE('',*,*,#2919,.T.);
#2956 = ORIENTED_EDGE('',*,*,#2619,.F.);
#2957 = ORIENTED_EDGE('',*,*,#2718,.F.);
#2958 = CYLINDRICAL_SURFACE('',#2959,3.E-02);
#2959 = AXIS2_PLACEMENT_3D('',#2960,#2961,#2962);
#2960 = CARTESIAN_POINT('',(1.03,0.8,0.93));
#2961 = DIRECTION('',(-2.22044604925E-16,-1.,0.));
#2962 = DIRECTION('',(-1.,2.22044604925E-16,0.));
#2963 = ADVANCED_FACE('',(#2964),#3044,.F.);
#2964 = FACE_BOUND('',#2965,.F.);
#2965 = EDGE_LOOP('',(#2966,#2974,#2982,#2990,#2998,#3006,#3014,#3022,
    #3030,#3036,#3037,#3043));
#2966 = ORIENTED_EDGE('',*,*,#2967,.T.);
#2967 = EDGE_CURVE('',#2669,#2968,#2970,.T.);
#2968 = VERTEX_POINT('',#2969);
#2969 = CARTESIAN_POINT('',(1.685,0.935,3.E-02));
#2970 = LINE('',#2971,#2972);
#2971 = CARTESIAN_POINT('',(1.685,-0.935,3.E-02));
#2972 = VECTOR('',#2973,1.);
#2973 = DIRECTION('',(0.,1.,0.));
#2974 = ORIENTED_EDGE('',*,*,#2975,.F.);
#2975 = EDGE_CURVE('',#2976,#2968,#2978,.T.);
#2976 = VERTEX_POINT('',#2977);
#2977 = CARTESIAN_POINT('',(-1.685,0.935,3.E-02));
#2978 = LINE('',#2979,#2980);
#2979 = CARTESIAN_POINT('',(-1.685,0.935,3.E-02));
#2980 = VECTOR('',#2981,1.);
#2981 = DIRECTION('',(1.,0.,0.));
#2982 = ORIENTED_EDGE('',*,*,#2983,.F.);
#2983 = EDGE_CURVE('',#2984,#2976,#2986,.T.);
#2984 = VERTEX_POINT('',#2985);
#2985 = CARTESIAN_POINT('',(-1.685,0.8,3.E-02));
#2986 = LINE('',#2987,#2988);
#2987 = CARTESIAN_POINT('',(-1.685,-0.935,3.E-02));
#2988 = VECTOR('',#2989,1.);
#2989 = DIRECTION('',(0.,1.,0.));
#2990 = ORIENTED_EDGE('',*,*,#2991,.F.);
#2991 = EDGE_CURVE('',#2992,#2984,#2994,.T.);
#2992 = VERTEX_POINT('',#2993);
#2993 = CARTESIAN_POINT('',(-1.,0.8,3.E-02));
#2994 = LINE('',#2995,#2996);
#2995 = CARTESIAN_POINT('',(-1.3425,0.8,3.E-02));
#2996 = VECTOR('',#2997,1.);
#2997 = DIRECTION('',(-1.,1.110223024625E-16,0.));
#2998 = ORIENTED_EDGE('',*,*,#2999,.T.);
#2999 = EDGE_CURVE('',#2992,#3000,#3002,.T.);
#3000 = VERTEX_POINT('',#3001);
#3001 = CARTESIAN_POINT('',(-1.,-0.8,3.E-02));
#3002 = LINE('',#3003,#3004);
#3003 = CARTESIAN_POINT('',(-1.,-0.8675,3.E-02));
#3004 = VECTOR('',#3005,1.);
#3005 = DIRECTION('',(-1.110223024625E-16,-1.,0.));
#3006 = ORIENTED_EDGE('',*,*,#3007,.T.);
#3007 = EDGE_CURVE('',#3000,#3008,#3010,.T.);
#3008 = VERTEX_POINT('',#3009);
#3009 = CARTESIAN_POINT('',(-1.685,-0.8,3.E-02));
#3010 = LINE('',#3011,#3012);
#3011 = CARTESIAN_POINT('',(-1.3425,-0.8,3.E-02));
#3012 = VECTOR('',#3013,1.);
#3013 = DIRECTION('',(-1.,1.110223024625E-16,0.));
#3014 = ORIENTED_EDGE('',*,*,#3015,.F.);
#3015 = EDGE_CURVE('',#3016,#3008,#3018,.T.);
#3016 = VERTEX_POINT('',#3017);
#3017 = CARTESIAN_POINT('',(-1.685,-0.935,3.E-02));
#3018 = LINE('',#3019,#3020);
#3019 = CARTESIAN_POINT('',(-1.685,-0.935,3.E-02));
#3020 = VECTOR('',#3021,1.);
#3021 = DIRECTION('',(0.,1.,0.));
#3022 = ORIENTED_EDGE('',*,*,#3023,.T.);
#3023 = EDGE_CURVE('',#3016,#3024,#3026,.T.);
#3024 = VERTEX_POINT('',#3025);
#3025 = CARTESIAN_POINT('',(1.685,-0.935,3.E-02));
#3026 = LINE('',#3027,#3028);
#3027 = CARTESIAN_POINT('',(-1.685,-0.935,3.E-02));
#3028 = VECTOR('',#3029,1.);
#3029 = DIRECTION('',(1.,0.,0.));
#3030 = ORIENTED_EDGE('',*,*,#3031,.T.);
#3031 = EDGE_CURVE('',#3024,#2878,#3032,.T.);
#3032 = LINE('',#3033,#3034);
#3033 = CARTESIAN_POINT('',(1.685,-0.935,3.E-02));
#3034 = VECTOR('',#3035,1.);
#3035 = DIRECTION('',(0.,1.,0.));
#3036 = ORIENTED_EDGE('',*,*,#2875,.F.);
#3037 = ORIENTED_EDGE('',*,*,#3038,.T.);
#3038 = EDGE_CURVE('',#2876,#2667,#3039,.T.);
#3039 = LINE('',#3040,#3041);
#3040 = CARTESIAN_POINT('',(1.,-6.75E-02,3.E-02));
#3041 = VECTOR('',#3042,1.);
#3042 = DIRECTION('',(2.22044604925E-16,1.,0.));
#3043 = ORIENTED_EDGE('',*,*,#2666,.T.);
#3044 = PLANE('',#3045);
#3045 = AXIS2_PLACEMENT_3D('',#3046,#3047,#3048);
#3046 = CARTESIAN_POINT('',(-1.685,-0.935,3.E-02));
#3047 = DIRECTION('',(0.,0.,1.));
#3048 = DIRECTION('',(1.,0.,-0.));
#3049 = ADVANCED_FACE('',(#3050),#3068,.T.);
#3050 = FACE_BOUND('',#3051,.T.);
#3051 = EDGE_LOOP('',(#3052,#3060,#3061,#3062));
#3052 = ORIENTED_EDGE('',*,*,#3053,.F.);
#3053 = EDGE_CURVE('',#2728,#3054,#3056,.T.);
#3054 = VERTEX_POINT('',#3055);
#3055 = CARTESIAN_POINT('',(1.685,0.935,0.93));
#3056 = LINE('',#3057,#3058);
#3057 = CARTESIAN_POINT('',(1.685,-0.935,0.93));
#3058 = VECTOR('',#3059,1.);
#3059 = DIRECTION('',(0.,1.,0.));
#3060 = ORIENTED_EDGE('',*,*,#2735,.T.);
#3061 = ORIENTED_EDGE('',*,*,#2967,.T.);
#3062 = ORIENTED_EDGE('',*,*,#3063,.T.);
#3063 = EDGE_CURVE('',#2968,#3054,#3064,.T.);
#3064 = LINE('',#3065,#3066);
#3065 = CARTESIAN_POINT('',(1.685,0.935,3.E-02));
#3066 = VECTOR('',#3067,1.);
#3067 = DIRECTION('',(0.,0.,1.));
#3068 = PLANE('',#3069);
#3069 = AXIS2_PLACEMENT_3D('',#3070,#3071,#3072);
#3070 = CARTESIAN_POINT('',(1.685,-0.935,3.E-02));
#3071 = DIRECTION('',(1.,0.,0.));
#3072 = DIRECTION('',(0.,0.,1.));
#3073 = ADVANCED_FACE('',(#3074,#3142),#3176,.T.);
#3074 = FACE_BOUND('',#3075,.T.);
#3075 = EDGE_LOOP('',(#3076,#3077,#3085,#3093,#3101,#3109,#3117,#3125,
    #3133,#3139,#3140,#3141));
#3076 = ORIENTED_EDGE('',*,*,#3053,.T.);
#3077 = ORIENTED_EDGE('',*,*,#3078,.F.);
#3078 = EDGE_CURVE('',#3079,#3054,#3081,.T.);
#3079 = VERTEX_POINT('',#3080);
#3080 = CARTESIAN_POINT('',(-1.685,0.935,0.93));
#3081 = LINE('',#3082,#3083);
#3082 = CARTESIAN_POINT('',(-1.685,0.935,0.93));
#3083 = VECTOR('',#3084,1.);
#3084 = DIRECTION('',(1.,0.,0.));
#3085 = ORIENTED_EDGE('',*,*,#3086,.F.);
#3086 = EDGE_CURVE('',#3087,#3079,#3089,.T.);
#3087 = VERTEX_POINT('',#3088);
#3088 = CARTESIAN_POINT('',(-1.685,0.8,0.93));
#3089 = LINE('',#3090,#3091);
#3090 = CARTESIAN_POINT('',(-1.685,-0.935,0.93));
#3091 = VECTOR('',#3092,1.);
#3092 = DIRECTION('',(0.,1.,0.));
#3093 = ORIENTED_EDGE('',*,*,#3094,.F.);
#3094 = EDGE_CURVE('',#3095,#3087,#3097,.T.);
#3095 = VERTEX_POINT('',#3096);
#3096 = CARTESIAN_POINT('',(-1.,0.8,0.93));
#3097 = LINE('',#3098,#3099);
#3098 = CARTESIAN_POINT('',(-1.3425,0.8,0.93));
#3099 = VECTOR('',#3100,1.);
#3100 = DIRECTION('',(-1.,1.110223024625E-16,0.));
#3101 = ORIENTED_EDGE('',*,*,#3102,.T.);
#3102 = EDGE_CURVE('',#3095,#3103,#3105,.T.);
#3103 = VERTEX_POINT('',#3104);
#3104 = CARTESIAN_POINT('',(-1.,-0.8,0.93));
#3105 = LINE('',#3106,#3107);
#3106 = CARTESIAN_POINT('',(-1.,-0.8675,0.93));
#3107 = VECTOR('',#3108,1.);
#3108 = DIRECTION('',(-1.110223024625E-16,-1.,0.));
#3109 = ORIENTED_EDGE('',*,*,#3110,.T.);
#3110 = EDGE_CURVE('',#3103,#3111,#3113,.T.);
#3111 = VERTEX_POINT('',#3112);
#3112 = CARTESIAN_POINT('',(-1.685,-0.8,0.93));
#3113 = LINE('',#3114,#3115);
#3114 = CARTESIAN_POINT('',(-1.3425,-0.8,0.93));
#3115 = VECTOR('',#3116,1.);
#3116 = DIRECTION('',(-1.,1.110223024625E-16,0.));
#3117 = ORIENTED_EDGE('',*,*,#3118,.F.);
#3118 = EDGE_CURVE('',#3119,#3111,#3121,.T.);
#3119 = VERTEX_POINT('',#3120);
#3120 = CARTESIAN_POINT('',(-1.685,-0.935,0.93));
#3121 = LINE('',#3122,#3123);
#3122 = CARTESIAN_POINT('',(-1.685,-0.935,0.93));
#3123 = VECTOR('',#3124,1.);
#3124 = DIRECTION('',(0.,1.,0.));
#3125 = ORIENTED_EDGE('',*,*,#3126,.T.);
#3126 = EDGE_CURVE('',#3119,#3127,#3129,.T.);
#3127 = VERTEX_POINT('',#3128);
#3128 = CARTESIAN_POINT('',(1.685,-0.935,0.93));
#3129 = LINE('',#3130,#3131);
#3130 = CARTESIAN_POINT('',(-1.685,-0.935,0.93));
#3131 = VECTOR('',#3132,1.);
#3132 = DIRECTION('',(1.,0.,0.));
#3133 = ORIENTED_EDGE('',*,*,#3134,.T.);
#3134 = EDGE_CURVE('',#3127,#2929,#3135,.T.);
#3135 = LINE('',#3136,#3137);
#3136 = CARTESIAN_POINT('',(1.685,-0.935,0.93));
#3137 = VECTOR('',#3138,1.);
#3138 = DIRECTION('',(0.,1.,0.));
#3139 = ORIENTED_EDGE('',*,*,#2928,.F.);
#3140 = ORIENTED_EDGE('',*,*,#2950,.T.);
#3141 = ORIENTED_EDGE('',*,*,#2727,.T.);
#3142 = FACE_BOUND('',#3143,.T.);
#3143 = EDGE_LOOP('',(#3144,#3154,#3162,#3170));
#3144 = ORIENTED_EDGE('',*,*,#3145,.F.);
#3145 = EDGE_CURVE('',#3146,#3148,#3150,.T.);
#3146 = VERTEX_POINT('',#3147);
#3147 = CARTESIAN_POINT('',(-0.615,-0.85,0.93));
#3148 = VERTEX_POINT('',#3149);
#3149 = CARTESIAN_POINT('',(-0.615,0.85,0.93));
#3150 = LINE('',#3151,#3152);
#3151 = CARTESIAN_POINT('',(-0.615,-0.8925,0.93));
#3152 = VECTOR('',#3153,1.);
#3153 = DIRECTION('',(0.,1.,0.));
#3154 = ORIENTED_EDGE('',*,*,#3155,.T.);
#3155 = EDGE_CURVE('',#3146,#3156,#3158,.T.);
#3156 = VERTEX_POINT('',#3157);
#3157 = CARTESIAN_POINT('',(-0.915,-0.85,0.93));
#3158 = LINE('',#3159,#3160);
#3159 = CARTESIAN_POINT('',(-1.3,-0.85,0.93));
#3160 = VECTOR('',#3161,1.);
#3161 = DIRECTION('',(-1.,0.,0.));
#3162 = ORIENTED_EDGE('',*,*,#3163,.T.);
#3163 = EDGE_CURVE('',#3156,#3164,#3166,.T.);
#3164 = VERTEX_POINT('',#3165);
#3165 = CARTESIAN_POINT('',(-0.915,0.85,0.93));
#3166 = LINE('',#3167,#3168);
#3167 = CARTESIAN_POINT('',(-0.915,-0.8925,0.93));
#3168 = VECTOR('',#3169,1.);
#3169 = DIRECTION('',(0.,1.,0.));
#3170 = ORIENTED_EDGE('',*,*,#3171,.F.);
#3171 = EDGE_CURVE('',#3148,#3164,#3172,.T.);
#3172 = LINE('',#3173,#3174);
#3173 = CARTESIAN_POINT('',(-1.3,0.85,0.93));
#3174 = VECTOR('',#3175,1.);
#3175 = DIRECTION('',(-1.,0.,0.));
#3176 = PLANE('',#3177);
#3177 = AXIS2_PLACEMENT_3D('',#3178,#3179,#3180);
#3178 = CARTESIAN_POINT('',(-1.685,-0.935,0.93));
#3179 = DIRECTION('',(0.,0.,1.));
#3180 = DIRECTION('',(1.,0.,-0.));
#3181 = ADVANCED_FACE('',(#3182),#3193,.T.);
#3182 = FACE_BOUND('',#3183,.T.);
#3183 = EDGE_LOOP('',(#3184,#3185,#3191,#3192));
#3184 = ORIENTED_EDGE('',*,*,#2801,.F.);
#3185 = ORIENTED_EDGE('',*,*,#3186,.F.);
#3186 = EDGE_CURVE('',#2694,#2802,#3187,.T.);
#3187 = LINE('',#3188,#3189);
#3188 = CARTESIAN_POINT('',(1.7,0.8,3.E-02));
#3189 = VECTOR('',#3190,1.);
#3190 = DIRECTION('',(-2.22044604925E-16,-1.,0.));
#3191 = ORIENTED_EDGE('',*,*,#2702,.T.);
#3192 = ORIENTED_EDGE('',*,*,#2749,.T.);
#3193 = PLANE('',#3194);
#3194 = AXIS2_PLACEMENT_3D('',#3195,#3196,#3197);
#3195 = CARTESIAN_POINT('',(1.7,0.8,0.));
#3196 = DIRECTION('',(1.,-2.22044604925E-16,0.));
#3197 = DIRECTION('',(0.,0.,1.));
#3198 = ADVANCED_FACE('',(#3199),#3210,.T.);
#3199 = FACE_BOUND('',#3200,.T.);
#3200 = EDGE_LOOP('',(#3201,#3202,#3208,#3209));
#3201 = ORIENTED_EDGE('',*,*,#2809,.T.);
#3202 = ORIENTED_EDGE('',*,*,#3203,.F.);
#3203 = EDGE_CURVE('',#2686,#2810,#3204,.T.);
#3204 = LINE('',#3205,#3206);
#3205 = CARTESIAN_POINT('',(1.67,0.8,-3.469446951954E-18));
#3206 = VECTOR('',#3207,1.);
#3207 = DIRECTION('',(-2.22044604925E-16,-1.,0.));
#3208 = ORIENTED_EDGE('',*,*,#2693,.F.);
#3209 = ORIENTED_EDGE('',*,*,#3186,.T.);
#3210 = CYLINDRICAL_SURFACE('',#3211,3.E-02);
#3211 = AXIS2_PLACEMENT_3D('',#3212,#3213,#3214);
#3212 = CARTESIAN_POINT('',(1.67,0.8,3.E-02));
#3213 = DIRECTION('',(-2.22044604925E-16,-1.,0.));
#3214 = DIRECTION('',(1.,-2.22044604925E-16,0.));
#3215 = ADVANCED_FACE('',(#3216),#3234,.F.);
#3216 = FACE_BOUND('',#3217,.F.);
#3217 = EDGE_LOOP('',(#3218,#3219,#3225,#3226,#3232,#3233));
#3218 = ORIENTED_EDGE('',*,*,#2685,.F.);
#3219 = ORIENTED_EDGE('',*,*,#3220,.T.);
#3220 = EDGE_CURVE('',#2677,#2886,#3221,.T.);
#3221 = LINE('',#3222,#3223);
#3222 = CARTESIAN_POINT('',(1.03,0.8,-3.469446951954E-18));
#3223 = VECTOR('',#3224,1.);
#3224 = DIRECTION('',(-2.22044604925E-16,-1.,0.));
#3225 = ORIENTED_EDGE('',*,*,#2894,.T.);
#3226 = ORIENTED_EDGE('',*,*,#3227,.F.);
#3227 = EDGE_CURVE('',#2823,#2895,#3228,.T.);
#3228 = LINE('',#3229,#3230);
#3229 = CARTESIAN_POINT('',(1.67,0.8,-3.469446951954E-18));
#3230 = VECTOR('',#3231,1.);
#3231 = DIRECTION('',(-2.22044604925E-16,-1.,0.));
#3232 = ORIENTED_EDGE('',*,*,#2822,.F.);
#3233 = ORIENTED_EDGE('',*,*,#3203,.F.);
#3234 = PLANE('',#3235);
#3235 = AXIS2_PLACEMENT_3D('',#3236,#3237,#3238);
#3236 = CARTESIAN_POINT('',(1.,0.8,0.));
#3237 = DIRECTION('',(0.,0.,1.));
#3238 = DIRECTION('',(-2.22044604925E-16,-1.,0.));
#3239 = ADVANCED_FACE('',(#3240),#3246,.T.);
#3240 = FACE_BOUND('',#3241,.T.);
#3241 = EDGE_LOOP('',(#3242,#3243,#3244,#3245));
#3242 = ORIENTED_EDGE('',*,*,#2676,.T.);
#3243 = ORIENTED_EDGE('',*,*,#3220,.T.);
#3244 = ORIENTED_EDGE('',*,*,#2885,.F.);
#3245 = ORIENTED_EDGE('',*,*,#3038,.T.);
#3246 = CYLINDRICAL_SURFACE('',#3247,3.E-02);
#3247 = AXIS2_PLACEMENT_3D('',#3248,#3249,#3250);
#3248 = CARTESIAN_POINT('',(1.03,0.8,3.E-02));
#3249 = DIRECTION('',(-2.22044604925E-16,-1.,0.));
#3250 = DIRECTION('',(-1.,2.22044604925E-16,0.));
#3251 = ADVANCED_FACE('',(#3252),#3263,.T.);
#3252 = FACE_BOUND('',#3253,.T.);
#3253 = EDGE_LOOP('',(#3254,#3255,#3261,#3262));
#3254 = ORIENTED_EDGE('',*,*,#2911,.F.);
#3255 = ORIENTED_EDGE('',*,*,#3256,.F.);
#3256 = EDGE_CURVE('',#2779,#2903,#3257,.T.);
#3257 = LINE('',#3258,#3259);
#3258 = CARTESIAN_POINT('',(1.7,0.8,3.E-02));
#3259 = VECTOR('',#3260,1.);
#3260 = DIRECTION('',(-2.22044604925E-16,-1.,0.));
#3261 = ORIENTED_EDGE('',*,*,#2778,.T.);
#3262 = ORIENTED_EDGE('',*,*,#2850,.T.);
#3263 = PLANE('',#3264);
#3264 = AXIS2_PLACEMENT_3D('',#3265,#3266,#3267);
#3265 = CARTESIAN_POINT('',(1.7,0.8,0.));
#3266 = DIRECTION('',(1.,-2.22044604925E-16,0.));
#3267 = DIRECTION('',(0.,0.,1.));
#3268 = ADVANCED_FACE('',(#3269),#3275,.T.);
#3269 = FACE_BOUND('',#3270,.T.);
#3270 = EDGE_LOOP('',(#3271,#3272,#3273,#3274));
#3271 = ORIENTED_EDGE('',*,*,#2902,.T.);
#3272 = ORIENTED_EDGE('',*,*,#3227,.F.);
#3273 = ORIENTED_EDGE('',*,*,#2831,.F.);
#3274 = ORIENTED_EDGE('',*,*,#3256,.T.);
#3275 = CYLINDRICAL_SURFACE('',#3276,3.E-02);
#3276 = AXIS2_PLACEMENT_3D('',#3277,#3278,#3279);
#3277 = CARTESIAN_POINT('',(1.67,0.8,3.E-02));
#3278 = DIRECTION('',(-2.22044604925E-16,-1.,0.));
#3279 = DIRECTION('',(1.,-2.22044604925E-16,0.));
#3280 = ADVANCED_FACE('',(#3281),#3292,.T.);
#3281 = FACE_BOUND('',#3282,.T.);
#3282 = EDGE_LOOP('',(#3283,#3284,#3290,#3291));
#3283 = ORIENTED_EDGE('',*,*,#3134,.F.);
#3284 = ORIENTED_EDGE('',*,*,#3285,.F.);
#3285 = EDGE_CURVE('',#3024,#3127,#3286,.T.);
#3286 = LINE('',#3287,#3288);
#3287 = CARTESIAN_POINT('',(1.685,-0.935,3.E-02));
#3288 = VECTOR('',#3289,1.);
#3289 = DIRECTION('',(0.,0.,1.));
#3290 = ORIENTED_EDGE('',*,*,#3031,.T.);
#3291 = ORIENTED_EDGE('',*,*,#2936,.F.);
#3292 = PLANE('',#3293);
#3293 = AXIS2_PLACEMENT_3D('',#3294,#3295,#3296);
#3294 = CARTESIAN_POINT('',(1.685,-0.935,3.E-02));
#3295 = DIRECTION('',(1.,0.,0.));
#3296 = DIRECTION('',(0.,0.,1.));
#3297 = ADVANCED_FACE('',(#3298),#3309,.T.);
#3298 = FACE_BOUND('',#3299,.T.);
#3299 = EDGE_LOOP('',(#3300,#3301,#3307,#3308));
#3300 = ORIENTED_EDGE('',*,*,#2975,.F.);
#3301 = ORIENTED_EDGE('',*,*,#3302,.T.);
#3302 = EDGE_CURVE('',#2976,#3079,#3303,.T.);
#3303 = LINE('',#3304,#3305);
#3304 = CARTESIAN_POINT('',(-1.685,0.935,3.E-02));
#3305 = VECTOR('',#3306,1.);
#3306 = DIRECTION('',(0.,0.,1.));
#3307 = ORIENTED_EDGE('',*,*,#3078,.T.);
#3308 = ORIENTED_EDGE('',*,*,#3063,.F.);
#3309 = PLANE('',#3310);
#3310 = AXIS2_PLACEMENT_3D('',#3311,#3312,#3313);
#3311 = CARTESIAN_POINT('',(-1.685,0.935,3.E-02));
#3312 = DIRECTION('',(0.,1.,0.));
#3313 = DIRECTION('',(0.,-0.,1.));
#3314 = ADVANCED_FACE('',(#3315),#3326,.F.);
#3315 = FACE_BOUND('',#3316,.F.);
#3316 = EDGE_LOOP('',(#3317,#3318,#3324,#3325));
#3317 = ORIENTED_EDGE('',*,*,#3086,.F.);
#3318 = ORIENTED_EDGE('',*,*,#3319,.F.);
#3319 = EDGE_CURVE('',#2984,#3087,#3320,.T.);
#3320 = LINE('',#3321,#3322);
#3321 = CARTESIAN_POINT('',(-1.685,0.8,1.5E-02));
#3322 = VECTOR('',#3323,1.);
#3323 = DIRECTION('',(0.,0.,1.));
#3324 = ORIENTED_EDGE('',*,*,#2983,.T.);
#3325 = ORIENTED_EDGE('',*,*,#3302,.T.);
#3326 = PLANE('',#3327);
#3327 = AXIS2_PLACEMENT_3D('',#3328,#3329,#3330);
#3328 = CARTESIAN_POINT('',(-1.685,-0.935,3.E-02));
#3329 = DIRECTION('',(1.,0.,0.));
#3330 = DIRECTION('',(0.,0.,1.));
#3331 = ADVANCED_FACE('',(#3332),#3395,.T.);
#3332 = FACE_BOUND('',#3333,.T.);
#3333 = EDGE_LOOP('',(#3334,#3335,#3344,#3352,#3361,#3369,#3378,#3386,
    #3393,#3394));
#3334 = ORIENTED_EDGE('',*,*,#2991,.F.);
#3335 = ORIENTED_EDGE('',*,*,#3336,.T.);
#3336 = EDGE_CURVE('',#2992,#3337,#3339,.T.);
#3337 = VERTEX_POINT('',#3338);
#3338 = CARTESIAN_POINT('',(-1.03,0.8,-3.469446951954E-18));
#3339 = CIRCLE('',#3340,3.E-02);
#3340 = AXIS2_PLACEMENT_3D('',#3341,#3342,#3343);
#3341 = CARTESIAN_POINT('',(-1.03,0.8,3.E-02));
#3342 = DIRECTION('',(1.110223024625E-16,1.,-0.));
#3343 = DIRECTION('',(0.,0.,1.));
#3344 = ORIENTED_EDGE('',*,*,#3345,.T.);
#3345 = EDGE_CURVE('',#3337,#3346,#3348,.T.);
#3346 = VERTEX_POINT('',#3347);
#3347 = CARTESIAN_POINT('',(-1.67,0.8,-3.469446951954E-18));
#3348 = LINE('',#3349,#3350);
#3349 = CARTESIAN_POINT('',(-1.,0.8,0.));
#3350 = VECTOR('',#3351,1.);
#3351 = DIRECTION('',(-1.,1.110223024625E-16,0.));
#3352 = ORIENTED_EDGE('',*,*,#3353,.F.);
#3353 = EDGE_CURVE('',#3354,#3346,#3356,.T.);
#3354 = VERTEX_POINT('',#3355);
#3355 = CARTESIAN_POINT('',(-1.7,0.8,3.E-02));
#3356 = CIRCLE('',#3357,3.E-02);
#3357 = AXIS2_PLACEMENT_3D('',#3358,#3359,#3360);
#3358 = CARTESIAN_POINT('',(-1.67,0.8,3.E-02));
#3359 = DIRECTION('',(-1.110223024625E-16,-1.,0.));
#3360 = DIRECTION('',(0.,0.,1.));
#3361 = ORIENTED_EDGE('',*,*,#3362,.T.);
#3362 = EDGE_CURVE('',#3354,#3363,#3365,.T.);
#3363 = VERTEX_POINT('',#3364);
#3364 = CARTESIAN_POINT('',(-1.7,0.8,0.93));
#3365 = LINE('',#3366,#3367);
#3366 = CARTESIAN_POINT('',(-1.7,0.8,0.));
#3367 = VECTOR('',#3368,1.);
#3368 = DIRECTION('',(0.,0.,1.));
#3369 = ORIENTED_EDGE('',*,*,#3370,.T.);
#3370 = EDGE_CURVE('',#3363,#3371,#3373,.T.);
#3371 = VERTEX_POINT('',#3372);
#3372 = CARTESIAN_POINT('',(-1.67,0.8,0.96));
#3373 = CIRCLE('',#3374,3.E-02);
#3374 = AXIS2_PLACEMENT_3D('',#3375,#3376,#3377);
#3375 = CARTESIAN_POINT('',(-1.67,0.8,0.93));
#3376 = DIRECTION('',(1.110223024625E-16,1.,-0.));
#3377 = DIRECTION('',(0.,0.,1.));
#3378 = ORIENTED_EDGE('',*,*,#3379,.F.);
#3379 = EDGE_CURVE('',#3380,#3371,#3382,.T.);
#3380 = VERTEX_POINT('',#3381);
#3381 = CARTESIAN_POINT('',(-1.03,0.8,0.96));
#3382 = LINE('',#3383,#3384);
#3383 = CARTESIAN_POINT('',(-1.,0.8,0.96));
#3384 = VECTOR('',#3385,1.);
#3385 = DIRECTION('',(-1.,1.110223024625E-16,0.));
#3386 = ORIENTED_EDGE('',*,*,#3387,.F.);
#3387 = EDGE_CURVE('',#3095,#3380,#3388,.T.);
#3388 = CIRCLE('',#3389,3.E-02);
#3389 = AXIS2_PLACEMENT_3D('',#3390,#3391,#3392);
#3390 = CARTESIAN_POINT('',(-1.03,0.8,0.93));
#3391 = DIRECTION('',(-1.110223024625E-16,-1.,0.));
#3392 = DIRECTION('',(0.,0.,1.));
#3393 = ORIENTED_EDGE('',*,*,#3094,.T.);
#3394 = ORIENTED_EDGE('',*,*,#3319,.F.);
#3395 = PLANE('',#3396);
#3396 = AXIS2_PLACEMENT_3D('',#3397,#3398,#3399);
#3397 = CARTESIAN_POINT('',(-1.,0.8,0.));
#3398 = DIRECTION('',(1.110223024625E-16,1.,0.));
#3399 = DIRECTION('',(0.,-0.,1.));
#3400 = ADVANCED_FACE('',(#3401),#3420,.T.);
#3401 = FACE_BOUND('',#3402,.T.);
#3402 = EDGE_LOOP('',(#3403,#3412,#3418,#3419));
#3403 = ORIENTED_EDGE('',*,*,#3404,.T.);
#3404 = EDGE_CURVE('',#3000,#3405,#3407,.T.);
#3405 = VERTEX_POINT('',#3406);
#3406 = CARTESIAN_POINT('',(-1.03,-0.8,-3.469446951954E-18));
#3407 = CIRCLE('',#3408,3.E-02);
#3408 = AXIS2_PLACEMENT_3D('',#3409,#3410,#3411);
#3409 = CARTESIAN_POINT('',(-1.03,-0.8,3.E-02));
#3410 = DIRECTION('',(1.110223024625E-16,1.,-0.));
#3411 = DIRECTION('',(0.,0.,1.));
#3412 = ORIENTED_EDGE('',*,*,#3413,.T.);
#3413 = EDGE_CURVE('',#3405,#3337,#3414,.T.);
#3414 = LINE('',#3415,#3416);
#3415 = CARTESIAN_POINT('',(-1.03,-0.8,-3.469446951954E-18));
#3416 = VECTOR('',#3417,1.);
#3417 = DIRECTION('',(1.110223024625E-16,1.,0.));
#3418 = ORIENTED_EDGE('',*,*,#3336,.F.);
#3419 = ORIENTED_EDGE('',*,*,#2999,.T.);
#3420 = CYLINDRICAL_SURFACE('',#3421,3.E-02);
#3421 = AXIS2_PLACEMENT_3D('',#3422,#3423,#3424);
#3422 = CARTESIAN_POINT('',(-1.03,-0.8,3.E-02));
#3423 = DIRECTION('',(1.110223024625E-16,1.,0.));
#3424 = DIRECTION('',(1.,-1.110223024625E-16,0.));
#3425 = ADVANCED_FACE('',(#3426),#3437,.F.);
#3426 = FACE_BOUND('',#3427,.F.);
#3427 = EDGE_LOOP('',(#3428,#3429,#3435,#3436));
#3428 = ORIENTED_EDGE('',*,*,#3023,.F.);
#3429 = ORIENTED_EDGE('',*,*,#3430,.T.);
#3430 = EDGE_CURVE('',#3016,#3119,#3431,.T.);
#3431 = LINE('',#3432,#3433);
#3432 = CARTESIAN_POINT('',(-1.685,-0.935,3.E-02));
#3433 = VECTOR('',#3434,1.);
#3434 = DIRECTION('',(0.,0.,1.));
#3435 = ORIENTED_EDGE('',*,*,#3126,.T.);
#3436 = ORIENTED_EDGE('',*,*,#3285,.F.);
#3437 = PLANE('',#3438);
#3438 = AXIS2_PLACEMENT_3D('',#3439,#3440,#3441);
#3439 = CARTESIAN_POINT('',(-1.685,-0.935,3.E-02));
#3440 = DIRECTION('',(0.,1.,0.));
#3441 = DIRECTION('',(0.,-0.,1.));
#3442 = ADVANCED_FACE('',(#3443),#3503,.F.);
#3443 = FACE_BOUND('',#3444,.F.);
#3444 = EDGE_LOOP('',(#3445,#3446,#3447,#3455,#3464,#3472,#3481,#3489,
    #3496,#3497));
#3445 = ORIENTED_EDGE('',*,*,#3007,.F.);
#3446 = ORIENTED_EDGE('',*,*,#3404,.T.);
#3447 = ORIENTED_EDGE('',*,*,#3448,.T.);
#3448 = EDGE_CURVE('',#3405,#3449,#3451,.T.);
#3449 = VERTEX_POINT('',#3450);
#3450 = CARTESIAN_POINT('',(-1.67,-0.8,-3.469446951954E-18));
#3451 = LINE('',#3452,#3453);
#3452 = CARTESIAN_POINT('',(-1.,-0.8,0.));
#3453 = VECTOR('',#3454,1.);
#3454 = DIRECTION('',(-1.,1.110223024625E-16,0.));
#3455 = ORIENTED_EDGE('',*,*,#3456,.F.);
#3456 = EDGE_CURVE('',#3457,#3449,#3459,.T.);
#3457 = VERTEX_POINT('',#3458);
#3458 = CARTESIAN_POINT('',(-1.7,-0.8,3.E-02));
#3459 = CIRCLE('',#3460,3.E-02);
#3460 = AXIS2_PLACEMENT_3D('',#3461,#3462,#3463);
#3461 = CARTESIAN_POINT('',(-1.67,-0.8,3.E-02));
#3462 = DIRECTION('',(-1.110223024625E-16,-1.,0.));
#3463 = DIRECTION('',(0.,0.,1.));
#3464 = ORIENTED_EDGE('',*,*,#3465,.T.);
#3465 = EDGE_CURVE('',#3457,#3466,#3468,.T.);
#3466 = VERTEX_POINT('',#3467);
#3467 = CARTESIAN_POINT('',(-1.7,-0.8,0.93));
#3468 = LINE('',#3469,#3470);
#3469 = CARTESIAN_POINT('',(-1.7,-0.8,0.));
#3470 = VECTOR('',#3471,1.);
#3471 = DIRECTION('',(0.,0.,1.));
#3472 = ORIENTED_EDGE('',*,*,#3473,.T.);
#3473 = EDGE_CURVE('',#3466,#3474,#3476,.T.);
#3474 = VERTEX_POINT('',#3475);
#3475 = CARTESIAN_POINT('',(-1.67,-0.8,0.96));
#3476 = CIRCLE('',#3477,3.E-02);
#3477 = AXIS2_PLACEMENT_3D('',#3478,#3479,#3480);
#3478 = CARTESIAN_POINT('',(-1.67,-0.8,0.93));
#3479 = DIRECTION('',(1.110223024625E-16,1.,-0.));
#3480 = DIRECTION('',(0.,0.,1.));
#3481 = ORIENTED_EDGE('',*,*,#3482,.F.);
#3482 = EDGE_CURVE('',#3483,#3474,#3485,.T.);
#3483 = VERTEX_POINT('',#3484);
#3484 = CARTESIAN_POINT('',(-1.03,-0.8,0.96));
#3485 = LINE('',#3486,#3487);
#3486 = CARTESIAN_POINT('',(-1.,-0.8,0.96));
#3487 = VECTOR('',#3488,1.);
#3488 = DIRECTION('',(-1.,1.110223024625E-16,0.));
#3489 = ORIENTED_EDGE('',*,*,#3490,.F.);
#3490 = EDGE_CURVE('',#3103,#3483,#3491,.T.);
#3491 = CIRCLE('',#3492,3.E-02);
#3492 = AXIS2_PLACEMENT_3D('',#3493,#3494,#3495);
#3493 = CARTESIAN_POINT('',(-1.03,-0.8,0.93));
#3494 = DIRECTION('',(-1.110223024625E-16,-1.,0.));
#3495 = DIRECTION('',(0.,0.,1.));
#3496 = ORIENTED_EDGE('',*,*,#3110,.T.);
#3497 = ORIENTED_EDGE('',*,*,#3498,.F.);
#3498 = EDGE_CURVE('',#3008,#3111,#3499,.T.);
#3499 = LINE('',#3500,#3501);
#3500 = CARTESIAN_POINT('',(-1.685,-0.8,1.5E-02));
#3501 = VECTOR('',#3502,1.);
#3502 = DIRECTION('',(0.,0.,1.));
#3503 = PLANE('',#3504);
#3504 = AXIS2_PLACEMENT_3D('',#3505,#3506,#3507);
#3505 = CARTESIAN_POINT('',(-1.,-0.8,0.));
#3506 = DIRECTION('',(1.110223024625E-16,1.,0.));
#3507 = DIRECTION('',(0.,-0.,1.));
#3508 = ADVANCED_FACE('',(#3509),#3515,.F.);
#3509 = FACE_BOUND('',#3510,.F.);
#3510 = EDGE_LOOP('',(#3511,#3512,#3513,#3514));
#3511 = ORIENTED_EDGE('',*,*,#3118,.F.);
#3512 = ORIENTED_EDGE('',*,*,#3430,.F.);
#3513 = ORIENTED_EDGE('',*,*,#3015,.T.);
#3514 = ORIENTED_EDGE('',*,*,#3498,.T.);
#3515 = PLANE('',#3516);
#3516 = AXIS2_PLACEMENT_3D('',#3517,#3518,#3519);
#3517 = CARTESIAN_POINT('',(-1.685,-0.935,3.E-02));
#3518 = DIRECTION('',(1.,0.,0.));
#3519 = DIRECTION('',(0.,0.,1.));
#3520 = ADVANCED_FACE('',(#3521),#3532,.T.);
#3521 = FACE_BOUND('',#3522,.T.);
#3522 = EDGE_LOOP('',(#3523,#3524,#3525,#3531));
#3523 = ORIENTED_EDGE('',*,*,#3102,.F.);
#3524 = ORIENTED_EDGE('',*,*,#3387,.T.);
#3525 = ORIENTED_EDGE('',*,*,#3526,.F.);
#3526 = EDGE_CURVE('',#3483,#3380,#3527,.T.);
#3527 = LINE('',#3528,#3529);
#3528 = CARTESIAN_POINT('',(-1.03,-0.8,0.96));
#3529 = VECTOR('',#3530,1.);
#3530 = DIRECTION('',(1.110223024625E-16,1.,0.));
#3531 = ORIENTED_EDGE('',*,*,#3490,.F.);
#3532 = CYLINDRICAL_SURFACE('',#3533,3.E-02);
#3533 = AXIS2_PLACEMENT_3D('',#3534,#3535,#3536);
#3534 = CARTESIAN_POINT('',(-1.03,-0.8,0.93));
#3535 = DIRECTION('',(1.110223024625E-16,1.,0.));
#3536 = DIRECTION('',(1.,-1.110223024625E-16,0.));
#3537 = ADVANCED_FACE('',(#3538),#3563,.F.);
#3538 = FACE_BOUND('',#3539,.F.);
#3539 = EDGE_LOOP('',(#3540,#3548,#3556,#3562));
#3540 = ORIENTED_EDGE('',*,*,#3541,.F.);
#3541 = EDGE_CURVE('',#3542,#3146,#3544,.T.);
#3542 = VERTEX_POINT('',#3543);
#3543 = CARTESIAN_POINT('',(-0.615,-0.85,0.92));
#3544 = LINE('',#3545,#3546);
#3545 = CARTESIAN_POINT('',(-0.615,-0.85,0.92));
#3546 = VECTOR('',#3547,1.);
#3547 = DIRECTION('',(0.,0.,1.));
#3548 = ORIENTED_EDGE('',*,*,#3549,.T.);
#3549 = EDGE_CURVE('',#3542,#3550,#3552,.T.);
#3550 = VERTEX_POINT('',#3551);
#3551 = CARTESIAN_POINT('',(-0.615,0.85,0.92));
#3552 = LINE('',#3553,#3554);
#3553 = CARTESIAN_POINT('',(-0.615,-0.85,0.92));
#3554 = VECTOR('',#3555,1.);
#3555 = DIRECTION('',(0.,1.,0.));
#3556 = ORIENTED_EDGE('',*,*,#3557,.T.);
#3557 = EDGE_CURVE('',#3550,#3148,#3558,.T.);
#3558 = LINE('',#3559,#3560);
#3559 = CARTESIAN_POINT('',(-0.615,0.85,0.92));
#3560 = VECTOR('',#3561,1.);
#3561 = DIRECTION('',(0.,0.,1.));
#3562 = ORIENTED_EDGE('',*,*,#3145,.F.);
#3563 = PLANE('',#3564);
#3564 = AXIS2_PLACEMENT_3D('',#3565,#3566,#3567);
#3565 = CARTESIAN_POINT('',(-0.615,-0.85,0.92));
#3566 = DIRECTION('',(1.,0.,0.));
#3567 = DIRECTION('',(0.,0.,1.));
#3568 = ADVANCED_FACE('',(#3569),#3587,.T.);
#3569 = FACE_BOUND('',#3570,.T.);
#3570 = EDGE_LOOP('',(#3571,#3572,#3580,#3586));
#3571 = ORIENTED_EDGE('',*,*,#3541,.F.);
#3572 = ORIENTED_EDGE('',*,*,#3573,.F.);
#3573 = EDGE_CURVE('',#3574,#3542,#3576,.T.);
#3574 = VERTEX_POINT('',#3575);
#3575 = CARTESIAN_POINT('',(-0.915,-0.85,0.92));
#3576 = LINE('',#3577,#3578);
#3577 = CARTESIAN_POINT('',(-0.915,-0.85,0.92));
#3578 = VECTOR('',#3579,1.);
#3579 = DIRECTION('',(1.,0.,0.));
#3580 = ORIENTED_EDGE('',*,*,#3581,.T.);
#3581 = EDGE_CURVE('',#3574,#3156,#3582,.T.);
#3582 = LINE('',#3583,#3584);
#3583 = CARTESIAN_POINT('',(-0.915,-0.85,0.92));
#3584 = VECTOR('',#3585,1.);
#3585 = DIRECTION('',(0.,0.,1.));
#3586 = ORIENTED_EDGE('',*,*,#3155,.F.);
#3587 = PLANE('',#3588);
#3588 = AXIS2_PLACEMENT_3D('',#3589,#3590,#3591);
#3589 = CARTESIAN_POINT('',(-0.915,-0.85,0.92));
#3590 = DIRECTION('',(0.,1.,0.));
#3591 = DIRECTION('',(0.,-0.,1.));
#3592 = ADVANCED_FACE('',(#3593),#3611,.F.);
#3593 = FACE_BOUND('',#3594,.F.);
#3594 = EDGE_LOOP('',(#3595,#3596,#3604,#3610));
#3595 = ORIENTED_EDGE('',*,*,#3557,.F.);
#3596 = ORIENTED_EDGE('',*,*,#3597,.F.);
#3597 = EDGE_CURVE('',#3598,#3550,#3600,.T.);
#3598 = VERTEX_POINT('',#3599);
#3599 = CARTESIAN_POINT('',(-0.915,0.85,0.92));
#3600 = LINE('',#3601,#3602);
#3601 = CARTESIAN_POINT('',(-0.915,0.85,0.92));
#3602 = VECTOR('',#3603,1.);
#3603 = DIRECTION('',(1.,0.,0.));
#3604 = ORIENTED_EDGE('',*,*,#3605,.T.);
#3605 = EDGE_CURVE('',#3598,#3164,#3606,.T.);
#3606 = LINE('',#3607,#3608);
#3607 = CARTESIAN_POINT('',(-0.915,0.85,0.92));
#3608 = VECTOR('',#3609,1.);
#3609 = DIRECTION('',(0.,0.,1.));
#3610 = ORIENTED_EDGE('',*,*,#3171,.F.);
#3611 = PLANE('',#3612);
#3612 = AXIS2_PLACEMENT_3D('',#3613,#3614,#3615);
#3613 = CARTESIAN_POINT('',(-0.915,0.85,0.92));
#3614 = DIRECTION('',(0.,1.,0.));
#3615 = DIRECTION('',(0.,-0.,1.));
#3616 = ADVANCED_FACE('',(#3617),#3628,.T.);
#3617 = FACE_BOUND('',#3618,.T.);
#3618 = EDGE_LOOP('',(#3619,#3620,#3626,#3627));
#3619 = ORIENTED_EDGE('',*,*,#3581,.F.);
#3620 = ORIENTED_EDGE('',*,*,#3621,.T.);
#3621 = EDGE_CURVE('',#3574,#3598,#3622,.T.);
#3622 = LINE('',#3623,#3624);
#3623 = CARTESIAN_POINT('',(-0.915,-0.85,0.92));
#3624 = VECTOR('',#3625,1.);
#3625 = DIRECTION('',(0.,1.,0.));
#3626 = ORIENTED_EDGE('',*,*,#3605,.T.);
#3627 = ORIENTED_EDGE('',*,*,#3163,.F.);
#3628 = PLANE('',#3629);
#3629 = AXIS2_PLACEMENT_3D('',#3630,#3631,#3632);
#3630 = CARTESIAN_POINT('',(-0.915,-0.85,0.92));
#3631 = DIRECTION('',(1.,0.,0.));
#3632 = DIRECTION('',(0.,0.,1.));
#3633 = ADVANCED_FACE('',(#3634),#3662,.T.);
#3634 = FACE_BOUND('',#3635,.T.);
#3635 = EDGE_LOOP('',(#3636,#3637,#3638,#3639,#3647,#3656));
#3636 = ORIENTED_EDGE('',*,*,#3482,.F.);
#3637 = ORIENTED_EDGE('',*,*,#3526,.T.);
#3638 = ORIENTED_EDGE('',*,*,#3379,.T.);
#3639 = ORIENTED_EDGE('',*,*,#3640,.F.);
#3640 = EDGE_CURVE('',#3641,#3371,#3643,.T.);
#3641 = VERTEX_POINT('',#3642);
#3642 = CARTESIAN_POINT('',(-1.67,0.48,0.96));
#3643 = LINE('',#3644,#3645);
#3644 = CARTESIAN_POINT('',(-1.67,-0.8,0.96));
#3645 = VECTOR('',#3646,1.);
#3646 = DIRECTION('',(1.110223024625E-16,1.,0.));
#3647 = ORIENTED_EDGE('',*,*,#3648,.F.);
#3648 = EDGE_CURVE('',#3649,#3641,#3651,.T.);
#3649 = VERTEX_POINT('',#3650);
#3650 = CARTESIAN_POINT('',(-1.67,-0.48,0.96));
#3651 = CIRCLE('',#3652,0.48);
#3652 = AXIS2_PLACEMENT_3D('',#3653,#3654,#3655);
#3653 = CARTESIAN_POINT('',(-1.67,1.576516694968E-16,0.96));
#3654 = DIRECTION('',(0.,-0.,1.));
#3655 = DIRECTION('',(1.110223024625E-16,1.,0.));
#3656 = ORIENTED_EDGE('',*,*,#3657,.F.);
#3657 = EDGE_CURVE('',#3474,#3649,#3658,.T.);
#3658 = LINE('',#3659,#3660);
#3659 = CARTESIAN_POINT('',(-1.67,-0.8,0.96));
#3660 = VECTOR('',#3661,1.);
#3661 = DIRECTION('',(1.110223024625E-16,1.,0.));
#3662 = PLANE('',#3663);
#3663 = AXIS2_PLACEMENT_3D('',#3664,#3665,#3666);
#3664 = CARTESIAN_POINT('',(-1.,-0.8,0.96));
#3665 = DIRECTION('',(0.,0.,1.));
#3666 = DIRECTION('',(1.110223024625E-16,1.,-0.));
#3667 = ADVANCED_FACE('',(#3668),#3691,.T.);
#3668 = FACE_BOUND('',#3669,.T.);
#3669 = EDGE_LOOP('',(#3670,#3678,#3689,#3690));
#3670 = ORIENTED_EDGE('',*,*,#3671,.F.);
#3671 = EDGE_CURVE('',#3672,#3363,#3674,.T.);
#3672 = VERTEX_POINT('',#3673);
#3673 = CARTESIAN_POINT('',(-1.7,0.47906158268,0.93));
#3674 = LINE('',#3675,#3676);
#3675 = CARTESIAN_POINT('',(-1.7,-0.8,0.93));
#3676 = VECTOR('',#3677,1.);
#3677 = DIRECTION('',(1.110223024625E-16,1.,0.));
#3678 = ORIENTED_EDGE('',*,*,#3679,.T.);
#3679 = EDGE_CURVE('',#3672,#3641,#3680,.T.);
#3680 = B_SPLINE_CURVE_WITH_KNOTS('',7,(#3681,#3682,#3683,#3684,#3685,
    #3686,#3687,#3688),.UNSPECIFIED.,.F.,.F.,(8,8),(0.,1.),
  .PIECEWISE_BEZIER_KNOTS.);
#3681 = CARTESIAN_POINT('',(-1.7,0.47906158268,0.93));
#3682 = CARTESIAN_POINT('',(-1.7,0.47906158268,0.936900650049));
#3683 = CARTESIAN_POINT('',(-1.698148263184,0.479177588774,
    0.943696515949));
#3684 = CARTESIAN_POINT('',(-1.694545141314,0.479402978946,
    0.949838123717));
#3685 = CARTESIAN_POINT('',(-1.689458046695,0.479676964631,
    0.954835571457));
#3686 = CARTESIAN_POINT('',(-1.683289457164,0.479894298544,
    0.958307846648));
#3687 = CARTESIAN_POINT('',(-1.676595844294,0.47999999934,0.959999994723
    ));
#3688 = CARTESIAN_POINT('',(-1.67,0.48,0.96));
#3689 = ORIENTED_EDGE('',*,*,#3640,.T.);
#3690 = ORIENTED_EDGE('',*,*,#3370,.F.);
#3691 = CYLINDRICAL_SURFACE('',#3692,3.E-02);
#3692 = AXIS2_PLACEMENT_3D('',#3693,#3694,#3695);
#3693 = CARTESIAN_POINT('',(-1.67,-0.8,0.93));
#3694 = DIRECTION('',(1.110223024625E-16,1.,0.));
#3695 = DIRECTION('',(-1.,1.110223024625E-16,0.));
#3696 = ADVANCED_FACE('',(#3697),#3715,.T.);
#3697 = FACE_BOUND('',#3698,.T.);
#3698 = EDGE_LOOP('',(#3699,#3700,#3708,#3714));
#3699 = ORIENTED_EDGE('',*,*,#3362,.F.);
#3700 = ORIENTED_EDGE('',*,*,#3701,.F.);
#3701 = EDGE_CURVE('',#3702,#3354,#3704,.T.);
#3702 = VERTEX_POINT('',#3703);
#3703 = CARTESIAN_POINT('',(-1.7,0.47906158268,3.E-02));
#3704 = LINE('',#3705,#3706);
#3705 = CARTESIAN_POINT('',(-1.7,-0.8,3.E-02));
#3706 = VECTOR('',#3707,1.);
#3707 = DIRECTION('',(1.110223024625E-16,1.,0.));
#3708 = ORIENTED_EDGE('',*,*,#3709,.T.);
#3709 = EDGE_CURVE('',#3702,#3672,#3710,.T.);
#3710 = LINE('',#3711,#3712);
#3711 = CARTESIAN_POINT('',(-1.7,0.47906158268,0.96));
#3712 = VECTOR('',#3713,1.);
#3713 = DIRECTION('',(0.,0.,1.));
#3714 = ORIENTED_EDGE('',*,*,#3671,.T.);
#3715 = PLANE('',#3716);
#3716 = AXIS2_PLACEMENT_3D('',#3717,#3718,#3719);
#3717 = CARTESIAN_POINT('',(-1.7,-0.8,0.));
#3718 = DIRECTION('',(-1.,1.110223024625E-16,0.));
#3719 = DIRECTION('',(0.,0.,1.));
#3720 = ADVANCED_FACE('',(#3721),#3744,.T.);
#3721 = FACE_BOUND('',#3722,.T.);
#3722 = EDGE_LOOP('',(#3723,#3724,#3732,#3743));
#3723 = ORIENTED_EDGE('',*,*,#3353,.T.);
#3724 = ORIENTED_EDGE('',*,*,#3725,.F.);
#3725 = EDGE_CURVE('',#3726,#3346,#3728,.T.);
#3726 = VERTEX_POINT('',#3727);
#3727 = CARTESIAN_POINT('',(-1.67,0.48,-1.734723475977E-18));
#3728 = LINE('',#3729,#3730);
#3729 = CARTESIAN_POINT('',(-1.67,-0.8,-3.469446951954E-18));
#3730 = VECTOR('',#3731,1.);
#3731 = DIRECTION('',(1.110223024625E-16,1.,0.));
#3732 = ORIENTED_EDGE('',*,*,#3733,.F.);
#3733 = EDGE_CURVE('',#3702,#3726,#3734,.T.);
#3734 = B_SPLINE_CURVE_WITH_KNOTS('',7,(#3735,#3736,#3737,#3738,#3739,
    #3740,#3741,#3742),.UNSPECIFIED.,.F.,.F.,(8,8),(0.,1.),
  .PIECEWISE_BEZIER_KNOTS.);
#3735 = CARTESIAN_POINT('',(-1.7,0.47906158268,3.E-02));
#3736 = CARTESIAN_POINT('',(-1.7,0.47906158268,2.30993499503E-02));
#3737 = CARTESIAN_POINT('',(-1.698148263184,0.479177588774,
    1.630348405165E-02));
#3738 = CARTESIAN_POINT('',(-1.694545141314,0.479402978946,
    1.016187628159E-02));
#3739 = CARTESIAN_POINT('',(-1.689458046694,0.479676964631,
    5.164428543393E-03));
#3740 = CARTESIAN_POINT('',(-1.683289457165,0.479894298544,
    1.692153352307E-03));
#3741 = CARTESIAN_POINT('',(-1.676595844294,0.47999999934,
    5.276675430726E-09));
#3742 = CARTESIAN_POINT('',(-1.67,0.48,-1.734723475977E-18));
#3743 = ORIENTED_EDGE('',*,*,#3701,.T.);
#3744 = CYLINDRICAL_SURFACE('',#3745,3.E-02);
#3745 = AXIS2_PLACEMENT_3D('',#3746,#3747,#3748);
#3746 = CARTESIAN_POINT('',(-1.67,-0.8,3.E-02));
#3747 = DIRECTION('',(1.110223024625E-16,1.,0.));
#3748 = DIRECTION('',(-1.,1.110223024625E-16,0.));
#3749 = ADVANCED_FACE('',(#3750),#3771,.F.);
#3750 = FACE_BOUND('',#3751,.F.);
#3751 = EDGE_LOOP('',(#3752,#3753,#3754,#3755,#3756,#3765));
#3752 = ORIENTED_EDGE('',*,*,#3448,.F.);
#3753 = ORIENTED_EDGE('',*,*,#3413,.T.);
#3754 = ORIENTED_EDGE('',*,*,#3345,.T.);
#3755 = ORIENTED_EDGE('',*,*,#3725,.F.);
#3756 = ORIENTED_EDGE('',*,*,#3757,.F.);
#3757 = EDGE_CURVE('',#3758,#3726,#3760,.T.);
#3758 = VERTEX_POINT('',#3759);
#3759 = CARTESIAN_POINT('',(-1.67,-0.48,-3.469446951954E-18));
#3760 = CIRCLE('',#3761,0.48);
#3761 = AXIS2_PLACEMENT_3D('',#3762,#3763,#3764);
#3762 = CARTESIAN_POINT('',(-1.67,1.576516694968E-16,0.));
#3763 = DIRECTION('',(0.,-0.,1.));
#3764 = DIRECTION('',(1.110223024625E-16,1.,0.));
#3765 = ORIENTED_EDGE('',*,*,#3766,.F.);
#3766 = EDGE_CURVE('',#3449,#3758,#3767,.T.);
#3767 = LINE('',#3768,#3769);
#3768 = CARTESIAN_POINT('',(-1.67,-0.8,-3.469446951954E-18));
#3769 = VECTOR('',#3770,1.);
#3770 = DIRECTION('',(1.110223024625E-16,1.,0.));
#3771 = PLANE('',#3772);
#3772 = AXIS2_PLACEMENT_3D('',#3773,#3774,#3775);
#3773 = CARTESIAN_POINT('',(-1.,-0.8,0.));
#3774 = DIRECTION('',(0.,0.,1.));
#3775 = DIRECTION('',(1.110223024625E-16,1.,-0.));
#3776 = ADVANCED_FACE('',(#3777),#3800,.T.);
#3777 = FACE_BOUND('',#3778,.T.);
#3778 = EDGE_LOOP('',(#3779,#3787,#3788,#3789));
#3779 = ORIENTED_EDGE('',*,*,#3780,.F.);
#3780 = EDGE_CURVE('',#3466,#3781,#3783,.T.);
#3781 = VERTEX_POINT('',#3782);
#3782 = CARTESIAN_POINT('',(-1.7,-0.47906158268,0.93));
#3783 = LINE('',#3784,#3785);
#3784 = CARTESIAN_POINT('',(-1.7,-0.8,0.93));
#3785 = VECTOR('',#3786,1.);
#3786 = DIRECTION('',(1.110223024625E-16,1.,0.));
#3787 = ORIENTED_EDGE('',*,*,#3473,.T.);
#3788 = ORIENTED_EDGE('',*,*,#3657,.T.);
#3789 = ORIENTED_EDGE('',*,*,#3790,.F.);
#3790 = EDGE_CURVE('',#3781,#3649,#3791,.T.);
#3791 = B_SPLINE_CURVE_WITH_KNOTS('',7,(#3792,#3793,#3794,#3795,#3796,
    #3797,#3798,#3799),.UNSPECIFIED.,.F.,.F.,(8,8),(0.,1.),
  .PIECEWISE_BEZIER_KNOTS.);
#3792 = CARTESIAN_POINT('',(-1.7,-0.47906158268,0.93));
#3793 = CARTESIAN_POINT('',(-1.7,-0.47906158268,0.936900649943));
#3794 = CARTESIAN_POINT('',(-1.698148261339,-0.479177589207,
    0.943696521465));
#3795 = CARTESIAN_POINT('',(-1.69454514703,-0.479402977562,
    0.949838109932));
#3796 = CARTESIAN_POINT('',(-1.68945803699,-0.47967696666,0.954835588434
    ));
#3797 = CARTESIAN_POINT('',(-1.683289468995,-0.479894296878,
    0.958307833414));
#3798 = CARTESIAN_POINT('',(-1.676595837202,-0.48,0.96));
#3799 = CARTESIAN_POINT('',(-1.67,-0.48,0.96));
#3800 = CYLINDRICAL_SURFACE('',#3801,3.E-02);
#3801 = AXIS2_PLACEMENT_3D('',#3802,#3803,#3804);
#3802 = CARTESIAN_POINT('',(-1.67,-0.8,0.93));
#3803 = DIRECTION('',(1.110223024625E-16,1.,0.));
#3804 = DIRECTION('',(-1.,1.110223024625E-16,0.));
#3805 = ADVANCED_FACE('',(#3806),#3824,.T.);
#3806 = FACE_BOUND('',#3807,.T.);
#3807 = EDGE_LOOP('',(#3808,#3816,#3822,#3823));
#3808 = ORIENTED_EDGE('',*,*,#3809,.F.);
#3809 = EDGE_CURVE('',#3810,#3781,#3812,.T.);
#3810 = VERTEX_POINT('',#3811);
#3811 = CARTESIAN_POINT('',(-1.7,-0.47906158268,3.E-02));
#3812 = LINE('',#3813,#3814);
#3813 = CARTESIAN_POINT('',(-1.7,-0.47906158268,0.96));
#3814 = VECTOR('',#3815,1.);
#3815 = DIRECTION('',(0.,0.,1.));
#3816 = ORIENTED_EDGE('',*,*,#3817,.F.);
#3817 = EDGE_CURVE('',#3457,#3810,#3818,.T.);
#3818 = LINE('',#3819,#3820);
#3819 = CARTESIAN_POINT('',(-1.7,-0.8,3.E-02));
#3820 = VECTOR('',#3821,1.);
#3821 = DIRECTION('',(1.110223024625E-16,1.,0.));
#3822 = ORIENTED_EDGE('',*,*,#3465,.T.);
#3823 = ORIENTED_EDGE('',*,*,#3780,.T.);
#3824 = PLANE('',#3825);
#3825 = AXIS2_PLACEMENT_3D('',#3826,#3827,#3828);
#3826 = CARTESIAN_POINT('',(-1.7,-0.8,0.));
#3827 = DIRECTION('',(-1.,1.110223024625E-16,0.));
#3828 = DIRECTION('',(0.,0.,1.));
#3829 = ADVANCED_FACE('',(#3830),#3846,.T.);
#3830 = FACE_BOUND('',#3831,.T.);
#3831 = EDGE_LOOP('',(#3832,#3843,#3844,#3845));
#3832 = ORIENTED_EDGE('',*,*,#3833,.T.);
#3833 = EDGE_CURVE('',#3810,#3758,#3834,.T.);
#3834 = B_SPLINE_CURVE_WITH_KNOTS('',7,(#3835,#3836,#3837,#3838,#3839,
    #3840,#3841,#3842),.UNSPECIFIED.,.F.,.F.,(8,8),(0.,1.),
  .PIECEWISE_BEZIER_KNOTS.);
#3835 = CARTESIAN_POINT('',(-1.7,-0.47906158268,3.E-02));
#3836 = CARTESIAN_POINT('',(-1.7,-0.47906158268,2.309935005657E-02));
#3837 = CARTESIAN_POINT('',(-1.698148261339,-0.479177589207,
    1.630347853607E-02));
#3838 = CARTESIAN_POINT('',(-1.69454514703,-0.479402977562,
    1.016189006705E-02));
#3839 = CARTESIAN_POINT('',(-1.689458036988,-0.47967696666,
    5.164411566132E-03));
#3840 = CARTESIAN_POINT('',(-1.683289468995,-0.479894296878,
    1.692166585462E-03));
#3841 = CARTESIAN_POINT('',(-1.676595837202,-0.48,-1.734723475977E-18));
#3842 = CARTESIAN_POINT('',(-1.67,-0.48,-1.734723475977E-18));
#3843 = ORIENTED_EDGE('',*,*,#3766,.F.);
#3844 = ORIENTED_EDGE('',*,*,#3456,.F.);
#3845 = ORIENTED_EDGE('',*,*,#3817,.T.);
#3846 = CYLINDRICAL_SURFACE('',#3847,3.E-02);
#3847 = AXIS2_PLACEMENT_3D('',#3848,#3849,#3850);
#3848 = CARTESIAN_POINT('',(-1.67,-0.8,3.E-02));
#3849 = DIRECTION('',(1.110223024625E-16,1.,0.));
#3850 = DIRECTION('',(-1.,1.110223024625E-16,0.));
#3851 = ADVANCED_FACE('',(#3852),#3858,.T.);
#3852 = FACE_BOUND('',#3853,.T.);
#3853 = EDGE_LOOP('',(#3854,#3855,#3856,#3857));
#3854 = ORIENTED_EDGE('',*,*,#3621,.F.);
#3855 = ORIENTED_EDGE('',*,*,#3573,.T.);
#3856 = ORIENTED_EDGE('',*,*,#3549,.T.);
#3857 = ORIENTED_EDGE('',*,*,#3597,.F.);
#3858 = PLANE('',#3859);
#3859 = AXIS2_PLACEMENT_3D('',#3860,#3861,#3862);
#3860 = CARTESIAN_POINT('',(-0.915,-0.85,0.92));
#3861 = DIRECTION('',(0.,0.,1.));
#3862 = DIRECTION('',(1.,0.,-0.));
#3863 = ADVANCED_FACE('',(#3864),#3874,.F.);
#3864 = FACE_BOUND('',#3865,.F.);
#3865 = EDGE_LOOP('',(#3866,#3867,#3868,#3869,#3870,#3871,#3872,#3873));
#3866 = ORIENTED_EDGE('',*,*,#3709,.T.);
#3867 = ORIENTED_EDGE('',*,*,#3679,.T.);
#3868 = ORIENTED_EDGE('',*,*,#3648,.F.);
#3869 = ORIENTED_EDGE('',*,*,#3790,.F.);
#3870 = ORIENTED_EDGE('',*,*,#3809,.F.);
#3871 = ORIENTED_EDGE('',*,*,#3833,.T.);
#3872 = ORIENTED_EDGE('',*,*,#3757,.T.);
#3873 = ORIENTED_EDGE('',*,*,#3733,.F.);
#3874 = CYLINDRICAL_SURFACE('',#3875,0.48);
#3875 = AXIS2_PLACEMENT_3D('',#3876,#3877,#3878);
#3876 = CARTESIAN_POINT('',(-1.67,1.576516694968E-16,0.96));
#3877 = DIRECTION('',(0.,0.,1.));
#3878 = DIRECTION('',(1.110223024625E-16,1.,-0.));
#3879 = ( GEOMETRIC_REPRESENTATION_CONTEXT(3) 
GLOBAL_UNCERTAINTY_ASSIGNED_CONTEXT((#3883)) 
GLOBAL_UNIT_ASSIGNED_CONTEXT((#3880,#3881,#3882)) REPRESENTATION_CONTEXT
('Context #1','3D Context with UNIT and UNCERTAINTY') );
#3880 = ( LENGTH_UNIT() NAMED_UNIT(*) SI_UNIT(.MILLI.,.METRE.) );
#3881 = ( NAMED_UNIT(*) PLANE_ANGLE_UNIT() SI_UNIT($,.RADIAN.) );
#3882 = ( NAMED_UNIT(*) SI_UNIT($,.STERADIAN.) SOLID_ANGLE_UNIT() );
#3883 = UNCERTAINTY_MEASURE_WITH_UNIT(LENGTH_MEASURE(1.E-07),#3880,
  'distance_accuracy_value','confusion accuracy');
#3884 = CONTEXT_DEPENDENT_SHAPE_REPRESENTATION(#3885,#3887);
#3885 = ( REPRESENTATION_RELATIONSHIP('','',#2602,#10) 
REPRESENTATION_RELATIONSHIP_WITH_TRANSFORMATION(#3886) 
SHAPE_REPRESENTATION_RELATIONSHIP() );
#3886 = ITEM_DEFINED_TRANSFORMATION('','',#11,#27);
#3887 = PRODUCT_DEFINITION_SHAPE('Placement','Placement of an item',
  #3888);
#3888 = NEXT_ASSEMBLY_USAGE_OCCURRENCE('4','D1','',#5,#2597,$);
#3889 = PRODUCT_RELATED_PRODUCT_CATEGORY('part',$,(#2599));
#3890 = CONTEXT_DEPENDENT_SHAPE_REPRESENTATION(#3891,#3893);
#3891 = ( REPRESENTATION_RELATIONSHIP('','',#538,#10) 
REPRESENTATION_RELATIONSHIP_WITH_TRANSFORMATION(#3892) 
SHAPE_REPRESENTATION_RELATIONSHIP() );
#3892 = ITEM_DEFINED_TRANSFORMATION('','',#11,#31);
#3893 = PRODUCT_DEFINITION_SHAPE('Placement','Placement of an item',
  #3894);
#3894 = NEXT_ASSEMBLY_USAGE_OCCURRENCE('5','C1','',#5,#533,$);
#3895 = CONTEXT_DEPENDENT_SHAPE_REPRESENTATION(#3896,#3898);
#3896 = ( REPRESENTATION_RELATIONSHIP('','',#132,#10) 
REPRESENTATION_RELATIONSHIP_WITH_TRANSFORMATION(#3897) 
SHAPE_REPRESENTATION_RELATIONSHIP() );
#3897 = ITEM_DEFINED_TRANSFORMATION('','',#11,#35);
#3898 = PRODUCT_DEFINITION_SHAPE('Placement','Placement of an item',
  #3899);
#3899 = NEXT_ASSEMBLY_USAGE_OCCURRENCE('6','R13','',#5,#127,$);
#3900 = CONTEXT_DEPENDENT_SHAPE_REPRESENTATION(#3901,#3903);
#3901 = ( REPRESENTATION_RELATIONSHIP('','',#132,#10) 
REPRESENTATION_RELATIONSHIP_WITH_TRANSFORMATION(#3902) 
SHAPE_REPRESENTATION_RELATIONSHIP() );
#3902 = ITEM_DEFINED_TRANSFORMATION('','',#11,#39);
#3903 = PRODUCT_DEFINITION_SHAPE('Placement','Placement of an item',
  #3904);
#3904 = NEXT_ASSEMBLY_USAGE_OCCURRENCE('7','R17','',#5,#127,$);
#3905 = CONTEXT_DEPENDENT_SHAPE_REPRESENTATION(#3906,#3908);
#3906 = ( REPRESENTATION_RELATIONSHIP('','',#132,#10) 
REPRESENTATION_RELATIONSHIP_WITH_TRANSFORMATION(#3907) 
SHAPE_REPRESENTATION_RELATIONSHIP() );
#3907 = ITEM_DEFINED_TRANSFORMATION('','',#11,#43);
#3908 = PRODUCT_DEFINITION_SHAPE('Placement','Placement of an item',
  #3909);
#3909 = NEXT_ASSEMBLY_USAGE_OCCURRENCE('8','R4','',#5,#127,$);
#3910 = CONTEXT_DEPENDENT_SHAPE_REPRESENTATION(#3911,#3913);
#3911 = ( REPRESENTATION_RELATIONSHIP('','',#2602,#10) 
REPRESENTATION_RELATIONSHIP_WITH_TRANSFORMATION(#3912) 
SHAPE_REPRESENTATION_RELATIONSHIP() );
#3912 = ITEM_DEFINED_TRANSFORMATION('','',#11,#47);
#3913 = PRODUCT_DEFINITION_SHAPE('Placement','Placement of an item',
  #3914);
#3914 = NEXT_ASSEMBLY_USAGE_OCCURRENCE('9','D2','',#5,#2597,$);
#3915 = CONTEXT_DEPENDENT_SHAPE_REPRESENTATION(#3916,#3918);
#3916 = ( REPRESENTATION_RELATIONSHIP('','',#132,#10) 
REPRESENTATION_RELATIONSHIP_WITH_TRANSFORMATION(#3917) 
SHAPE_REPRESENTATION_RELATIONSHIP() );
#3917 = ITEM_DEFINED_TRANSFORMATION('','',#11,#51);
#3918 = PRODUCT_DEFINITION_SHAPE('Placement','Placement of an item',
  #3919);
#3919 = NEXT_ASSEMBLY_USAGE_OCCURRENCE('10','R12','',#5,#127,$);
#3920 = CONTEXT_DEPENDENT_SHAPE_REPRESENTATION(#3921,#3923);
#3921 = ( REPRESENTATION_RELATIONSHIP('','',#538,#10) 
REPRESENTATION_RELATIONSHIP_WITH_TRANSFORMATION(#3922) 
SHAPE_REPRESENTATION_RELATIONSHIP() );
#3922 = ITEM_DEFINED_TRANSFORMATION('','',#11,#55);
#3923 = PRODUCT_DEFINITION_SHAPE('Placement','Placement of an item',
  #3924);
#3924 = NEXT_ASSEMBLY_USAGE_OCCURRENCE('11','C3','',#5,#533,$);
#3925 = CONTEXT_DEPENDENT_SHAPE_REPRESENTATION(#3926,#3928);
#3926 = ( REPRESENTATION_RELATIONSHIP('','',#132,#10) 
REPRESENTATION_RELATIONSHIP_WITH_TRANSFORMATION(#3927) 
SHAPE_REPRESENTATION_RELATIONSHIP() );
#3927 = ITEM_DEFINED_TRANSFORMATION('','',#11,#59);
#3928 = PRODUCT_DEFINITION_SHAPE('Placement','Placement of an item',
  #3929);
#3929 = NEXT_ASSEMBLY_USAGE_OCCURRENCE('12','R3','',#5,#127,$);
#3930 = CONTEXT_DEPENDENT_SHAPE_REPRESENTATION(#3931,#3933);
#3931 = ( REPRESENTATION_RELATIONSHIP('','',#132,#10) 
REPRESENTATION_RELATIONSHIP_WITH_TRANSFORMATION(#3932) 
SHAPE_REPRESENTATION_RELATIONSHIP() );
#3932 = ITEM_DEFINED_TRANSFORMATION('','',#11,#63);
#3933 = PRODUCT_DEFINITION_SHAPE('Placement','Placement of an item',
  #3934);
#3934 = NEXT_ASSEMBLY_USAGE_OCCURRENCE('13','R11','',#5,#127,$);
#3935 = CONTEXT_DEPENDENT_SHAPE_REPRESENTATION(#3936,#3938);
#3936 = ( REPRESENTATION_RELATIONSHIP('','',#132,#10) 
REPRESENTATION_RELATIONSHIP_WITH_TRANSFORMATION(#3937) 
SHAPE_REPRESENTATION_RELATIONSHIP() );
#3937 = ITEM_DEFINED_TRANSFORMATION('','',#11,#67);
#3938 = PRODUCT_DEFINITION_SHAPE('Placement','Placement of an item',
  #3939);
#3939 = NEXT_ASSEMBLY_USAGE_OCCURRENCE('14','R1','',#5,#127,$);
#3940 = CONTEXT_DEPENDENT_SHAPE_REPRESENTATION(#3941,#3943);
#3941 = ( REPRESENTATION_RELATIONSHIP('','',#538,#10) 
REPRESENTATION_RELATIONSHIP_WITH_TRANSFORMATION(#3942) 
SHAPE_REPRESENTATION_RELATIONSHIP() );
#3942 = ITEM_DEFINED_TRANSFORMATION('','',#11,#71);
#3943 = PRODUCT_DEFINITION_SHAPE('Placement','Placement of an item',
  #3944);
#3944 = NEXT_ASSEMBLY_USAGE_OCCURRENCE('15','C6','',#5,#533,$);
#3945 = CONTEXT_DEPENDENT_SHAPE_REPRESENTATION(#3946,#3948);
#3946 = ( REPRESENTATION_RELATIONSHIP('','',#132,#10) 
REPRESENTATION_RELATIONSHIP_WITH_TRANSFORMATION(#3947) 
SHAPE_REPRESENTATION_RELATIONSHIP() );
#3947 = ITEM_DEFINED_TRANSFORMATION('','',#11,#75);
#3948 = PRODUCT_DEFINITION_SHAPE('Placement','Placement of an item',
  #3949);
#3949 = NEXT_ASSEMBLY_USAGE_OCCURRENCE('16','R6','',#5,#127,$);
#3950 = CONTEXT_DEPENDENT_SHAPE_REPRESENTATION(#3951,#3953);
#3951 = ( REPRESENTATION_RELATIONSHIP('','',#132,#10) 
REPRESENTATION_RELATIONSHIP_WITH_TRANSFORMATION(#3952) 
SHAPE_REPRESENTATION_RELATIONSHIP() );
#3952 = ITEM_DEFINED_TRANSFORMATION('','',#11,#79);
#3953 = PRODUCT_DEFINITION_SHAPE('Placement','Placement of an item',
  #3954);
#3954 = NEXT_ASSEMBLY_USAGE_OCCURRENCE('17','R7','',#5,#127,$);
#3955 = CONTEXT_DEPENDENT_SHAPE_REPRESENTATION(#3956,#3958);
#3956 = ( REPRESENTATION_RELATIONSHIP('','',#132,#10) 
REPRESENTATION_RELATIONSHIP_WITH_TRANSFORMATION(#3957) 
SHAPE_REPRESENTATION_RELATIONSHIP() );
#3957 = ITEM_DEFINED_TRANSFORMATION('','',#11,#83);
#3958 = PRODUCT_DEFINITION_SHAPE('Placement','Placement of an item',
  #3959);
#3959 = NEXT_ASSEMBLY_USAGE_OCCURRENCE('18','R8','',#5,#127,$);
#3960 = CONTEXT_DEPENDENT_SHAPE_REPRESENTATION(#3961,#3963);
#3961 = ( REPRESENTATION_RELATIONSHIP('','',#132,#10) 
REPRESENTATION_RELATIONSHIP_WITH_TRANSFORMATION(#3962) 
SHAPE_REPRESENTATION_RELATIONSHIP() );
#3962 = ITEM_DEFINED_TRANSFORMATION('','',#11,#87);
#3963 = PRODUCT_DEFINITION_SHAPE('Placement','Placement of an item',
  #3964);
#3964 = NEXT_ASSEMBLY_USAGE_OCCURRENCE('19','R9','',#5,#127,$);
#3965 = CONTEXT_DEPENDENT_SHAPE_REPRESENTATION(#3966,#3968);
#3966 = ( REPRESENTATION_RELATIONSHIP('','',#132,#10) 
REPRESENTATION_RELATIONSHIP_WITH_TRANSFORMATION(#3967) 
SHAPE_REPRESENTATION_RELATIONSHIP() );
#3967 = ITEM_DEFINED_TRANSFORMATION('','',#11,#91);
#3968 = PRODUCT_DEFINITION_SHAPE('Placement','Placement of an item',
  #3969);
#3969 = NEXT_ASSEMBLY_USAGE_OCCURRENCE('20','R10','',#5,#127,$);
#3970 = CONTEXT_DEPENDENT_SHAPE_REPRESENTATION(#3971,#3973);
#3971 = ( REPRESENTATION_RELATIONSHIP('','',#132,#10) 
REPRESENTATION_RELATIONSHIP_WITH_TRANSFORMATION(#3972) 
SHAPE_REPRESENTATION_RELATIONSHIP() );
#3972 = ITEM_DEFINED_TRANSFORMATION('','',#11,#95);
#3973 = PRODUCT_DEFINITION_SHAPE('Placement','Placement of an item',
  #3974);
#3974 = NEXT_ASSEMBLY_USAGE_OCCURRENCE('21','R16','',#5,#127,$);
#3975 = CONTEXT_DEPENDENT_SHAPE_REPRESENTATION(#3976,#3978);
#3976 = ( REPRESENTATION_RELATIONSHIP('','',#132,#10) 
REPRESENTATION_RELATIONSHIP_WITH_TRANSFORMATION(#3977) 
SHAPE_REPRESENTATION_RELATIONSHIP() );
#3977 = ITEM_DEFINED_TRANSFORMATION('','',#11,#99);
#3978 = PRODUCT_DEFINITION_SHAPE('Placement','Placement of an item',
  #3979);
#3979 = NEXT_ASSEMBLY_USAGE_OCCURRENCE('22','R14','',#5,#127,$);
#3980 = CONTEXT_DEPENDENT_SHAPE_REPRESENTATION(#3981,#3983);
#3981 = ( REPRESENTATION_RELATIONSHIP('','',#538,#10) 
REPRESENTATION_RELATIONSHIP_WITH_TRANSFORMATION(#3982) 
SHAPE_REPRESENTATION_RELATIONSHIP() );
#3982 = ITEM_DEFINED_TRANSFORMATION('','',#11,#103);
#3983 = PRODUCT_DEFINITION_SHAPE('Placement','Placement of an item',
  #3984);
#3984 = NEXT_ASSEMBLY_USAGE_OCCURRENCE('23','C4','',#5,#533,$);
#3985 = CONTEXT_DEPENDENT_SHAPE_REPRESENTATION(#3986,#3988);
#3986 = ( REPRESENTATION_RELATIONSHIP('','',#538,#10) 
REPRESENTATION_RELATIONSHIP_WITH_TRANSFORMATION(#3987) 
SHAPE_REPRESENTATION_RELATIONSHIP() );
#3987 = ITEM_DEFINED_TRANSFORMATION('','',#11,#107);
#3988 = PRODUCT_DEFINITION_SHAPE('Placement','Placement of an item',
  #3989);
#3989 = NEXT_ASSEMBLY_USAGE_OCCURRENCE('24','C2','',#5,#533,$);
#3990 = CONTEXT_DEPENDENT_SHAPE_REPRESENTATION(#3991,#3993);
#3991 = ( REPRESENTATION_RELATIONSHIP('','',#132,#10) 
REPRESENTATION_RELATIONSHIP_WITH_TRANSFORMATION(#3992) 
SHAPE_REPRESENTATION_RELATIONSHIP() );
#3992 = ITEM_DEFINED_TRANSFORMATION('','',#11,#111);
#3993 = PRODUCT_DEFINITION_SHAPE('Placement','Placement of an item',
  #3994);
#3994 = NEXT_ASSEMBLY_USAGE_OCCURRENCE('25','R2','',#5,#127,$);
#3995 = SHAPE_DEFINITION_REPRESENTATION(#3996,#4002);
#3996 = PRODUCT_DEFINITION_SHAPE('','',#3997);
#3997 = PRODUCT_DEFINITION('design','',#3998,#4001);
#3998 = PRODUCT_DEFINITION_FORMATION('','',#3999);
#3999 = PRODUCT('EPICS elephant project_PCB',
  'EPICS elephant project_PCB','',(#4000));
#4000 = PRODUCT_CONTEXT('',#2,'mechanical');
#4001 = PRODUCT_DEFINITION_CONTEXT('part definition',#2,'design');
#4002 = ADVANCED_BREP_SHAPE_REPRESENTATION('',(#11,#4003),#8911);
#4003 = MANIFOLD_SOLID_BREP('',#4004);
#4004 = CLOSED_SHELL('',(#4005,#4045,#4076,#4107,#5466,#6825,#6837,#6854
    ,#6871,#6888,#6905,#6922,#6939,#6956,#6973,#6990,#7007,#7024,#7041,
    #7058,#7075,#7092,#7109,#7126,#7143,#7160,#7177,#7194,#7211,#7228,
    #7245,#7262,#7279,#7296,#7313,#7330,#7347,#7364,#7381,#7398,#7415,
    #7432,#7449,#7466,#7483,#7500,#7517,#7534,#7551,#7568,#7585,#7602,
    #7619,#7636,#7653,#7670,#7687,#7704,#7721,#7738,#7755,#7772,#7789,
    #7806,#7823,#7840,#7857,#7874,#7891,#7908,#7925,#7942,#7959,#7976,
    #7993,#8010,#8027,#8044,#8061,#8078,#8095,#8112,#8129,#8146,#8163,
    #8180,#8197,#8214,#8231,#8248,#8265,#8282,#8299,#8316,#8333,#8350,
    #8367,#8384,#8401,#8418,#8435,#8452,#8469,#8486,#8503,#8520,#8537,
    #8554,#8571,#8588,#8605,#8622,#8639,#8656,#8673,#8690,#8707,#8724,
    #8741,#8758,#8775,#8792,#8809,#8826,#8843,#8860,#8877,#8894));
#4005 = ADVANCED_FACE('',(#4006),#4040,.T.);
#4006 = FACE_BOUND('',#4007,.T.);
#4007 = EDGE_LOOP('',(#4008,#4018,#4026,#4034));
#4008 = ORIENTED_EDGE('',*,*,#4009,.T.);
#4009 = EDGE_CURVE('',#4010,#4012,#4014,.T.);
#4010 = VERTEX_POINT('',#4011);
#4011 = CARTESIAN_POINT('',(204.6875,-125.75,0.));
#4012 = VERTEX_POINT('',#4013);
#4013 = CARTESIAN_POINT('',(204.6875,-125.75,1.51));
#4014 = LINE('',#4015,#4016);
#4015 = CARTESIAN_POINT('',(204.6875,-125.75,0.));
#4016 = VECTOR('',#4017,1.);
#4017 = DIRECTION('',(0.,0.,1.));
#4018 = ORIENTED_EDGE('',*,*,#4019,.T.);
#4019 = EDGE_CURVE('',#4012,#4020,#4022,.T.);
#4020 = VERTEX_POINT('',#4021);
#4021 = CARTESIAN_POINT('',(104.6875,-125.75,1.51));
#4022 = LINE('',#4023,#4024);
#4023 = CARTESIAN_POINT('',(204.6875,-125.75,1.51));
#4024 = VECTOR('',#4025,1.);
#4025 = DIRECTION('',(-1.,0.,0.));
#4026 = ORIENTED_EDGE('',*,*,#4027,.F.);
#4027 = EDGE_CURVE('',#4028,#4020,#4030,.T.);
#4028 = VERTEX_POINT('',#4029);
#4029 = CARTESIAN_POINT('',(104.6875,-125.75,0.));
#4030 = LINE('',#4031,#4032);
#4031 = CARTESIAN_POINT('',(104.6875,-125.75,0.));
#4032 = VECTOR('',#4033,1.);
#4033 = DIRECTION('',(0.,0.,1.));
#4034 = ORIENTED_EDGE('',*,*,#4035,.F.);
#4035 = EDGE_CURVE('',#4010,#4028,#4036,.T.);
#4036 = LINE('',#4037,#4038);
#4037 = CARTESIAN_POINT('',(204.6875,-125.75,0.));
#4038 = VECTOR('',#4039,1.);
#4039 = DIRECTION('',(-1.,0.,0.));
#4040 = PLANE('',#4041);
#4041 = AXIS2_PLACEMENT_3D('',#4042,#4043,#4044);
#4042 = CARTESIAN_POINT('',(204.6875,-125.75,0.));
#4043 = DIRECTION('',(0.,-1.,0.));
#4044 = DIRECTION('',(-1.,0.,0.));
#4045 = ADVANCED_FACE('',(#4046),#4071,.T.);
#4046 = FACE_BOUND('',#4047,.T.);
#4047 = EDGE_LOOP('',(#4048,#4058,#4064,#4065));
#4048 = ORIENTED_EDGE('',*,*,#4049,.T.);
#4049 = EDGE_CURVE('',#4050,#4052,#4054,.T.);
#4050 = VERTEX_POINT('',#4051);
#4051 = CARTESIAN_POINT('',(204.6875,-71.131475,0.));
#4052 = VERTEX_POINT('',#4053);
#4053 = CARTESIAN_POINT('',(204.6875,-71.131475,1.51));
#4054 = LINE('',#4055,#4056);
#4055 = CARTESIAN_POINT('',(204.6875,-71.131475,0.));
#4056 = VECTOR('',#4057,1.);
#4057 = DIRECTION('',(0.,0.,1.));
#4058 = ORIENTED_EDGE('',*,*,#4059,.T.);
#4059 = EDGE_CURVE('',#4052,#4012,#4060,.T.);
#4060 = LINE('',#4061,#4062);
#4061 = CARTESIAN_POINT('',(204.6875,-71.131475,1.51));
#4062 = VECTOR('',#4063,1.);
#4063 = DIRECTION('',(0.,-1.,0.));
#4064 = ORIENTED_EDGE('',*,*,#4009,.F.);
#4065 = ORIENTED_EDGE('',*,*,#4066,.F.);
#4066 = EDGE_CURVE('',#4050,#4010,#4067,.T.);
#4067 = LINE('',#4068,#4069);
#4068 = CARTESIAN_POINT('',(204.6875,-71.131475,0.));
#4069 = VECTOR('',#4070,1.);
#4070 = DIRECTION('',(0.,-1.,0.));
#4071 = PLANE('',#4072);
#4072 = AXIS2_PLACEMENT_3D('',#4073,#4074,#4075);
#4073 = CARTESIAN_POINT('',(204.6875,-71.131475,0.));
#4074 = DIRECTION('',(1.,0.,-0.));
#4075 = DIRECTION('',(0.,-1.,0.));
#4076 = ADVANCED_FACE('',(#4077),#4102,.T.);
#4077 = FACE_BOUND('',#4078,.T.);
#4078 = EDGE_LOOP('',(#4079,#4080,#4088,#4096));
#4079 = ORIENTED_EDGE('',*,*,#4027,.T.);
#4080 = ORIENTED_EDGE('',*,*,#4081,.T.);
#4081 = EDGE_CURVE('',#4020,#4082,#4084,.T.);
#4082 = VERTEX_POINT('',#4083);
#4083 = CARTESIAN_POINT('',(104.6875,-71.131475,1.51));
#4084 = LINE('',#4085,#4086);
#4085 = CARTESIAN_POINT('',(104.6875,-125.75,1.51));
#4086 = VECTOR('',#4087,1.);
#4087 = DIRECTION('',(0.,1.,0.));
#4088 = ORIENTED_EDGE('',*,*,#4089,.F.);
#4089 = EDGE_CURVE('',#4090,#4082,#4092,.T.);
#4090 = VERTEX_POINT('',#4091);
#4091 = CARTESIAN_POINT('',(104.6875,-71.131475,0.));
#4092 = LINE('',#4093,#4094);
#4093 = CARTESIAN_POINT('',(104.6875,-71.131475,0.));
#4094 = VECTOR('',#4095,1.);
#4095 = DIRECTION('',(0.,0.,1.));
#4096 = ORIENTED_EDGE('',*,*,#4097,.F.);
#4097 = EDGE_CURVE('',#4028,#4090,#4098,.T.);
#4098 = LINE('',#4099,#4100);
#4099 = CARTESIAN_POINT('',(104.6875,-125.75,0.));
#4100 = VECTOR('',#4101,1.);
#4101 = DIRECTION('',(0.,1.,0.));
#4102 = PLANE('',#4103);
#4103 = AXIS2_PLACEMENT_3D('',#4104,#4105,#4106);
#4104 = CARTESIAN_POINT('',(104.6875,-125.75,0.));
#4105 = DIRECTION('',(-1.,0.,0.));
#4106 = DIRECTION('',(0.,1.,0.));
#4107 = ADVANCED_FACE('',(#4108,#4119,#4130,#4141,#4152,#4163,#4174,
    #4185,#4196,#4207,#4218,#4229,#4240,#4251,#4262,#4273,#4284,#4295,
    #4306,#4317,#4328,#4339,#4350,#4361,#4372,#4383,#4394,#4405,#4416,
    #4427,#4438,#4449,#4460,#4471,#4482,#4493,#4504,#4515,#4526,#4537,
    #4548,#4559,#4570,#4581,#4592,#4603,#4614,#4625,#4636,#4647,#4658,
    #4669,#4680,#4691,#4702,#4713,#4724,#4735,#4746,#4757,#4768,#4779,
    #4790,#4801,#4812,#4823,#4834,#4845,#4856,#4867,#4878,#4889,#4900,
    #4911,#4922,#4933,#4944,#4955,#4966,#4977,#4988,#4999,#5010,#5021,
    #5032,#5043,#5054,#5065,#5076,#5087,#5098,#5109,#5120,#5131,#5142,
    #5153,#5164,#5175,#5186,#5197,#5208,#5219,#5230,#5241,#5252,#5263,
    #5274,#5285,#5296,#5307,#5318,#5329,#5340,#5351,#5362,#5373,#5384,
    #5395,#5406,#5417,#5428,#5439,#5450),#5461,.F.);
#4108 = FACE_BOUND('',#4109,.F.);
#4109 = EDGE_LOOP('',(#4110,#4111,#4112,#4118));
#4110 = ORIENTED_EDGE('',*,*,#4035,.F.);
#4111 = ORIENTED_EDGE('',*,*,#4066,.F.);
#4112 = ORIENTED_EDGE('',*,*,#4113,.F.);
#4113 = EDGE_CURVE('',#4090,#4050,#4114,.T.);
#4114 = LINE('',#4115,#4116);
#4115 = CARTESIAN_POINT('',(104.6875,-71.131475,0.));
#4116 = VECTOR('',#4117,1.);
#4117 = DIRECTION('',(1.,0.,0.));
#4118 = ORIENTED_EDGE('',*,*,#4097,.F.);
#4119 = FACE_BOUND('',#4120,.F.);
#4120 = EDGE_LOOP('',(#4121));
#4121 = ORIENTED_EDGE('',*,*,#4122,.T.);
#4122 = EDGE_CURVE('',#4123,#4123,#4125,.T.);
#4123 = VERTEX_POINT('',#4124);
#4124 = CARTESIAN_POINT('',(106.90022,-123.60632,0.));
#4125 = CIRCLE('',#4126,0.4);
#4126 = AXIS2_PLACEMENT_3D('',#4127,#4128,#4129);
#4127 = CARTESIAN_POINT('',(106.90022,-123.20632,0.));
#4128 = DIRECTION('',(-0.,0.,-1.));
#4129 = DIRECTION('',(3.5527136788E-14,-1.,-0.));
#4130 = FACE_BOUND('',#4131,.F.);
#4131 = EDGE_LOOP('',(#4132));
#4132 = ORIENTED_EDGE('',*,*,#4133,.T.);
#4133 = EDGE_CURVE('',#4134,#4134,#4136,.T.);
#4134 = VERTEX_POINT('',#4135);
#4135 = CARTESIAN_POINT('',(109.44022,-123.60632,0.));
#4136 = CIRCLE('',#4137,0.4);
#4137 = AXIS2_PLACEMENT_3D('',#4138,#4139,#4140);
#4138 = CARTESIAN_POINT('',(109.44022,-123.20632,0.));
#4139 = DIRECTION('',(-0.,0.,-1.));
#4140 = DIRECTION('',(-3.552713678801E-14,-1.,0.));
#4141 = FACE_BOUND('',#4142,.F.);
#4142 = EDGE_LOOP('',(#4143));
#4143 = ORIENTED_EDGE('',*,*,#4144,.T.);
#4144 = EDGE_CURVE('',#4145,#4145,#4147,.T.);
#4145 = VERTEX_POINT('',#4146);
#4146 = CARTESIAN_POINT('',(111.9775,-123.61,0.));
#4147 = CIRCLE('',#4148,0.4);
#4148 = AXIS2_PLACEMENT_3D('',#4149,#4150,#4151);
#4149 = CARTESIAN_POINT('',(111.9775,-123.21,0.));
#4150 = DIRECTION('',(-0.,0.,-1.));
#4151 = DIRECTION('',(3.5527136788E-14,-1.,-0.));
#4152 = FACE_BOUND('',#4153,.F.);
#4153 = EDGE_LOOP('',(#4154));
#4154 = ORIENTED_EDGE('',*,*,#4155,.T.);
#4155 = EDGE_CURVE('',#4156,#4156,#4158,.T.);
#4156 = VERTEX_POINT('',#4157);
#4157 = CARTESIAN_POINT('',(114.5175,-123.61,0.));
#4158 = CIRCLE('',#4159,0.4);
#4159 = AXIS2_PLACEMENT_3D('',#4160,#4161,#4162);
#4160 = CARTESIAN_POINT('',(114.5175,-123.21,0.));
#4161 = DIRECTION('',(-0.,0.,-1.));
#4162 = DIRECTION('',(-3.552713678801E-14,-1.,0.));
#4163 = FACE_BOUND('',#4164,.F.);
#4164 = EDGE_LOOP('',(#4165));
#4165 = ORIENTED_EDGE('',*,*,#4166,.T.);
#4166 = EDGE_CURVE('',#4167,#4167,#4169,.T.);
#4167 = VERTEX_POINT('',#4168);
#4168 = CARTESIAN_POINT('',(117.0575,-123.61,0.));
#4169 = CIRCLE('',#4170,0.4);
#4170 = AXIS2_PLACEMENT_3D('',#4171,#4172,#4173);
#4171 = CARTESIAN_POINT('',(117.0575,-123.21,0.));
#4172 = DIRECTION('',(-0.,0.,-1.));
#4173 = DIRECTION('',(-0.,-1.,0.));
#4174 = FACE_BOUND('',#4175,.F.);
#4175 = EDGE_LOOP('',(#4176));
#4176 = ORIENTED_EDGE('',*,*,#4177,.T.);
#4177 = EDGE_CURVE('',#4178,#4178,#4180,.T.);
#4178 = VERTEX_POINT('',#4179);
#4179 = CARTESIAN_POINT('',(119.5975,-123.61,0.));
#4180 = CIRCLE('',#4181,0.4);
#4181 = AXIS2_PLACEMENT_3D('',#4182,#4183,#4184);
#4182 = CARTESIAN_POINT('',(119.5975,-123.21,0.));
#4183 = DIRECTION('',(-0.,0.,-1.));
#4184 = DIRECTION('',(-0.,-1.,0.));
#4185 = FACE_BOUND('',#4186,.F.);
#4186 = EDGE_LOOP('',(#4187));
#4187 = ORIENTED_EDGE('',*,*,#4188,.T.);
#4188 = EDGE_CURVE('',#4189,#4189,#4191,.T.);
#4189 = VERTEX_POINT('',#4190);
#4190 = CARTESIAN_POINT('',(122.1375,-123.61,0.));
#4191 = CIRCLE('',#4192,0.4);
#4192 = AXIS2_PLACEMENT_3D('',#4193,#4194,#4195);
#4193 = CARTESIAN_POINT('',(122.1375,-123.21,0.));
#4194 = DIRECTION('',(-0.,0.,-1.));
#4195 = DIRECTION('',(3.5527136788E-14,-1.,-0.));
#4196 = FACE_BOUND('',#4197,.F.);
#4197 = EDGE_LOOP('',(#4198));
#4198 = ORIENTED_EDGE('',*,*,#4199,.T.);
#4199 = EDGE_CURVE('',#4200,#4200,#4202,.T.);
#4200 = VERTEX_POINT('',#4201);
#4201 = CARTESIAN_POINT('',(124.6775,-123.61,0.));
#4202 = CIRCLE('',#4203,0.4);
#4203 = AXIS2_PLACEMENT_3D('',#4204,#4205,#4206);
#4204 = CARTESIAN_POINT('',(124.6775,-123.21,0.));
#4205 = DIRECTION('',(-0.,0.,-1.));
#4206 = DIRECTION('',(-3.552713678801E-14,-1.,0.));
#4207 = FACE_BOUND('',#4208,.F.);
#4208 = EDGE_LOOP('',(#4209));
#4209 = ORIENTED_EDGE('',*,*,#4210,.T.);
#4210 = EDGE_CURVE('',#4211,#4211,#4213,.T.);
#4211 = VERTEX_POINT('',#4212);
#4212 = CARTESIAN_POINT('',(127.2175,-123.61,0.));
#4213 = CIRCLE('',#4214,0.4);
#4214 = AXIS2_PLACEMENT_3D('',#4215,#4216,#4217);
#4215 = CARTESIAN_POINT('',(127.2175,-123.21,0.));
#4216 = DIRECTION('',(-0.,0.,-1.));
#4217 = DIRECTION('',(-0.,-1.,0.));
#4218 = FACE_BOUND('',#4219,.F.);
#4219 = EDGE_LOOP('',(#4220));
#4220 = ORIENTED_EDGE('',*,*,#4221,.T.);
#4221 = EDGE_CURVE('',#4222,#4222,#4224,.T.);
#4222 = VERTEX_POINT('',#4223);
#4223 = CARTESIAN_POINT('',(129.7575,-123.61,0.));
#4224 = CIRCLE('',#4225,0.4);
#4225 = AXIS2_PLACEMENT_3D('',#4226,#4227,#4228);
#4226 = CARTESIAN_POINT('',(129.7575,-123.21,0.));
#4227 = DIRECTION('',(-0.,0.,-1.));
#4228 = DIRECTION('',(-0.,-1.,0.));
#4229 = FACE_BOUND('',#4230,.F.);
#4230 = EDGE_LOOP('',(#4231));
#4231 = ORIENTED_EDGE('',*,*,#4232,.T.);
#4232 = EDGE_CURVE('',#4233,#4233,#4235,.T.);
#4233 = VERTEX_POINT('',#4234);
#4234 = CARTESIAN_POINT('',(132.2975,-123.61,0.));
#4235 = CIRCLE('',#4236,0.4);
#4236 = AXIS2_PLACEMENT_3D('',#4237,#4238,#4239);
#4237 = CARTESIAN_POINT('',(132.2975,-123.21,0.));
#4238 = DIRECTION('',(-0.,0.,-1.));
#4239 = DIRECTION('',(-0.,-1.,0.));
#4240 = FACE_BOUND('',#4241,.F.);
#4241 = EDGE_LOOP('',(#4242));
#4242 = ORIENTED_EDGE('',*,*,#4243,.T.);
#4243 = EDGE_CURVE('',#4244,#4244,#4246,.T.);
#4244 = VERTEX_POINT('',#4245);
#4245 = CARTESIAN_POINT('',(134.8375,-123.61,0.));
#4246 = CIRCLE('',#4247,0.4);
#4247 = AXIS2_PLACEMENT_3D('',#4248,#4249,#4250);
#4248 = CARTESIAN_POINT('',(134.8375,-123.21,0.));
#4249 = DIRECTION('',(-0.,0.,-1.));
#4250 = DIRECTION('',(-0.,-1.,0.));
#4251 = FACE_BOUND('',#4252,.F.);
#4252 = EDGE_LOOP('',(#4253));
#4253 = ORIENTED_EDGE('',*,*,#4254,.T.);
#4254 = EDGE_CURVE('',#4255,#4255,#4257,.T.);
#4255 = VERTEX_POINT('',#4256);
#4256 = CARTESIAN_POINT('',(137.3775,-123.61,0.));
#4257 = CIRCLE('',#4258,0.4);
#4258 = AXIS2_PLACEMENT_3D('',#4259,#4260,#4261);
#4259 = CARTESIAN_POINT('',(137.3775,-123.21,0.));
#4260 = DIRECTION('',(-0.,0.,-1.));
#4261 = DIRECTION('',(-0.,-1.,0.));
#4262 = FACE_BOUND('',#4263,.F.);
#4263 = EDGE_LOOP('',(#4264));
#4264 = ORIENTED_EDGE('',*,*,#4265,.T.);
#4265 = EDGE_CURVE('',#4266,#4266,#4268,.T.);
#4266 = VERTEX_POINT('',#4267);
#4267 = CARTESIAN_POINT('',(139.9175,-123.61,0.));
#4268 = CIRCLE('',#4269,0.4);
#4269 = AXIS2_PLACEMENT_3D('',#4270,#4271,#4272);
#4270 = CARTESIAN_POINT('',(139.9175,-123.21,0.));
#4271 = DIRECTION('',(-0.,0.,-1.));
#4272 = DIRECTION('',(-7.105427357601E-14,-1.,0.));
#4273 = FACE_BOUND('',#4274,.F.);
#4274 = EDGE_LOOP('',(#4275));
#4275 = ORIENTED_EDGE('',*,*,#4276,.T.);
#4276 = EDGE_CURVE('',#4277,#4277,#4279,.T.);
#4277 = VERTEX_POINT('',#4278);
#4278 = CARTESIAN_POINT('',(142.4575,-123.61,0.));
#4279 = CIRCLE('',#4280,0.4);
#4280 = AXIS2_PLACEMENT_3D('',#4281,#4282,#4283);
#4281 = CARTESIAN_POINT('',(142.4575,-123.21,0.));
#4282 = DIRECTION('',(-0.,0.,-1.));
#4283 = DIRECTION('',(7.105427357601E-14,-1.,-0.));
#4284 = FACE_BOUND('',#4285,.F.);
#4285 = EDGE_LOOP('',(#4286));
#4286 = ORIENTED_EDGE('',*,*,#4287,.T.);
#4287 = EDGE_CURVE('',#4288,#4288,#4290,.T.);
#4288 = VERTEX_POINT('',#4289);
#4289 = CARTESIAN_POINT('',(144.9975,-123.61,0.));
#4290 = CIRCLE('',#4291,0.4);
#4291 = AXIS2_PLACEMENT_3D('',#4292,#4293,#4294);
#4292 = CARTESIAN_POINT('',(144.9975,-123.21,0.));
#4293 = DIRECTION('',(-0.,0.,-1.));
#4294 = DIRECTION('',(-0.,-1.,0.));
#4295 = FACE_BOUND('',#4296,.F.);
#4296 = EDGE_LOOP('',(#4297));
#4297 = ORIENTED_EDGE('',*,*,#4298,.T.);
#4298 = EDGE_CURVE('',#4299,#4299,#4301,.T.);
#4299 = VERTEX_POINT('',#4300);
#4300 = CARTESIAN_POINT('',(147.5375,-123.61,0.));
#4301 = CIRCLE('',#4302,0.4);
#4302 = AXIS2_PLACEMENT_3D('',#4303,#4304,#4305);
#4303 = CARTESIAN_POINT('',(147.5375,-123.21,0.));
#4304 = DIRECTION('',(-0.,0.,-1.));
#4305 = DIRECTION('',(-0.,-1.,0.));
#4306 = FACE_BOUND('',#4307,.F.);
#4307 = EDGE_LOOP('',(#4308));
#4308 = ORIENTED_EDGE('',*,*,#4309,.T.);
#4309 = EDGE_CURVE('',#4310,#4310,#4312,.T.);
#4310 = VERTEX_POINT('',#4311);
#4311 = CARTESIAN_POINT('',(150.0775,-123.61,0.));
#4312 = CIRCLE('',#4313,0.4);
#4313 = AXIS2_PLACEMENT_3D('',#4314,#4315,#4316);
#4314 = CARTESIAN_POINT('',(150.0775,-123.21,0.));
#4315 = DIRECTION('',(-0.,0.,-1.));
#4316 = DIRECTION('',(-0.,-1.,0.));
#4317 = FACE_BOUND('',#4318,.F.);
#4318 = EDGE_LOOP('',(#4319));
#4319 = ORIENTED_EDGE('',*,*,#4320,.T.);
#4320 = EDGE_CURVE('',#4321,#4321,#4323,.T.);
#4321 = VERTEX_POINT('',#4322);
#4322 = CARTESIAN_POINT('',(152.6175,-123.61,0.));
#4323 = CIRCLE('',#4324,0.4);
#4324 = AXIS2_PLACEMENT_3D('',#4325,#4326,#4327);
#4325 = CARTESIAN_POINT('',(152.6175,-123.21,0.));
#4326 = DIRECTION('',(-0.,0.,-1.));
#4327 = DIRECTION('',(-0.,-1.,0.));
#4328 = FACE_BOUND('',#4329,.F.);
#4329 = EDGE_LOOP('',(#4330));
#4330 = ORIENTED_EDGE('',*,*,#4331,.T.);
#4331 = EDGE_CURVE('',#4332,#4332,#4334,.T.);
#4332 = VERTEX_POINT('',#4333);
#4333 = CARTESIAN_POINT('',(173.797613,-121.705,0.));
#4334 = CIRCLE('',#4335,0.4);
#4335 = AXIS2_PLACEMENT_3D('',#4336,#4337,#4338);
#4336 = CARTESIAN_POINT('',(173.797613,-121.305,0.));
#4337 = DIRECTION('',(-0.,0.,-1.));
#4338 = DIRECTION('',(-0.,-1.,0.));
#4339 = FACE_BOUND('',#4340,.F.);
#4340 = EDGE_LOOP('',(#4341));
#4341 = ORIENTED_EDGE('',*,*,#4342,.T.);
#4342 = EDGE_CURVE('',#4343,#4343,#4345,.T.);
#4343 = VERTEX_POINT('',#4344);
#4344 = CARTESIAN_POINT('',(173.797613,-119.705,0.));
#4345 = CIRCLE('',#4346,0.4);
#4346 = AXIS2_PLACEMENT_3D('',#4347,#4348,#4349);
#4347 = CARTESIAN_POINT('',(173.797613,-119.305,0.));
#4348 = DIRECTION('',(-0.,0.,-1.));
#4349 = DIRECTION('',(-0.,-1.,0.));
#4350 = FACE_BOUND('',#4351,.F.);
#4351 = EDGE_LOOP('',(#4352));
#4352 = ORIENTED_EDGE('',*,*,#4353,.T.);
#4353 = EDGE_CURVE('',#4354,#4354,#4356,.T.);
#4354 = VERTEX_POINT('',#4355);
#4355 = CARTESIAN_POINT('',(180.987613,-121.745,0.));
#4356 = CIRCLE('',#4357,0.4);
#4357 = AXIS2_PLACEMENT_3D('',#4358,#4359,#4360);
#4358 = CARTESIAN_POINT('',(180.987613,-121.345,0.));
#4359 = DIRECTION('',(-0.,0.,-1.));
#4360 = DIRECTION('',(-0.,-1.,0.));
#4361 = FACE_BOUND('',#4362,.F.);
#4362 = EDGE_LOOP('',(#4363));
#4363 = ORIENTED_EDGE('',*,*,#4364,.T.);
#4364 = EDGE_CURVE('',#4365,#4365,#4367,.T.);
#4365 = VERTEX_POINT('',#4366);
#4366 = CARTESIAN_POINT('',(180.987613,-119.745,0.));
#4367 = CIRCLE('',#4368,0.4);
#4368 = AXIS2_PLACEMENT_3D('',#4369,#4370,#4371);
#4369 = CARTESIAN_POINT('',(180.987613,-119.345,0.));
#4370 = DIRECTION('',(-0.,0.,-1.));
#4371 = DIRECTION('',(-0.,-1.,0.));
#4372 = FACE_BOUND('',#4373,.F.);
#4373 = EDGE_LOOP('',(#4374));
#4374 = ORIENTED_EDGE('',*,*,#4375,.T.);
#4375 = EDGE_CURVE('',#4376,#4376,#4378,.T.);
#4376 = VERTEX_POINT('',#4377);
#4377 = CARTESIAN_POINT('',(193.1825,-122.58,0.));
#4378 = CIRCLE('',#4379,0.385);
#4379 = AXIS2_PLACEMENT_3D('',#4380,#4381,#4382);
#4380 = CARTESIAN_POINT('',(193.1825,-122.195,0.));
#4381 = DIRECTION('',(-0.,0.,-1.));
#4382 = DIRECTION('',(-0.,-1.,0.));
#4383 = FACE_BOUND('',#4384,.F.);
#4384 = EDGE_LOOP('',(#4385));
#4385 = ORIENTED_EDGE('',*,*,#4386,.T.);
#4386 = EDGE_CURVE('',#4387,#4387,#4389,.T.);
#4387 = VERTEX_POINT('',#4388);
#4388 = CARTESIAN_POINT('',(201.1225,-122.58,0.));
#4389 = CIRCLE('',#4390,0.385);
#4390 = AXIS2_PLACEMENT_3D('',#4391,#4392,#4393);
#4391 = CARTESIAN_POINT('',(201.1225,-122.195,0.));
#4392 = DIRECTION('',(-0.,0.,-1.));
#4393 = DIRECTION('',(-0.,-1.,0.));
#4394 = FACE_BOUND('',#4395,.F.);
#4395 = EDGE_LOOP('',(#4396));
#4396 = ORIENTED_EDGE('',*,*,#4397,.T.);
#4397 = EDGE_CURVE('',#4398,#4398,#4400,.T.);
#4398 = VERTEX_POINT('',#4399);
#4399 = CARTESIAN_POINT('',(193.1825,-120.04,0.));
#4400 = CIRCLE('',#4401,0.385);
#4401 = AXIS2_PLACEMENT_3D('',#4402,#4403,#4404);
#4402 = CARTESIAN_POINT('',(193.1825,-119.655,0.));
#4403 = DIRECTION('',(-0.,0.,-1.));
#4404 = DIRECTION('',(-0.,-1.,0.));
#4405 = FACE_BOUND('',#4406,.F.);
#4406 = EDGE_LOOP('',(#4407));
#4407 = ORIENTED_EDGE('',*,*,#4408,.T.);
#4408 = EDGE_CURVE('',#4409,#4409,#4411,.T.);
#4409 = VERTEX_POINT('',#4410);
#4410 = CARTESIAN_POINT('',(201.1225,-120.04,0.));
#4411 = CIRCLE('',#4412,0.385);
#4412 = AXIS2_PLACEMENT_3D('',#4413,#4414,#4415);
#4413 = CARTESIAN_POINT('',(201.1225,-119.655,0.));
#4414 = DIRECTION('',(-0.,0.,-1.));
#4415 = DIRECTION('',(-0.,-1.,0.));
#4416 = FACE_BOUND('',#4417,.F.);
#4417 = EDGE_LOOP('',(#4418));
#4418 = ORIENTED_EDGE('',*,*,#4419,.T.);
#4419 = EDGE_CURVE('',#4420,#4420,#4422,.T.);
#4420 = VERTEX_POINT('',#4421);
#4421 = CARTESIAN_POINT('',(193.1825,-117.5,0.));
#4422 = CIRCLE('',#4423,0.385);
#4423 = AXIS2_PLACEMENT_3D('',#4424,#4425,#4426);
#4424 = CARTESIAN_POINT('',(193.1825,-117.115,0.));
#4425 = DIRECTION('',(-0.,0.,-1.));
#4426 = DIRECTION('',(-0.,-1.,0.));
#4427 = FACE_BOUND('',#4428,.F.);
#4428 = EDGE_LOOP('',(#4429));
#4429 = ORIENTED_EDGE('',*,*,#4430,.T.);
#4430 = EDGE_CURVE('',#4431,#4431,#4433,.T.);
#4431 = VERTEX_POINT('',#4432);
#4432 = CARTESIAN_POINT('',(193.1825,-114.96,0.));
#4433 = CIRCLE('',#4434,0.385);
#4434 = AXIS2_PLACEMENT_3D('',#4435,#4436,#4437);
#4435 = CARTESIAN_POINT('',(193.1825,-114.575,0.));
#4436 = DIRECTION('',(-0.,0.,-1.));
#4437 = DIRECTION('',(-0.,-1.,0.));
#4438 = FACE_BOUND('',#4439,.F.);
#4439 = EDGE_LOOP('',(#4440));
#4440 = ORIENTED_EDGE('',*,*,#4441,.T.);
#4441 = EDGE_CURVE('',#4442,#4442,#4444,.T.);
#4442 = VERTEX_POINT('',#4443);
#4443 = CARTESIAN_POINT('',(201.1225,-117.5,0.));
#4444 = CIRCLE('',#4445,0.385);
#4445 = AXIS2_PLACEMENT_3D('',#4446,#4447,#4448);
#4446 = CARTESIAN_POINT('',(201.1225,-117.115,0.));
#4447 = DIRECTION('',(-0.,0.,-1.));
#4448 = DIRECTION('',(-0.,-1.,0.));
#4449 = FACE_BOUND('',#4450,.F.);
#4450 = EDGE_LOOP('',(#4451));
#4451 = ORIENTED_EDGE('',*,*,#4452,.T.);
#4452 = EDGE_CURVE('',#4453,#4453,#4455,.T.);
#4453 = VERTEX_POINT('',#4454);
#4454 = CARTESIAN_POINT('',(201.1225,-114.96,0.));
#4455 = CIRCLE('',#4456,0.385);
#4456 = AXIS2_PLACEMENT_3D('',#4457,#4458,#4459);
#4457 = CARTESIAN_POINT('',(201.1225,-114.575,0.));
#4458 = DIRECTION('',(-0.,0.,-1.));
#4459 = DIRECTION('',(-0.,-1.,0.));
#4460 = FACE_BOUND('',#4461,.F.);
#4461 = EDGE_LOOP('',(#4462));
#4462 = ORIENTED_EDGE('',*,*,#4463,.T.);
#4463 = EDGE_CURVE('',#4464,#4464,#4466,.T.);
#4464 = VERTEX_POINT('',#4465);
#4465 = CARTESIAN_POINT('',(193.1825,-112.42,0.));
#4466 = CIRCLE('',#4467,0.385);
#4467 = AXIS2_PLACEMENT_3D('',#4468,#4469,#4470);
#4468 = CARTESIAN_POINT('',(193.1825,-112.035,0.));
#4469 = DIRECTION('',(-0.,0.,-1.));
#4470 = DIRECTION('',(-0.,-1.,0.));
#4471 = FACE_BOUND('',#4472,.F.);
#4472 = EDGE_LOOP('',(#4473));
#4473 = ORIENTED_EDGE('',*,*,#4474,.T.);
#4474 = EDGE_CURVE('',#4475,#4475,#4477,.T.);
#4475 = VERTEX_POINT('',#4476);
#4476 = CARTESIAN_POINT('',(201.1225,-112.42,0.));
#4477 = CIRCLE('',#4478,0.385);
#4478 = AXIS2_PLACEMENT_3D('',#4479,#4480,#4481);
#4479 = CARTESIAN_POINT('',(201.1225,-112.035,0.));
#4480 = DIRECTION('',(-0.,0.,-1.));
#4481 = DIRECTION('',(-0.,-1.,0.));
#4482 = FACE_BOUND('',#4483,.F.);
#4483 = EDGE_LOOP('',(#4484));
#4484 = ORIENTED_EDGE('',*,*,#4485,.T.);
#4485 = EDGE_CURVE('',#4486,#4486,#4488,.T.);
#4486 = VERTEX_POINT('',#4487);
#4487 = CARTESIAN_POINT('',(171.892613,-107.735,0.));
#4488 = CIRCLE('',#4489,0.4);
#4489 = AXIS2_PLACEMENT_3D('',#4490,#4491,#4492);
#4490 = CARTESIAN_POINT('',(171.892613,-107.335,0.));
#4491 = DIRECTION('',(-0.,0.,-1.));
#4492 = DIRECTION('',(7.105427357601E-14,-1.,-0.));
#4493 = FACE_BOUND('',#4494,.F.);
#4494 = EDGE_LOOP('',(#4495));
#4495 = ORIENTED_EDGE('',*,*,#4496,.T.);
#4496 = EDGE_CURVE('',#4497,#4497,#4499,.T.);
#4497 = VERTEX_POINT('',#4498);
#4498 = CARTESIAN_POINT('',(173.892613,-107.735,0.));
#4499 = CIRCLE('',#4500,0.4);
#4500 = AXIS2_PLACEMENT_3D('',#4501,#4502,#4503);
#4501 = CARTESIAN_POINT('',(173.892613,-107.335,0.));
#4502 = DIRECTION('',(-0.,0.,-1.));
#4503 = DIRECTION('',(7.105427357601E-14,-1.,-0.));
#4504 = FACE_BOUND('',#4505,.F.);
#4505 = EDGE_LOOP('',(#4506));
#4506 = ORIENTED_EDGE('',*,*,#4507,.T.);
#4507 = EDGE_CURVE('',#4508,#4508,#4510,.T.);
#4508 = VERTEX_POINT('',#4509);
#4509 = CARTESIAN_POINT('',(168.1225,-99.43,0.));
#4510 = CIRCLE('',#4511,0.35);
#4511 = AXIS2_PLACEMENT_3D('',#4512,#4513,#4514);
#4512 = CARTESIAN_POINT('',(168.1225,-99.08,0.));
#4513 = DIRECTION('',(-0.,0.,-1.));
#4514 = DIRECTION('',(-0.,-1.,0.));
#4515 = FACE_BOUND('',#4516,.F.);
#4516 = EDGE_LOOP('',(#4517));
#4517 = ORIENTED_EDGE('',*,*,#4518,.T.);
#4518 = EDGE_CURVE('',#4519,#4519,#4521,.T.);
#4519 = VERTEX_POINT('',#4520);
#4520 = CARTESIAN_POINT('',(172.3025,-99.43,0.));
#4521 = CIRCLE('',#4522,0.35);
#4522 = AXIS2_PLACEMENT_3D('',#4523,#4524,#4525);
#4523 = CARTESIAN_POINT('',(172.3025,-99.08,0.));
#4524 = DIRECTION('',(-0.,0.,-1.));
#4525 = DIRECTION('',(-0.,-1.,0.));
#4526 = FACE_BOUND('',#4527,.F.);
#4527 = EDGE_LOOP('',(#4528));
#4528 = ORIENTED_EDGE('',*,*,#4529,.T.);
#4529 = EDGE_CURVE('',#4530,#4530,#4532,.T.);
#4530 = VERTEX_POINT('',#4531);
#4531 = CARTESIAN_POINT('',(176.2925,-99.43,0.));
#4532 = CIRCLE('',#4533,0.35);
#4533 = AXIS2_PLACEMENT_3D('',#4534,#4535,#4536);
#4534 = CARTESIAN_POINT('',(176.2925,-99.08,0.));
#4535 = DIRECTION('',(-0.,0.,-1.));
#4536 = DIRECTION('',(-8.120488408687E-14,-1.,0.));
#4537 = FACE_BOUND('',#4538,.F.);
#4538 = EDGE_LOOP('',(#4539));
#4539 = ORIENTED_EDGE('',*,*,#4540,.T.);
#4540 = EDGE_CURVE('',#4541,#4541,#4543,.T.);
#4541 = VERTEX_POINT('',#4542);
#4542 = CARTESIAN_POINT('',(178.435,-110.985,0.));
#4543 = CIRCLE('',#4544,0.35);
#4544 = AXIS2_PLACEMENT_3D('',#4545,#4546,#4547);
#4545 = CARTESIAN_POINT('',(178.435,-110.635,0.));
#4546 = DIRECTION('',(-0.,0.,-1.));
#4547 = DIRECTION('',(-0.,-1.,0.));
#4548 = FACE_BOUND('',#4549,.F.);
#4549 = EDGE_LOOP('',(#4550));
#4550 = ORIENTED_EDGE('',*,*,#4551,.T.);
#4551 = EDGE_CURVE('',#4552,#4552,#4554,.T.);
#4552 = VERTEX_POINT('',#4553);
#4553 = CARTESIAN_POINT('',(186.055,-110.985,0.));
#4554 = CIRCLE('',#4555,0.35);
#4555 = AXIS2_PLACEMENT_3D('',#4556,#4557,#4558);
#4556 = CARTESIAN_POINT('',(186.055,-110.635,0.));
#4557 = DIRECTION('',(-0.,0.,-1.));
#4558 = DIRECTION('',(-0.,-1.,0.));
#4559 = FACE_BOUND('',#4560,.F.);
#4560 = EDGE_LOOP('',(#4561));
#4561 = ORIENTED_EDGE('',*,*,#4562,.T.);
#4562 = EDGE_CURVE('',#4563,#4563,#4565,.T.);
#4563 = VERTEX_POINT('',#4564);
#4564 = CARTESIAN_POINT('',(178.435,-107.665,0.));
#4565 = CIRCLE('',#4566,0.35);
#4566 = AXIS2_PLACEMENT_3D('',#4567,#4568,#4569);
#4567 = CARTESIAN_POINT('',(178.435,-107.315,0.));
#4568 = DIRECTION('',(-0.,0.,-1.));
#4569 = DIRECTION('',(-0.,-1.,0.));
#4570 = FACE_BOUND('',#4571,.F.);
#4571 = EDGE_LOOP('',(#4572));
#4572 = ORIENTED_EDGE('',*,*,#4573,.T.);
#4573 = EDGE_CURVE('',#4574,#4574,#4576,.T.);
#4574 = VERTEX_POINT('',#4575);
#4575 = CARTESIAN_POINT('',(186.055,-107.665,0.));
#4576 = CIRCLE('',#4577,0.35);
#4577 = AXIS2_PLACEMENT_3D('',#4578,#4579,#4580);
#4578 = CARTESIAN_POINT('',(186.055,-107.315,0.));
#4579 = DIRECTION('',(-0.,0.,-1.));
#4580 = DIRECTION('',(-0.,-1.,0.));
#4581 = FACE_BOUND('',#4582,.F.);
#4582 = EDGE_LOOP('',(#4583));
#4583 = ORIENTED_EDGE('',*,*,#4584,.T.);
#4584 = EDGE_CURVE('',#4585,#4585,#4587,.T.);
#4585 = VERTEX_POINT('',#4586);
#4586 = CARTESIAN_POINT('',(193.1825,-109.88,0.));
#4587 = CIRCLE('',#4588,0.385);
#4588 = AXIS2_PLACEMENT_3D('',#4589,#4590,#4591);
#4589 = CARTESIAN_POINT('',(193.1825,-109.495,0.));
#4590 = DIRECTION('',(-0.,0.,-1.));
#4591 = DIRECTION('',(-0.,-1.,0.));
#4592 = FACE_BOUND('',#4593,.F.);
#4593 = EDGE_LOOP('',(#4594));
#4594 = ORIENTED_EDGE('',*,*,#4595,.T.);
#4595 = EDGE_CURVE('',#4596,#4596,#4598,.T.);
#4596 = VERTEX_POINT('',#4597);
#4597 = CARTESIAN_POINT('',(201.1225,-109.88,0.));
#4598 = CIRCLE('',#4599,0.385);
#4599 = AXIS2_PLACEMENT_3D('',#4600,#4601,#4602);
#4600 = CARTESIAN_POINT('',(201.1225,-109.495,0.));
#4601 = DIRECTION('',(-0.,0.,-1.));
#4602 = DIRECTION('',(-0.,-1.,0.));
#4603 = FACE_BOUND('',#4604,.F.);
#4604 = EDGE_LOOP('',(#4605));
#4605 = ORIENTED_EDGE('',*,*,#4606,.T.);
#4606 = EDGE_CURVE('',#4607,#4607,#4609,.T.);
#4607 = VERTEX_POINT('',#4608);
#4608 = CARTESIAN_POINT('',(193.1825,-107.34,0.));
#4609 = CIRCLE('',#4610,0.385);
#4610 = AXIS2_PLACEMENT_3D('',#4611,#4612,#4613);
#4611 = CARTESIAN_POINT('',(193.1825,-106.955,0.));
#4612 = DIRECTION('',(-0.,0.,-1.));
#4613 = DIRECTION('',(-0.,-1.,0.));
#4614 = FACE_BOUND('',#4615,.F.);
#4615 = EDGE_LOOP('',(#4616));
#4616 = ORIENTED_EDGE('',*,*,#4617,.T.);
#4617 = EDGE_CURVE('',#4618,#4618,#4620,.T.);
#4618 = VERTEX_POINT('',#4619);
#4619 = CARTESIAN_POINT('',(201.1225,-107.34,0.));
#4620 = CIRCLE('',#4621,0.385);
#4621 = AXIS2_PLACEMENT_3D('',#4622,#4623,#4624);
#4622 = CARTESIAN_POINT('',(201.1225,-106.955,0.));
#4623 = DIRECTION('',(-0.,0.,-1.));
#4624 = DIRECTION('',(-0.,-1.,0.));
#4625 = FACE_BOUND('',#4626,.F.);
#4626 = EDGE_LOOP('',(#4627));
#4627 = ORIENTED_EDGE('',*,*,#4628,.T.);
#4628 = EDGE_CURVE('',#4629,#4629,#4631,.T.);
#4629 = VERTEX_POINT('',#4630);
#4630 = CARTESIAN_POINT('',(106.8975,-98.21,0.));
#4631 = CIRCLE('',#4632,0.4);
#4632 = AXIS2_PLACEMENT_3D('',#4633,#4634,#4635);
#4633 = CARTESIAN_POINT('',(106.8975,-97.81,0.));
#4634 = DIRECTION('',(-0.,0.,-1.));
#4635 = DIRECTION('',(-3.552713678801E-14,-1.,0.));
#4636 = FACE_BOUND('',#4637,.F.);
#4637 = EDGE_LOOP('',(#4638));
#4638 = ORIENTED_EDGE('',*,*,#4639,.T.);
#4639 = EDGE_CURVE('',#4640,#4640,#4642,.T.);
#4640 = VERTEX_POINT('',#4641);
#4641 = CARTESIAN_POINT('',(109.4375,-98.21,0.));
#4642 = CIRCLE('',#4643,0.4);
#4643 = AXIS2_PLACEMENT_3D('',#4644,#4645,#4646);
#4644 = CARTESIAN_POINT('',(109.4375,-97.81,0.));
#4645 = DIRECTION('',(-0.,0.,-1.));
#4646 = DIRECTION('',(-0.,-1.,0.));
#4647 = FACE_BOUND('',#4648,.F.);
#4648 = EDGE_LOOP('',(#4649));
#4649 = ORIENTED_EDGE('',*,*,#4650,.T.);
#4650 = EDGE_CURVE('',#4651,#4651,#4653,.T.);
#4651 = VERTEX_POINT('',#4652);
#4652 = CARTESIAN_POINT('',(111.9775,-98.21,0.));
#4653 = CIRCLE('',#4654,0.4);
#4654 = AXIS2_PLACEMENT_3D('',#4655,#4656,#4657);
#4655 = CARTESIAN_POINT('',(111.9775,-97.81,0.));
#4656 = DIRECTION('',(-0.,0.,-1.));
#4657 = DIRECTION('',(3.5527136788E-14,-1.,-0.));
#4658 = FACE_BOUND('',#4659,.F.);
#4659 = EDGE_LOOP('',(#4660));
#4660 = ORIENTED_EDGE('',*,*,#4661,.T.);
#4661 = EDGE_CURVE('',#4662,#4662,#4664,.T.);
#4662 = VERTEX_POINT('',#4663);
#4663 = CARTESIAN_POINT('',(114.5175,-98.21,0.));
#4664 = CIRCLE('',#4665,0.4);
#4665 = AXIS2_PLACEMENT_3D('',#4666,#4667,#4668);
#4666 = CARTESIAN_POINT('',(114.5175,-97.81,0.));
#4667 = DIRECTION('',(-0.,0.,-1.));
#4668 = DIRECTION('',(-3.552713678801E-14,-1.,0.));
#4669 = FACE_BOUND('',#4670,.F.);
#4670 = EDGE_LOOP('',(#4671));
#4671 = ORIENTED_EDGE('',*,*,#4672,.T.);
#4672 = EDGE_CURVE('',#4673,#4673,#4675,.T.);
#4673 = VERTEX_POINT('',#4674);
#4674 = CARTESIAN_POINT('',(117.0575,-98.21,0.));
#4675 = CIRCLE('',#4676,0.4);
#4676 = AXIS2_PLACEMENT_3D('',#4677,#4678,#4679);
#4677 = CARTESIAN_POINT('',(117.0575,-97.81,0.));
#4678 = DIRECTION('',(-0.,0.,-1.));
#4679 = DIRECTION('',(-0.,-1.,0.));
#4680 = FACE_BOUND('',#4681,.F.);
#4681 = EDGE_LOOP('',(#4682));
#4682 = ORIENTED_EDGE('',*,*,#4683,.T.);
#4683 = EDGE_CURVE('',#4684,#4684,#4686,.T.);
#4684 = VERTEX_POINT('',#4685);
#4685 = CARTESIAN_POINT('',(119.5975,-98.21,0.));
#4686 = CIRCLE('',#4687,0.4);
#4687 = AXIS2_PLACEMENT_3D('',#4688,#4689,#4690);
#4688 = CARTESIAN_POINT('',(119.5975,-97.81,0.));
#4689 = DIRECTION('',(-0.,0.,-1.));
#4690 = DIRECTION('',(-0.,-1.,0.));
#4691 = FACE_BOUND('',#4692,.F.);
#4692 = EDGE_LOOP('',(#4693));
#4693 = ORIENTED_EDGE('',*,*,#4694,.T.);
#4694 = EDGE_CURVE('',#4695,#4695,#4697,.T.);
#4695 = VERTEX_POINT('',#4696);
#4696 = CARTESIAN_POINT('',(122.1375,-98.21,0.));
#4697 = CIRCLE('',#4698,0.4);
#4698 = AXIS2_PLACEMENT_3D('',#4699,#4700,#4701);
#4699 = CARTESIAN_POINT('',(122.1375,-97.81,0.));
#4700 = DIRECTION('',(-0.,0.,-1.));
#4701 = DIRECTION('',(3.5527136788E-14,-1.,-0.));
#4702 = FACE_BOUND('',#4703,.F.);
#4703 = EDGE_LOOP('',(#4704));
#4704 = ORIENTED_EDGE('',*,*,#4705,.T.);
#4705 = EDGE_CURVE('',#4706,#4706,#4708,.T.);
#4706 = VERTEX_POINT('',#4707);
#4707 = CARTESIAN_POINT('',(124.6775,-98.21,0.));
#4708 = CIRCLE('',#4709,0.4);
#4709 = AXIS2_PLACEMENT_3D('',#4710,#4711,#4712);
#4710 = CARTESIAN_POINT('',(124.6775,-97.81,0.));
#4711 = DIRECTION('',(-0.,0.,-1.));
#4712 = DIRECTION('',(-3.552713678801E-14,-1.,0.));
#4713 = FACE_BOUND('',#4714,.F.);
#4714 = EDGE_LOOP('',(#4715));
#4715 = ORIENTED_EDGE('',*,*,#4716,.T.);
#4716 = EDGE_CURVE('',#4717,#4717,#4719,.T.);
#4717 = VERTEX_POINT('',#4718);
#4718 = CARTESIAN_POINT('',(127.2175,-98.21,0.));
#4719 = CIRCLE('',#4720,0.4);
#4720 = AXIS2_PLACEMENT_3D('',#4721,#4722,#4723);
#4721 = CARTESIAN_POINT('',(127.2175,-97.81,0.));
#4722 = DIRECTION('',(-0.,0.,-1.));
#4723 = DIRECTION('',(-0.,-1.,0.));
#4724 = FACE_BOUND('',#4725,.F.);
#4725 = EDGE_LOOP('',(#4726));
#4726 = ORIENTED_EDGE('',*,*,#4727,.T.);
#4727 = EDGE_CURVE('',#4728,#4728,#4730,.T.);
#4728 = VERTEX_POINT('',#4729);
#4729 = CARTESIAN_POINT('',(129.7575,-98.21,0.));
#4730 = CIRCLE('',#4731,0.4);
#4731 = AXIS2_PLACEMENT_3D('',#4732,#4733,#4734);
#4732 = CARTESIAN_POINT('',(129.7575,-97.81,0.));
#4733 = DIRECTION('',(-0.,0.,-1.));
#4734 = DIRECTION('',(-0.,-1.,0.));
#4735 = FACE_BOUND('',#4736,.F.);
#4736 = EDGE_LOOP('',(#4737));
#4737 = ORIENTED_EDGE('',*,*,#4738,.T.);
#4738 = EDGE_CURVE('',#4739,#4739,#4741,.T.);
#4739 = VERTEX_POINT('',#4740);
#4740 = CARTESIAN_POINT('',(117.55,-88.375,0.));
#4741 = CIRCLE('',#4742,0.35);
#4742 = AXIS2_PLACEMENT_3D('',#4743,#4744,#4745);
#4743 = CARTESIAN_POINT('',(117.55,-88.025,0.));
#4744 = DIRECTION('',(-0.,0.,-1.));
#4745 = DIRECTION('',(-4.060244204344E-14,-1.,0.));
#4746 = FACE_BOUND('',#4747,.F.);
#4747 = EDGE_LOOP('',(#4748));
#4748 = ORIENTED_EDGE('',*,*,#4749,.T.);
#4749 = EDGE_CURVE('',#4750,#4750,#4752,.T.);
#4750 = VERTEX_POINT('',#4751);
#4751 = CARTESIAN_POINT('',(125.17,-88.375,0.));
#4752 = CIRCLE('',#4753,0.35);
#4753 = AXIS2_PLACEMENT_3D('',#4754,#4755,#4756);
#4754 = CARTESIAN_POINT('',(125.17,-88.025,0.));
#4755 = DIRECTION('',(-0.,0.,-1.));
#4756 = DIRECTION('',(4.060244204343E-14,-1.,-0.));
#4757 = FACE_BOUND('',#4758,.F.);
#4758 = EDGE_LOOP('',(#4759));
#4759 = ORIENTED_EDGE('',*,*,#4760,.T.);
#4760 = EDGE_CURVE('',#4761,#4761,#4763,.T.);
#4761 = VERTEX_POINT('',#4762);
#4762 = CARTESIAN_POINT('',(132.2975,-98.21,0.));
#4763 = CIRCLE('',#4764,0.4);
#4764 = AXIS2_PLACEMENT_3D('',#4765,#4766,#4767);
#4765 = CARTESIAN_POINT('',(132.2975,-97.81,0.));
#4766 = DIRECTION('',(-0.,0.,-1.));
#4767 = DIRECTION('',(-0.,-1.,0.));
#4768 = FACE_BOUND('',#4769,.F.);
#4769 = EDGE_LOOP('',(#4770));
#4770 = ORIENTED_EDGE('',*,*,#4771,.T.);
#4771 = EDGE_CURVE('',#4772,#4772,#4774,.T.);
#4772 = VERTEX_POINT('',#4773);
#4773 = CARTESIAN_POINT('',(134.8375,-98.21,0.));
#4774 = CIRCLE('',#4775,0.4);
#4775 = AXIS2_PLACEMENT_3D('',#4776,#4777,#4778);
#4776 = CARTESIAN_POINT('',(134.8375,-97.81,0.));
#4777 = DIRECTION('',(-0.,0.,-1.));
#4778 = DIRECTION('',(-0.,-1.,0.));
#4779 = FACE_BOUND('',#4780,.F.);
#4780 = EDGE_LOOP('',(#4781));
#4781 = ORIENTED_EDGE('',*,*,#4782,.T.);
#4782 = EDGE_CURVE('',#4783,#4783,#4785,.T.);
#4783 = VERTEX_POINT('',#4784);
#4784 = CARTESIAN_POINT('',(137.3775,-98.21,0.));
#4785 = CIRCLE('',#4786,0.4);
#4786 = AXIS2_PLACEMENT_3D('',#4787,#4788,#4789);
#4787 = CARTESIAN_POINT('',(137.3775,-97.81,0.));
#4788 = DIRECTION('',(-0.,0.,-1.));
#4789 = DIRECTION('',(-0.,-1.,0.));
#4790 = FACE_BOUND('',#4791,.F.);
#4791 = EDGE_LOOP('',(#4792));
#4792 = ORIENTED_EDGE('',*,*,#4793,.T.);
#4793 = EDGE_CURVE('',#4794,#4794,#4796,.T.);
#4794 = VERTEX_POINT('',#4795);
#4795 = CARTESIAN_POINT('',(139.9175,-98.21,0.));
#4796 = CIRCLE('',#4797,0.4);
#4797 = AXIS2_PLACEMENT_3D('',#4798,#4799,#4800);
#4798 = CARTESIAN_POINT('',(139.9175,-97.81,0.));
#4799 = DIRECTION('',(-0.,0.,-1.));
#4800 = DIRECTION('',(-7.105427357601E-14,-1.,0.));
#4801 = FACE_BOUND('',#4802,.F.);
#4802 = EDGE_LOOP('',(#4803));
#4803 = ORIENTED_EDGE('',*,*,#4804,.T.);
#4804 = EDGE_CURVE('',#4805,#4805,#4807,.T.);
#4805 = VERTEX_POINT('',#4806);
#4806 = CARTESIAN_POINT('',(142.4575,-98.21,0.));
#4807 = CIRCLE('',#4808,0.4);
#4808 = AXIS2_PLACEMENT_3D('',#4809,#4810,#4811);
#4809 = CARTESIAN_POINT('',(142.4575,-97.81,0.));
#4810 = DIRECTION('',(-0.,0.,-1.));
#4811 = DIRECTION('',(7.105427357601E-14,-1.,-0.));
#4812 = FACE_BOUND('',#4813,.F.);
#4813 = EDGE_LOOP('',(#4814));
#4814 = ORIENTED_EDGE('',*,*,#4815,.T.);
#4815 = EDGE_CURVE('',#4816,#4816,#4818,.T.);
#4816 = VERTEX_POINT('',#4817);
#4817 = CARTESIAN_POINT('',(144.9975,-98.21,0.));
#4818 = CIRCLE('',#4819,0.4);
#4819 = AXIS2_PLACEMENT_3D('',#4820,#4821,#4822);
#4820 = CARTESIAN_POINT('',(144.9975,-97.81,0.));
#4821 = DIRECTION('',(-0.,0.,-1.));
#4822 = DIRECTION('',(-0.,-1.,0.));
#4823 = FACE_BOUND('',#4824,.F.);
#4824 = EDGE_LOOP('',(#4825));
#4825 = ORIENTED_EDGE('',*,*,#4826,.T.);
#4826 = EDGE_CURVE('',#4827,#4827,#4829,.T.);
#4827 = VERTEX_POINT('',#4828);
#4828 = CARTESIAN_POINT('',(147.5375,-98.21,0.));
#4829 = CIRCLE('',#4830,0.4);
#4830 = AXIS2_PLACEMENT_3D('',#4831,#4832,#4833);
#4831 = CARTESIAN_POINT('',(147.5375,-97.81,0.));
#4832 = DIRECTION('',(-0.,0.,-1.));
#4833 = DIRECTION('',(-0.,-1.,0.));
#4834 = FACE_BOUND('',#4835,.F.);
#4835 = EDGE_LOOP('',(#4836));
#4836 = ORIENTED_EDGE('',*,*,#4837,.T.);
#4837 = EDGE_CURVE('',#4838,#4838,#4840,.T.);
#4838 = VERTEX_POINT('',#4839);
#4839 = CARTESIAN_POINT('',(150.0775,-98.21,0.));
#4840 = CIRCLE('',#4841,0.4);
#4841 = AXIS2_PLACEMENT_3D('',#4842,#4843,#4844);
#4842 = CARTESIAN_POINT('',(150.0775,-97.81,0.));
#4843 = DIRECTION('',(-0.,0.,-1.));
#4844 = DIRECTION('',(-0.,-1.,0.));
#4845 = FACE_BOUND('',#4846,.F.);
#4846 = EDGE_LOOP('',(#4847));
#4847 = ORIENTED_EDGE('',*,*,#4848,.T.);
#4848 = EDGE_CURVE('',#4849,#4849,#4851,.T.);
#4849 = VERTEX_POINT('',#4850);
#4850 = CARTESIAN_POINT('',(152.6175,-98.21,0.));
#4851 = CIRCLE('',#4852,0.4);
#4852 = AXIS2_PLACEMENT_3D('',#4853,#4854,#4855);
#4853 = CARTESIAN_POINT('',(152.6175,-97.81,0.));
#4854 = DIRECTION('',(-0.,0.,-1.));
#4855 = DIRECTION('',(-0.,-1.,0.));
#4856 = FACE_BOUND('',#4857,.F.);
#4857 = EDGE_LOOP('',(#4858));
#4858 = ORIENTED_EDGE('',*,*,#4859,.T.);
#4859 = EDGE_CURVE('',#4860,#4860,#4862,.T.);
#4860 = VERTEX_POINT('',#4861);
#4861 = CARTESIAN_POINT('',(144.22,-90.59,0.));
#4862 = CIRCLE('',#4863,0.4);
#4863 = AXIS2_PLACEMENT_3D('',#4864,#4865,#4866);
#4864 = CARTESIAN_POINT('',(144.22,-90.19,0.));
#4865 = DIRECTION('',(-0.,0.,-1.));
#4866 = DIRECTION('',(-0.,-1.,0.));
#4867 = FACE_BOUND('',#4868,.F.);
#4868 = EDGE_LOOP('',(#4869));
#4869 = ORIENTED_EDGE('',*,*,#4870,.T.);
#4870 = EDGE_CURVE('',#4871,#4871,#4873,.T.);
#4871 = VERTEX_POINT('',#4872);
#4872 = CARTESIAN_POINT('',(144.22,-88.59,0.));
#4873 = CIRCLE('',#4874,0.4);
#4874 = AXIS2_PLACEMENT_3D('',#4875,#4876,#4877);
#4875 = CARTESIAN_POINT('',(144.22,-88.19,0.));
#4876 = DIRECTION('',(-0.,0.,-1.));
#4877 = DIRECTION('',(-0.,-1.,0.));
#4878 = FACE_BOUND('',#4879,.F.);
#4879 = EDGE_LOOP('',(#4880));
#4880 = ORIENTED_EDGE('',*,*,#4881,.T.);
#4881 = EDGE_CURVE('',#4882,#4882,#4884,.T.);
#4882 = VERTEX_POINT('',#4883);
#4883 = CARTESIAN_POINT('',(117.53,-84.785,0.));
#4884 = CIRCLE('',#4885,0.35);
#4885 = AXIS2_PLACEMENT_3D('',#4886,#4887,#4888);
#4886 = CARTESIAN_POINT('',(117.53,-84.435,0.));
#4887 = DIRECTION('',(-0.,0.,-1.));
#4888 = DIRECTION('',(-0.,-1.,0.));
#4889 = FACE_BOUND('',#4890,.F.);
#4890 = EDGE_LOOP('',(#4891));
#4891 = ORIENTED_EDGE('',*,*,#4892,.T.);
#4892 = EDGE_CURVE('',#4893,#4893,#4895,.T.);
#4893 = VERTEX_POINT('',#4894);
#4894 = CARTESIAN_POINT('',(117.53,-81.435,0.));
#4895 = CIRCLE('',#4896,0.35);
#4896 = AXIS2_PLACEMENT_3D('',#4897,#4898,#4899);
#4897 = CARTESIAN_POINT('',(117.53,-81.085,0.));
#4898 = DIRECTION('',(-0.,0.,-1.));
#4899 = DIRECTION('',(-0.,-1.,0.));
#4900 = FACE_BOUND('',#4901,.F.);
#4901 = EDGE_LOOP('',(#4902));
#4902 = ORIENTED_EDGE('',*,*,#4903,.T.);
#4903 = EDGE_CURVE('',#4904,#4904,#4906,.T.);
#4904 = VERTEX_POINT('',#4905);
#4905 = CARTESIAN_POINT('',(125.15,-84.785,0.));
#4906 = CIRCLE('',#4907,0.35);
#4907 = AXIS2_PLACEMENT_3D('',#4908,#4909,#4910);
#4908 = CARTESIAN_POINT('',(125.15,-84.435,0.));
#4909 = DIRECTION('',(-0.,0.,-1.));
#4910 = DIRECTION('',(-0.,-1.,0.));
#4911 = FACE_BOUND('',#4912,.F.);
#4912 = EDGE_LOOP('',(#4913));
#4913 = ORIENTED_EDGE('',*,*,#4914,.T.);
#4914 = EDGE_CURVE('',#4915,#4915,#4917,.T.);
#4915 = VERTEX_POINT('',#4916);
#4916 = CARTESIAN_POINT('',(129.49,-82.587,0.));
#4917 = CIRCLE('',#4918,0.41);
#4918 = AXIS2_PLACEMENT_3D('',#4919,#4920,#4921);
#4919 = CARTESIAN_POINT('',(129.49,-82.177,0.));
#4920 = DIRECTION('',(-0.,0.,-1.));
#4921 = DIRECTION('',(-0.,-1.,0.));
#4922 = FACE_BOUND('',#4923,.F.);
#4923 = EDGE_LOOP('',(#4924));
#4924 = ORIENTED_EDGE('',*,*,#4925,.T.);
#4925 = EDGE_CURVE('',#4926,#4926,#4928,.T.);
#4926 = VERTEX_POINT('',#4927);
#4927 = CARTESIAN_POINT('',(125.15,-81.435,0.));
#4928 = CIRCLE('',#4929,0.35);
#4929 = AXIS2_PLACEMENT_3D('',#4930,#4931,#4932);
#4930 = CARTESIAN_POINT('',(125.15,-81.085,0.));
#4931 = DIRECTION('',(-0.,0.,-1.));
#4932 = DIRECTION('',(-0.,-1.,0.));
#4933 = FACE_BOUND('',#4934,.F.);
#4934 = EDGE_LOOP('',(#4935));
#4935 = ORIENTED_EDGE('',*,*,#4936,.T.);
#4936 = EDGE_CURVE('',#4937,#4937,#4939,.T.);
#4937 = VERTEX_POINT('',#4938);
#4938 = CARTESIAN_POINT('',(108.1675,-78.066,0.));
#4939 = CIRCLE('',#4940,0.576);
#4940 = AXIS2_PLACEMENT_3D('',#4941,#4942,#4943);
#4941 = CARTESIAN_POINT('',(108.1675,-77.49,0.));
#4942 = DIRECTION('',(-0.,0.,-1.));
#4943 = DIRECTION('',(2.467162276945E-14,-1.,-0.));
#4944 = FACE_BOUND('',#4945,.F.);
#4945 = EDGE_LOOP('',(#4946));
#4946 = ORIENTED_EDGE('',*,*,#4947,.T.);
#4947 = EDGE_CURVE('',#4948,#4948,#4950,.T.);
#4948 = VERTEX_POINT('',#4949);
#4949 = CARTESIAN_POINT('',(117.53,-78.185,0.));
#4950 = CIRCLE('',#4951,0.35);
#4951 = AXIS2_PLACEMENT_3D('',#4952,#4953,#4954);
#4952 = CARTESIAN_POINT('',(117.53,-77.835,0.));
#4953 = DIRECTION('',(-0.,0.,-1.));
#4954 = DIRECTION('',(-0.,-1.,0.));
#4955 = FACE_BOUND('',#4956,.F.);
#4956 = EDGE_LOOP('',(#4957));
#4957 = ORIENTED_EDGE('',*,*,#4958,.T.);
#4958 = EDGE_CURVE('',#4959,#4959,#4961,.T.);
#4959 = VERTEX_POINT('',#4960);
#4960 = CARTESIAN_POINT('',(108.1675,-75.526,0.));
#4961 = CIRCLE('',#4962,0.576);
#4962 = AXIS2_PLACEMENT_3D('',#4963,#4964,#4965);
#4963 = CARTESIAN_POINT('',(108.1675,-74.95,0.));
#4964 = DIRECTION('',(-0.,0.,-1.));
#4965 = DIRECTION('',(2.467162276945E-14,-1.,-0.));
#4966 = FACE_BOUND('',#4967,.F.);
#4967 = EDGE_LOOP('',(#4968));
#4968 = ORIENTED_EDGE('',*,*,#4969,.T.);
#4969 = EDGE_CURVE('',#4970,#4970,#4972,.T.);
#4970 = VERTEX_POINT('',#4971);
#4971 = CARTESIAN_POINT('',(117.53,-74.985,0.));
#4972 = CIRCLE('',#4973,0.35);
#4973 = AXIS2_PLACEMENT_3D('',#4974,#4975,#4976);
#4974 = CARTESIAN_POINT('',(117.53,-74.635,0.));
#4975 = DIRECTION('',(-0.,0.,-1.));
#4976 = DIRECTION('',(-0.,-1.,0.));
#4977 = FACE_BOUND('',#4978,.F.);
#4978 = EDGE_LOOP('',(#4979));
#4979 = ORIENTED_EDGE('',*,*,#4980,.T.);
#4980 = EDGE_CURVE('',#4981,#4981,#4983,.T.);
#4981 = VERTEX_POINT('',#4982);
#4982 = CARTESIAN_POINT('',(129.49,-80.047,0.));
#4983 = CIRCLE('',#4984,0.41);
#4984 = AXIS2_PLACEMENT_3D('',#4985,#4986,#4987);
#4985 = CARTESIAN_POINT('',(129.49,-79.637,0.));
#4986 = DIRECTION('',(-0.,0.,-1.));
#4987 = DIRECTION('',(-0.,-1.,0.));
#4988 = FACE_BOUND('',#4989,.F.);
#4989 = EDGE_LOOP('',(#4990));
#4990 = ORIENTED_EDGE('',*,*,#4991,.T.);
#4991 = EDGE_CURVE('',#4992,#4992,#4994,.T.);
#4992 = VERTEX_POINT('',#4993);
#4993 = CARTESIAN_POINT('',(125.15,-78.185,0.));
#4994 = CIRCLE('',#4995,0.35);
#4995 = AXIS2_PLACEMENT_3D('',#4996,#4997,#4998);
#4996 = CARTESIAN_POINT('',(125.15,-77.835,0.));
#4997 = DIRECTION('',(-0.,0.,-1.));
#4998 = DIRECTION('',(-0.,-1.,0.));
#4999 = FACE_BOUND('',#5000,.F.);
#5000 = EDGE_LOOP('',(#5001));
#5001 = ORIENTED_EDGE('',*,*,#5002,.T.);
#5002 = EDGE_CURVE('',#5003,#5003,#5005,.T.);
#5003 = VERTEX_POINT('',#5004);
#5004 = CARTESIAN_POINT('',(129.49,-77.507,0.));
#5005 = CIRCLE('',#5006,0.41);
#5006 = AXIS2_PLACEMENT_3D('',#5007,#5008,#5009);
#5007 = CARTESIAN_POINT('',(129.49,-77.097,0.));
#5008 = DIRECTION('',(-0.,0.,-1.));
#5009 = DIRECTION('',(-0.,-1.,0.));
#5010 = FACE_BOUND('',#5011,.F.);
#5011 = EDGE_LOOP('',(#5012));
#5012 = ORIENTED_EDGE('',*,*,#5013,.T.);
#5013 = EDGE_CURVE('',#5014,#5014,#5016,.T.);
#5014 = VERTEX_POINT('',#5015);
#5015 = CARTESIAN_POINT('',(125.15,-74.985,0.));
#5016 = CIRCLE('',#5017,0.35);
#5017 = AXIS2_PLACEMENT_3D('',#5018,#5019,#5020);
#5018 = CARTESIAN_POINT('',(125.15,-74.635,0.));
#5019 = DIRECTION('',(-0.,0.,-1.));
#5020 = DIRECTION('',(-0.,-1.,0.));
#5021 = FACE_BOUND('',#5022,.F.);
#5022 = EDGE_LOOP('',(#5023));
#5023 = ORIENTED_EDGE('',*,*,#5024,.T.);
#5024 = EDGE_CURVE('',#5025,#5025,#5027,.T.);
#5025 = VERTEX_POINT('',#5026);
#5026 = CARTESIAN_POINT('',(129.49,-74.967,0.));
#5027 = CIRCLE('',#5028,0.41);
#5028 = AXIS2_PLACEMENT_3D('',#5029,#5030,#5031);
#5029 = CARTESIAN_POINT('',(129.49,-74.557,0.));
#5030 = DIRECTION('',(-0.,0.,-1.));
#5031 = DIRECTION('',(-0.,-1.,0.));
#5032 = FACE_BOUND('',#5033,.F.);
#5033 = EDGE_LOOP('',(#5034));
#5034 = ORIENTED_EDGE('',*,*,#5035,.T.);
#5035 = EDGE_CURVE('',#5036,#5036,#5038,.T.);
#5036 = VERTEX_POINT('',#5037);
#5037 = CARTESIAN_POINT('',(137.36,-82.587,0.));
#5038 = CIRCLE('',#5039,0.41);
#5039 = AXIS2_PLACEMENT_3D('',#5040,#5041,#5042);
#5040 = CARTESIAN_POINT('',(137.36,-82.177,0.));
#5041 = DIRECTION('',(-0.,0.,-1.));
#5042 = DIRECTION('',(-0.,-1.,0.));
#5043 = FACE_BOUND('',#5044,.F.);
#5044 = EDGE_LOOP('',(#5045));
#5045 = ORIENTED_EDGE('',*,*,#5046,.T.);
#5046 = EDGE_CURVE('',#5047,#5047,#5049,.T.);
#5047 = VERTEX_POINT('',#5048);
#5048 = CARTESIAN_POINT('',(137.36,-80.047,0.));
#5049 = CIRCLE('',#5050,0.41);
#5050 = AXIS2_PLACEMENT_3D('',#5051,#5052,#5053);
#5051 = CARTESIAN_POINT('',(137.36,-79.637,0.));
#5052 = DIRECTION('',(-0.,0.,-1.));
#5053 = DIRECTION('',(-0.,-1.,0.));
#5054 = FACE_BOUND('',#5055,.F.);
#5055 = EDGE_LOOP('',(#5056));
#5056 = ORIENTED_EDGE('',*,*,#5057,.T.);
#5057 = EDGE_CURVE('',#5058,#5058,#5060,.T.);
#5058 = VERTEX_POINT('',#5059);
#5059 = CARTESIAN_POINT('',(141.045,-79.11,0.));
#5060 = CIRCLE('',#5061,0.35);
#5061 = AXIS2_PLACEMENT_3D('',#5062,#5063,#5064);
#5062 = CARTESIAN_POINT('',(141.045,-78.76,0.));
#5063 = DIRECTION('',(-0.,0.,-1.));
#5064 = DIRECTION('',(-8.120488408687E-14,-1.,0.));
#5065 = FACE_BOUND('',#5066,.F.);
#5066 = EDGE_LOOP('',(#5067));
#5067 = ORIENTED_EDGE('',*,*,#5068,.T.);
#5068 = EDGE_CURVE('',#5069,#5069,#5071,.T.);
#5069 = VERTEX_POINT('',#5070);
#5070 = CARTESIAN_POINT('',(137.36,-77.507,0.));
#5071 = CIRCLE('',#5072,0.41);
#5072 = AXIS2_PLACEMENT_3D('',#5073,#5074,#5075);
#5073 = CARTESIAN_POINT('',(137.36,-77.097,0.));
#5074 = DIRECTION('',(-0.,0.,-1.));
#5075 = DIRECTION('',(-0.,-1.,0.));
#5076 = FACE_BOUND('',#5077,.F.);
#5077 = EDGE_LOOP('',(#5078));
#5078 = ORIENTED_EDGE('',*,*,#5079,.T.);
#5079 = EDGE_CURVE('',#5080,#5080,#5082,.T.);
#5080 = VERTEX_POINT('',#5081);
#5081 = CARTESIAN_POINT('',(137.36,-74.967,0.));
#5082 = CIRCLE('',#5083,0.41);
#5083 = AXIS2_PLACEMENT_3D('',#5084,#5085,#5086);
#5084 = CARTESIAN_POINT('',(137.36,-74.557,0.));
#5085 = DIRECTION('',(-0.,0.,-1.));
#5086 = DIRECTION('',(-0.,-1.,0.));
#5087 = FACE_BOUND('',#5088,.F.);
#5088 = EDGE_LOOP('',(#5089));
#5089 = ORIENTED_EDGE('',*,*,#5090,.T.);
#5090 = EDGE_CURVE('',#5091,#5091,#5093,.T.);
#5091 = VERTEX_POINT('',#5092);
#5092 = CARTESIAN_POINT('',(148.665,-79.11,0.));
#5093 = CIRCLE('',#5094,0.35);
#5094 = AXIS2_PLACEMENT_3D('',#5095,#5096,#5097);
#5095 = CARTESIAN_POINT('',(148.665,-78.76,0.));
#5096 = DIRECTION('',(-0.,0.,-1.));
#5097 = DIRECTION('',(-0.,-1.,0.));
#5098 = FACE_BOUND('',#5099,.F.);
#5099 = EDGE_LOOP('',(#5100));
#5100 = ORIENTED_EDGE('',*,*,#5101,.T.);
#5101 = EDGE_CURVE('',#5102,#5102,#5104,.T.);
#5102 = VERTEX_POINT('',#5103);
#5103 = CARTESIAN_POINT('',(168.1225,-91.81,0.));
#5104 = CIRCLE('',#5105,0.35);
#5105 = AXIS2_PLACEMENT_3D('',#5106,#5107,#5108);
#5106 = CARTESIAN_POINT('',(168.1225,-91.46,0.));
#5107 = DIRECTION('',(-0.,0.,-1.));
#5108 = DIRECTION('',(-0.,-1.,0.));
#5109 = FACE_BOUND('',#5110,.F.);
#5110 = EDGE_LOOP('',(#5111));
#5111 = ORIENTED_EDGE('',*,*,#5112,.T.);
#5112 = EDGE_CURVE('',#5113,#5113,#5115,.T.);
#5113 = VERTEX_POINT('',#5114);
#5114 = CARTESIAN_POINT('',(172.3025,-91.81,0.));
#5115 = CIRCLE('',#5116,0.35);
#5116 = AXIS2_PLACEMENT_3D('',#5117,#5118,#5119);
#5117 = CARTESIAN_POINT('',(172.3025,-91.46,0.));
#5118 = DIRECTION('',(-0.,0.,-1.));
#5119 = DIRECTION('',(-0.,-1.,0.));
#5120 = FACE_BOUND('',#5121,.F.);
#5121 = EDGE_LOOP('',(#5122));
#5122 = ORIENTED_EDGE('',*,*,#5123,.T.);
#5123 = EDGE_CURVE('',#5124,#5124,#5126,.T.);
#5124 = VERTEX_POINT('',#5125);
#5125 = CARTESIAN_POINT('',(176.2925,-91.81,0.));
#5126 = CIRCLE('',#5127,0.35);
#5127 = AXIS2_PLACEMENT_3D('',#5128,#5129,#5130);
#5128 = CARTESIAN_POINT('',(176.2925,-91.46,0.));
#5129 = DIRECTION('',(-0.,0.,-1.));
#5130 = DIRECTION('',(-8.120488408687E-14,-1.,0.));
#5131 = FACE_BOUND('',#5132,.F.);
#5132 = EDGE_LOOP('',(#5133));
#5133 = ORIENTED_EDGE('',*,*,#5134,.T.);
#5134 = EDGE_CURVE('',#5135,#5135,#5137,.T.);
#5135 = VERTEX_POINT('',#5136);
#5136 = CARTESIAN_POINT('',(185.0025,-96.255,0.));
#5137 = CIRCLE('',#5138,0.35);
#5138 = AXIS2_PLACEMENT_3D('',#5139,#5140,#5141);
#5139 = CARTESIAN_POINT('',(185.0025,-95.905,0.));
#5140 = DIRECTION('',(-0.,0.,-1.));
#5141 = DIRECTION('',(-0.,-1.,0.));
#5142 = FACE_BOUND('',#5143,.F.);
#5143 = EDGE_LOOP('',(#5144));
#5144 = ORIENTED_EDGE('',*,*,#5145,.T.);
#5145 = EDGE_CURVE('',#5146,#5146,#5148,.T.);
#5146 = VERTEX_POINT('',#5147);
#5147 = CARTESIAN_POINT('',(188.8125,-96.255,0.));
#5148 = CIRCLE('',#5149,0.35);
#5149 = AXIS2_PLACEMENT_3D('',#5150,#5151,#5152);
#5150 = CARTESIAN_POINT('',(188.8125,-95.905,0.));
#5151 = DIRECTION('',(-0.,0.,-1.));
#5152 = DIRECTION('',(-0.,-1.,0.));
#5153 = FACE_BOUND('',#5154,.F.);
#5154 = EDGE_LOOP('',(#5155));
#5155 = ORIENTED_EDGE('',*,*,#5156,.T.);
#5156 = EDGE_CURVE('',#5157,#5157,#5159,.T.);
#5157 = VERTEX_POINT('',#5158);
#5158 = CARTESIAN_POINT('',(193.38,-94.33,0.));
#5159 = CIRCLE('',#5160,0.385);
#5160 = AXIS2_PLACEMENT_3D('',#5161,#5162,#5163);
#5161 = CARTESIAN_POINT('',(193.38,-93.945,0.));
#5162 = DIRECTION('',(-0.,0.,-1.));
#5163 = DIRECTION('',(-0.,-1.,0.));
#5164 = FACE_BOUND('',#5165,.F.);
#5165 = EDGE_LOOP('',(#5166));
#5166 = ORIENTED_EDGE('',*,*,#5167,.T.);
#5167 = EDGE_CURVE('',#5168,#5168,#5170,.T.);
#5168 = VERTEX_POINT('',#5169);
#5169 = CARTESIAN_POINT('',(201.32,-94.33,0.));
#5170 = CIRCLE('',#5171,0.385);
#5171 = AXIS2_PLACEMENT_3D('',#5172,#5173,#5174);
#5172 = CARTESIAN_POINT('',(201.32,-93.945,0.));
#5173 = DIRECTION('',(-0.,0.,-1.));
#5174 = DIRECTION('',(-0.,-1.,0.));
#5175 = FACE_BOUND('',#5176,.F.);
#5176 = EDGE_LOOP('',(#5177));
#5177 = ORIENTED_EDGE('',*,*,#5178,.T.);
#5178 = EDGE_CURVE('',#5179,#5179,#5181,.T.);
#5179 = VERTEX_POINT('',#5180);
#5180 = CARTESIAN_POINT('',(185.0025,-88.635,0.));
#5181 = CIRCLE('',#5182,0.35);
#5182 = AXIS2_PLACEMENT_3D('',#5183,#5184,#5185);
#5183 = CARTESIAN_POINT('',(185.0025,-88.285,0.));
#5184 = DIRECTION('',(-0.,0.,-1.));
#5185 = DIRECTION('',(-0.,-1.,0.));
#5186 = FACE_BOUND('',#5187,.F.);
#5187 = EDGE_LOOP('',(#5188));
#5188 = ORIENTED_EDGE('',*,*,#5189,.T.);
#5189 = EDGE_CURVE('',#5190,#5190,#5192,.T.);
#5190 = VERTEX_POINT('',#5191);
#5191 = CARTESIAN_POINT('',(188.8125,-88.635,0.));
#5192 = CIRCLE('',#5193,0.35);
#5193 = AXIS2_PLACEMENT_3D('',#5194,#5195,#5196);
#5194 = CARTESIAN_POINT('',(188.8125,-88.285,0.));
#5195 = DIRECTION('',(-0.,0.,-1.));
#5196 = DIRECTION('',(-0.,-1.,0.));
#5197 = FACE_BOUND('',#5198,.F.);
#5198 = EDGE_LOOP('',(#5199));
#5199 = ORIENTED_EDGE('',*,*,#5200,.T.);
#5200 = EDGE_CURVE('',#5201,#5201,#5203,.T.);
#5201 = VERTEX_POINT('',#5202);
#5202 = CARTESIAN_POINT('',(193.38,-91.79,0.));
#5203 = CIRCLE('',#5204,0.385);
#5204 = AXIS2_PLACEMENT_3D('',#5205,#5206,#5207);
#5205 = CARTESIAN_POINT('',(193.38,-91.405,0.));
#5206 = DIRECTION('',(-0.,0.,-1.));
#5207 = DIRECTION('',(-0.,-1.,0.));
#5208 = FACE_BOUND('',#5209,.F.);
#5209 = EDGE_LOOP('',(#5210));
#5210 = ORIENTED_EDGE('',*,*,#5211,.T.);
#5211 = EDGE_CURVE('',#5212,#5212,#5214,.T.);
#5212 = VERTEX_POINT('',#5213);
#5213 = CARTESIAN_POINT('',(201.32,-91.79,0.));
#5214 = CIRCLE('',#5215,0.385);
#5215 = AXIS2_PLACEMENT_3D('',#5216,#5217,#5218);
#5216 = CARTESIAN_POINT('',(201.32,-91.405,0.));
#5217 = DIRECTION('',(-0.,0.,-1.));
#5218 = DIRECTION('',(-0.,-1.,0.));
#5219 = FACE_BOUND('',#5220,.F.);
#5220 = EDGE_LOOP('',(#5221));
#5221 = ORIENTED_EDGE('',*,*,#5222,.T.);
#5222 = EDGE_CURVE('',#5223,#5223,#5225,.T.);
#5223 = VERTEX_POINT('',#5224);
#5224 = CARTESIAN_POINT('',(193.38,-89.25,0.));
#5225 = CIRCLE('',#5226,0.385);
#5226 = AXIS2_PLACEMENT_3D('',#5227,#5228,#5229);
#5227 = CARTESIAN_POINT('',(193.38,-88.865,0.));
#5228 = DIRECTION('',(-0.,0.,-1.));
#5229 = DIRECTION('',(-0.,-1.,0.));
#5230 = FACE_BOUND('',#5231,.F.);
#5231 = EDGE_LOOP('',(#5232));
#5232 = ORIENTED_EDGE('',*,*,#5233,.T.);
#5233 = EDGE_CURVE('',#5234,#5234,#5236,.T.);
#5234 = VERTEX_POINT('',#5235);
#5235 = CARTESIAN_POINT('',(201.32,-89.25,0.));
#5236 = CIRCLE('',#5237,0.385);
#5237 = AXIS2_PLACEMENT_3D('',#5238,#5239,#5240);
#5238 = CARTESIAN_POINT('',(201.32,-88.865,0.));
#5239 = DIRECTION('',(-0.,0.,-1.));
#5240 = DIRECTION('',(-0.,-1.,0.));
#5241 = FACE_BOUND('',#5242,.F.);
#5242 = EDGE_LOOP('',(#5243));
#5243 = ORIENTED_EDGE('',*,*,#5244,.T.);
#5244 = EDGE_CURVE('',#5245,#5245,#5247,.T.);
#5245 = VERTEX_POINT('',#5246);
#5246 = CARTESIAN_POINT('',(166.177613,-84.875,0.));
#5247 = CIRCLE('',#5248,0.4);
#5248 = AXIS2_PLACEMENT_3D('',#5249,#5250,#5251);
#5249 = CARTESIAN_POINT('',(166.177613,-84.475,0.));
#5250 = DIRECTION('',(-0.,0.,-1.));
#5251 = DIRECTION('',(-0.,-1.,0.));
#5252 = FACE_BOUND('',#5253,.F.);
#5253 = EDGE_LOOP('',(#5254));
#5254 = ORIENTED_EDGE('',*,*,#5255,.T.);
#5255 = EDGE_CURVE('',#5256,#5256,#5258,.T.);
#5256 = VERTEX_POINT('',#5257);
#5257 = CARTESIAN_POINT('',(168.177613,-84.875,0.));
#5258 = CIRCLE('',#5259,0.4);
#5259 = AXIS2_PLACEMENT_3D('',#5260,#5261,#5262);
#5260 = CARTESIAN_POINT('',(168.177613,-84.475,0.));
#5261 = DIRECTION('',(-0.,0.,-1.));
#5262 = DIRECTION('',(-0.,-1.,0.));
#5263 = FACE_BOUND('',#5264,.F.);
#5264 = EDGE_LOOP('',(#5265));
#5265 = ORIENTED_EDGE('',*,*,#5266,.T.);
#5266 = EDGE_CURVE('',#5267,#5267,#5269,.T.);
#5267 = VERTEX_POINT('',#5268);
#5268 = CARTESIAN_POINT('',(177.607613,-84.875,0.));
#5269 = CIRCLE('',#5270,0.4);
#5270 = AXIS2_PLACEMENT_3D('',#5271,#5272,#5273);
#5271 = CARTESIAN_POINT('',(177.607613,-84.475,0.));
#5272 = DIRECTION('',(-0.,0.,-1.));
#5273 = DIRECTION('',(-7.105427357601E-14,-1.,0.));
#5274 = FACE_BOUND('',#5275,.F.);
#5275 = EDGE_LOOP('',(#5276));
#5276 = ORIENTED_EDGE('',*,*,#5277,.T.);
#5277 = EDGE_CURVE('',#5278,#5278,#5280,.T.);
#5278 = VERTEX_POINT('',#5279);
#5279 = CARTESIAN_POINT('',(163.4125,-78.59,0.));
#5280 = CIRCLE('',#5281,0.35);
#5281 = AXIS2_PLACEMENT_3D('',#5282,#5283,#5284);
#5282 = CARTESIAN_POINT('',(163.4125,-78.24,0.));
#5283 = DIRECTION('',(-0.,0.,-1.));
#5284 = DIRECTION('',(-0.,-1.,0.));
#5285 = FACE_BOUND('',#5286,.F.);
#5286 = EDGE_LOOP('',(#5287));
#5287 = ORIENTED_EDGE('',*,*,#5288,.T.);
#5288 = EDGE_CURVE('',#5289,#5289,#5291,.T.);
#5289 = VERTEX_POINT('',#5290);
#5290 = CARTESIAN_POINT('',(171.0325,-78.59,0.));
#5291 = CIRCLE('',#5292,0.35);
#5292 = AXIS2_PLACEMENT_3D('',#5293,#5294,#5295);
#5293 = CARTESIAN_POINT('',(171.0325,-78.24,0.));
#5294 = DIRECTION('',(-0.,0.,-1.));
#5295 = DIRECTION('',(-0.,-1.,0.));
#5296 = FACE_BOUND('',#5297,.F.);
#5297 = EDGE_LOOP('',(#5298));
#5298 = ORIENTED_EDGE('',*,*,#5299,.T.);
#5299 = EDGE_CURVE('',#5300,#5300,#5302,.T.);
#5300 = VERTEX_POINT('',#5301);
#5301 = CARTESIAN_POINT('',(174.8425,-78.59,0.));
#5302 = CIRCLE('',#5303,0.35);
#5303 = AXIS2_PLACEMENT_3D('',#5304,#5305,#5306);
#5304 = CARTESIAN_POINT('',(174.8425,-78.24,0.));
#5305 = DIRECTION('',(-0.,0.,-1.));
#5306 = DIRECTION('',(-0.,-1.,0.));
#5307 = FACE_BOUND('',#5308,.F.);
#5308 = EDGE_LOOP('',(#5309));
#5309 = ORIENTED_EDGE('',*,*,#5310,.T.);
#5310 = EDGE_CURVE('',#5311,#5311,#5313,.T.);
#5311 = VERTEX_POINT('',#5312);
#5312 = CARTESIAN_POINT('',(179.607613,-84.875,0.));
#5313 = CIRCLE('',#5314,0.4);
#5314 = AXIS2_PLACEMENT_3D('',#5315,#5316,#5317);
#5315 = CARTESIAN_POINT('',(179.607613,-84.475,0.));
#5316 = DIRECTION('',(-0.,0.,-1.));
#5317 = DIRECTION('',(-7.105427357601E-14,-1.,0.));
#5318 = FACE_BOUND('',#5319,.F.);
#5319 = EDGE_LOOP('',(#5320));
#5320 = ORIENTED_EDGE('',*,*,#5321,.T.);
#5321 = EDGE_CURVE('',#5322,#5322,#5324,.T.);
#5322 = VERTEX_POINT('',#5323);
#5323 = CARTESIAN_POINT('',(185.34,-86.08,0.));
#5324 = CIRCLE('',#5325,0.35);
#5325 = AXIS2_PLACEMENT_3D('',#5326,#5327,#5328);
#5326 = CARTESIAN_POINT('',(185.34,-85.73,0.));
#5327 = DIRECTION('',(-0.,0.,-1.));
#5328 = DIRECTION('',(-0.,-1.,0.));
#5329 = FACE_BOUND('',#5330,.F.);
#5330 = EDGE_LOOP('',(#5331));
#5331 = ORIENTED_EDGE('',*,*,#5332,.T.);
#5332 = EDGE_CURVE('',#5333,#5333,#5335,.T.);
#5333 = VERTEX_POINT('',#5334);
#5334 = CARTESIAN_POINT('',(189.15,-86.08,0.));
#5335 = CIRCLE('',#5336,0.35);
#5336 = AXIS2_PLACEMENT_3D('',#5337,#5338,#5339);
#5337 = CARTESIAN_POINT('',(189.15,-85.73,0.));
#5338 = DIRECTION('',(-0.,0.,-1.));
#5339 = DIRECTION('',(-0.,-1.,0.));
#5340 = FACE_BOUND('',#5341,.F.);
#5341 = EDGE_LOOP('',(#5342));
#5342 = ORIENTED_EDGE('',*,*,#5343,.T.);
#5343 = EDGE_CURVE('',#5344,#5344,#5346,.T.);
#5344 = VERTEX_POINT('',#5345);
#5345 = CARTESIAN_POINT('',(193.38,-86.71,0.));
#5346 = CIRCLE('',#5347,0.385);
#5347 = AXIS2_PLACEMENT_3D('',#5348,#5349,#5350);
#5348 = CARTESIAN_POINT('',(193.38,-86.325,0.));
#5349 = DIRECTION('',(-0.,0.,-1.));
#5350 = DIRECTION('',(-0.,-1.,0.));
#5351 = FACE_BOUND('',#5352,.F.);
#5352 = EDGE_LOOP('',(#5353));
#5353 = ORIENTED_EDGE('',*,*,#5354,.T.);
#5354 = EDGE_CURVE('',#5355,#5355,#5357,.T.);
#5355 = VERTEX_POINT('',#5356);
#5356 = CARTESIAN_POINT('',(193.38,-84.17,0.));
#5357 = CIRCLE('',#5358,0.385);
#5358 = AXIS2_PLACEMENT_3D('',#5359,#5360,#5361);
#5359 = CARTESIAN_POINT('',(193.38,-83.785,0.));
#5360 = DIRECTION('',(-0.,0.,-1.));
#5361 = DIRECTION('',(-0.,-1.,0.));
#5362 = FACE_BOUND('',#5363,.F.);
#5363 = EDGE_LOOP('',(#5364));
#5364 = ORIENTED_EDGE('',*,*,#5365,.T.);
#5365 = EDGE_CURVE('',#5366,#5366,#5368,.T.);
#5366 = VERTEX_POINT('',#5367);
#5367 = CARTESIAN_POINT('',(201.32,-86.71,0.));
#5368 = CIRCLE('',#5369,0.385);
#5369 = AXIS2_PLACEMENT_3D('',#5370,#5371,#5372);
#5370 = CARTESIAN_POINT('',(201.32,-86.325,0.));
#5371 = DIRECTION('',(-0.,0.,-1.));
#5372 = DIRECTION('',(-0.,-1.,0.));
#5373 = FACE_BOUND('',#5374,.F.);
#5374 = EDGE_LOOP('',(#5375));
#5375 = ORIENTED_EDGE('',*,*,#5376,.T.);
#5376 = EDGE_CURVE('',#5377,#5377,#5379,.T.);
#5377 = VERTEX_POINT('',#5378);
#5378 = CARTESIAN_POINT('',(201.32,-84.17,0.));
#5379 = CIRCLE('',#5380,0.385);
#5380 = AXIS2_PLACEMENT_3D('',#5381,#5382,#5383);
#5381 = CARTESIAN_POINT('',(201.32,-83.785,0.));
#5382 = DIRECTION('',(-0.,0.,-1.));
#5383 = DIRECTION('',(-0.,-1.,0.));
#5384 = FACE_BOUND('',#5385,.F.);
#5385 = EDGE_LOOP('',(#5386));
#5386 = ORIENTED_EDGE('',*,*,#5387,.T.);
#5387 = EDGE_CURVE('',#5388,#5388,#5390,.T.);
#5388 = VERTEX_POINT('',#5389);
#5389 = CARTESIAN_POINT('',(193.38,-81.63,0.));
#5390 = CIRCLE('',#5391,0.385);
#5391 = AXIS2_PLACEMENT_3D('',#5392,#5393,#5394);
#5392 = CARTESIAN_POINT('',(193.38,-81.245,0.));
#5393 = DIRECTION('',(-0.,0.,-1.));
#5394 = DIRECTION('',(-0.,-1.,0.));
#5395 = FACE_BOUND('',#5396,.F.);
#5396 = EDGE_LOOP('',(#5397));
#5397 = ORIENTED_EDGE('',*,*,#5398,.T.);
#5398 = EDGE_CURVE('',#5399,#5399,#5401,.T.);
#5399 = VERTEX_POINT('',#5400);
#5400 = CARTESIAN_POINT('',(201.32,-81.63,0.));
#5401 = CIRCLE('',#5402,0.385);
#5402 = AXIS2_PLACEMENT_3D('',#5403,#5404,#5405);
#5403 = CARTESIAN_POINT('',(201.32,-81.245,0.));
#5404 = DIRECTION('',(-0.,0.,-1.));
#5405 = DIRECTION('',(-0.,-1.,0.));
#5406 = FACE_BOUND('',#5407,.F.);
#5407 = EDGE_LOOP('',(#5408));
#5408 = ORIENTED_EDGE('',*,*,#5409,.T.);
#5409 = EDGE_CURVE('',#5410,#5410,#5412,.T.);
#5410 = VERTEX_POINT('',#5411);
#5411 = CARTESIAN_POINT('',(182.4625,-78.59,0.));
#5412 = CIRCLE('',#5413,0.35);
#5413 = AXIS2_PLACEMENT_3D('',#5414,#5415,#5416);
#5414 = CARTESIAN_POINT('',(182.4625,-78.24,0.));
#5415 = DIRECTION('',(-0.,0.,-1.));
#5416 = DIRECTION('',(-0.,-1.,0.));
#5417 = FACE_BOUND('',#5418,.F.);
#5418 = EDGE_LOOP('',(#5419));
#5419 = ORIENTED_EDGE('',*,*,#5420,.T.);
#5420 = EDGE_CURVE('',#5421,#5421,#5423,.T.);
#5421 = VERTEX_POINT('',#5422);
#5422 = CARTESIAN_POINT('',(185.34,-78.46,0.));
#5423 = CIRCLE('',#5424,0.35);
#5424 = AXIS2_PLACEMENT_3D('',#5425,#5426,#5427);
#5425 = CARTESIAN_POINT('',(185.34,-78.11,0.));
#5426 = DIRECTION('',(-0.,0.,-1.));
#5427 = DIRECTION('',(-0.,-1.,0.));
#5428 = FACE_BOUND('',#5429,.F.);
#5429 = EDGE_LOOP('',(#5430));
#5430 = ORIENTED_EDGE('',*,*,#5431,.T.);
#5431 = EDGE_CURVE('',#5432,#5432,#5434,.T.);
#5432 = VERTEX_POINT('',#5433);
#5433 = CARTESIAN_POINT('',(189.15,-78.46,0.));
#5434 = CIRCLE('',#5435,0.35);
#5435 = AXIS2_PLACEMENT_3D('',#5436,#5437,#5438);
#5436 = CARTESIAN_POINT('',(189.15,-78.11,0.));
#5437 = DIRECTION('',(-0.,0.,-1.));
#5438 = DIRECTION('',(-0.,-1.,0.));
#5439 = FACE_BOUND('',#5440,.F.);
#5440 = EDGE_LOOP('',(#5441));
#5441 = ORIENTED_EDGE('',*,*,#5442,.T.);
#5442 = EDGE_CURVE('',#5443,#5443,#5445,.T.);
#5443 = VERTEX_POINT('',#5444);
#5444 = CARTESIAN_POINT('',(193.38,-79.09,0.));
#5445 = CIRCLE('',#5446,0.385);
#5446 = AXIS2_PLACEMENT_3D('',#5447,#5448,#5449);
#5447 = CARTESIAN_POINT('',(193.38,-78.705,0.));
#5448 = DIRECTION('',(-0.,0.,-1.));
#5449 = DIRECTION('',(-0.,-1.,0.));
#5450 = FACE_BOUND('',#5451,.F.);
#5451 = EDGE_LOOP('',(#5452));
#5452 = ORIENTED_EDGE('',*,*,#5453,.T.);
#5453 = EDGE_CURVE('',#5454,#5454,#5456,.T.);
#5454 = VERTEX_POINT('',#5455);
#5455 = CARTESIAN_POINT('',(201.32,-79.09,0.));
#5456 = CIRCLE('',#5457,0.385);
#5457 = AXIS2_PLACEMENT_3D('',#5458,#5459,#5460);
#5458 = CARTESIAN_POINT('',(201.32,-78.705,0.));
#5459 = DIRECTION('',(-0.,0.,-1.));
#5460 = DIRECTION('',(-0.,-1.,0.));
#5461 = PLANE('',#5462);
#5462 = AXIS2_PLACEMENT_3D('',#5463,#5464,#5465);
#5463 = CARTESIAN_POINT('',(0.,0.,0.));
#5464 = DIRECTION('',(0.,0.,1.));
#5465 = DIRECTION('',(1.,0.,-0.));
#5466 = ADVANCED_FACE('',(#5467,#5478,#5489,#5500,#5511,#5522,#5533,
    #5544,#5555,#5566,#5577,#5588,#5599,#5610,#5621,#5632,#5643,#5654,
    #5665,#5676,#5687,#5698,#5709,#5720,#5731,#5742,#5753,#5764,#5775,
    #5786,#5797,#5808,#5819,#5830,#5841,#5852,#5863,#5874,#5885,#5896,
    #5907,#5918,#5929,#5940,#5951,#5962,#5973,#5984,#5995,#6006,#6017,
    #6028,#6039,#6050,#6061,#6072,#6083,#6094,#6105,#6116,#6127,#6138,
    #6149,#6160,#6171,#6182,#6193,#6204,#6215,#6226,#6237,#6248,#6259,
    #6270,#6281,#6292,#6303,#6314,#6325,#6336,#6347,#6358,#6369,#6380,
    #6391,#6402,#6413,#6424,#6435,#6446,#6457,#6468,#6479,#6490,#6501,
    #6512,#6523,#6534,#6545,#6556,#6567,#6578,#6589,#6600,#6611,#6622,
    #6633,#6644,#6655,#6666,#6677,#6688,#6699,#6710,#6721,#6732,#6743,
    #6754,#6765,#6776,#6787,#6798,#6809),#6820,.T.);
#5467 = FACE_BOUND('',#5468,.T.);
#5468 = EDGE_LOOP('',(#5469,#5470,#5471,#5477));
#5469 = ORIENTED_EDGE('',*,*,#4019,.F.);
#5470 = ORIENTED_EDGE('',*,*,#4059,.F.);
#5471 = ORIENTED_EDGE('',*,*,#5472,.F.);
#5472 = EDGE_CURVE('',#4082,#4052,#5473,.T.);
#5473 = LINE('',#5474,#5475);
#5474 = CARTESIAN_POINT('',(104.6875,-71.131475,1.51));
#5475 = VECTOR('',#5476,1.);
#5476 = DIRECTION('',(1.,0.,0.));
#5477 = ORIENTED_EDGE('',*,*,#4081,.F.);
#5478 = FACE_BOUND('',#5479,.T.);
#5479 = EDGE_LOOP('',(#5480));
#5480 = ORIENTED_EDGE('',*,*,#5481,.T.);
#5481 = EDGE_CURVE('',#5482,#5482,#5484,.T.);
#5482 = VERTEX_POINT('',#5483);
#5483 = CARTESIAN_POINT('',(106.90022,-123.60632,1.51));
#5484 = CIRCLE('',#5485,0.4);
#5485 = AXIS2_PLACEMENT_3D('',#5486,#5487,#5488);
#5486 = CARTESIAN_POINT('',(106.90022,-123.20632,1.51));
#5487 = DIRECTION('',(-0.,0.,-1.));
#5488 = DIRECTION('',(3.5527136788E-14,-1.,-0.));
#5489 = FACE_BOUND('',#5490,.T.);
#5490 = EDGE_LOOP('',(#5491));
#5491 = ORIENTED_EDGE('',*,*,#5492,.T.);
#5492 = EDGE_CURVE('',#5493,#5493,#5495,.T.);
#5493 = VERTEX_POINT('',#5494);
#5494 = CARTESIAN_POINT('',(109.44022,-123.60632,1.51));
#5495 = CIRCLE('',#5496,0.4);
#5496 = AXIS2_PLACEMENT_3D('',#5497,#5498,#5499);
#5497 = CARTESIAN_POINT('',(109.44022,-123.20632,1.51));
#5498 = DIRECTION('',(-0.,0.,-1.));
#5499 = DIRECTION('',(-3.552713678801E-14,-1.,0.));
#5500 = FACE_BOUND('',#5501,.T.);
#5501 = EDGE_LOOP('',(#5502));
#5502 = ORIENTED_EDGE('',*,*,#5503,.T.);
#5503 = EDGE_CURVE('',#5504,#5504,#5506,.T.);
#5504 = VERTEX_POINT('',#5505);
#5505 = CARTESIAN_POINT('',(111.9775,-123.61,1.51));
#5506 = CIRCLE('',#5507,0.4);
#5507 = AXIS2_PLACEMENT_3D('',#5508,#5509,#5510);
#5508 = CARTESIAN_POINT('',(111.9775,-123.21,1.51));
#5509 = DIRECTION('',(-0.,0.,-1.));
#5510 = DIRECTION('',(3.5527136788E-14,-1.,-0.));
#5511 = FACE_BOUND('',#5512,.T.);
#5512 = EDGE_LOOP('',(#5513));
#5513 = ORIENTED_EDGE('',*,*,#5514,.T.);
#5514 = EDGE_CURVE('',#5515,#5515,#5517,.T.);
#5515 = VERTEX_POINT('',#5516);
#5516 = CARTESIAN_POINT('',(114.5175,-123.61,1.51));
#5517 = CIRCLE('',#5518,0.4);
#5518 = AXIS2_PLACEMENT_3D('',#5519,#5520,#5521);
#5519 = CARTESIAN_POINT('',(114.5175,-123.21,1.51));
#5520 = DIRECTION('',(-0.,0.,-1.));
#5521 = DIRECTION('',(-3.552713678801E-14,-1.,0.));
#5522 = FACE_BOUND('',#5523,.T.);
#5523 = EDGE_LOOP('',(#5524));
#5524 = ORIENTED_EDGE('',*,*,#5525,.T.);
#5525 = EDGE_CURVE('',#5526,#5526,#5528,.T.);
#5526 = VERTEX_POINT('',#5527);
#5527 = CARTESIAN_POINT('',(117.0575,-123.61,1.51));
#5528 = CIRCLE('',#5529,0.4);
#5529 = AXIS2_PLACEMENT_3D('',#5530,#5531,#5532);
#5530 = CARTESIAN_POINT('',(117.0575,-123.21,1.51));
#5531 = DIRECTION('',(-0.,0.,-1.));
#5532 = DIRECTION('',(-0.,-1.,0.));
#5533 = FACE_BOUND('',#5534,.T.);
#5534 = EDGE_LOOP('',(#5535));
#5535 = ORIENTED_EDGE('',*,*,#5536,.T.);
#5536 = EDGE_CURVE('',#5537,#5537,#5539,.T.);
#5537 = VERTEX_POINT('',#5538);
#5538 = CARTESIAN_POINT('',(119.5975,-123.61,1.51));
#5539 = CIRCLE('',#5540,0.4);
#5540 = AXIS2_PLACEMENT_3D('',#5541,#5542,#5543);
#5541 = CARTESIAN_POINT('',(119.5975,-123.21,1.51));
#5542 = DIRECTION('',(-0.,0.,-1.));
#5543 = DIRECTION('',(-0.,-1.,0.));
#5544 = FACE_BOUND('',#5545,.T.);
#5545 = EDGE_LOOP('',(#5546));
#5546 = ORIENTED_EDGE('',*,*,#5547,.T.);
#5547 = EDGE_CURVE('',#5548,#5548,#5550,.T.);
#5548 = VERTEX_POINT('',#5549);
#5549 = CARTESIAN_POINT('',(122.1375,-123.61,1.51));
#5550 = CIRCLE('',#5551,0.4);
#5551 = AXIS2_PLACEMENT_3D('',#5552,#5553,#5554);
#5552 = CARTESIAN_POINT('',(122.1375,-123.21,1.51));
#5553 = DIRECTION('',(-0.,0.,-1.));
#5554 = DIRECTION('',(3.5527136788E-14,-1.,-0.));
#5555 = FACE_BOUND('',#5556,.T.);
#5556 = EDGE_LOOP('',(#5557));
#5557 = ORIENTED_EDGE('',*,*,#5558,.T.);
#5558 = EDGE_CURVE('',#5559,#5559,#5561,.T.);
#5559 = VERTEX_POINT('',#5560);
#5560 = CARTESIAN_POINT('',(124.6775,-123.61,1.51));
#5561 = CIRCLE('',#5562,0.4);
#5562 = AXIS2_PLACEMENT_3D('',#5563,#5564,#5565);
#5563 = CARTESIAN_POINT('',(124.6775,-123.21,1.51));
#5564 = DIRECTION('',(-0.,0.,-1.));
#5565 = DIRECTION('',(-3.552713678801E-14,-1.,0.));
#5566 = FACE_BOUND('',#5567,.T.);
#5567 = EDGE_LOOP('',(#5568));
#5568 = ORIENTED_EDGE('',*,*,#5569,.T.);
#5569 = EDGE_CURVE('',#5570,#5570,#5572,.T.);
#5570 = VERTEX_POINT('',#5571);
#5571 = CARTESIAN_POINT('',(127.2175,-123.61,1.51));
#5572 = CIRCLE('',#5573,0.4);
#5573 = AXIS2_PLACEMENT_3D('',#5574,#5575,#5576);
#5574 = CARTESIAN_POINT('',(127.2175,-123.21,1.51));
#5575 = DIRECTION('',(-0.,0.,-1.));
#5576 = DIRECTION('',(-0.,-1.,0.));
#5577 = FACE_BOUND('',#5578,.T.);
#5578 = EDGE_LOOP('',(#5579));
#5579 = ORIENTED_EDGE('',*,*,#5580,.T.);
#5580 = EDGE_CURVE('',#5581,#5581,#5583,.T.);
#5581 = VERTEX_POINT('',#5582);
#5582 = CARTESIAN_POINT('',(129.7575,-123.61,1.51));
#5583 = CIRCLE('',#5584,0.4);
#5584 = AXIS2_PLACEMENT_3D('',#5585,#5586,#5587);
#5585 = CARTESIAN_POINT('',(129.7575,-123.21,1.51));
#5586 = DIRECTION('',(-0.,0.,-1.));
#5587 = DIRECTION('',(-0.,-1.,0.));
#5588 = FACE_BOUND('',#5589,.T.);
#5589 = EDGE_LOOP('',(#5590));
#5590 = ORIENTED_EDGE('',*,*,#5591,.T.);
#5591 = EDGE_CURVE('',#5592,#5592,#5594,.T.);
#5592 = VERTEX_POINT('',#5593);
#5593 = CARTESIAN_POINT('',(132.2975,-123.61,1.51));
#5594 = CIRCLE('',#5595,0.4);
#5595 = AXIS2_PLACEMENT_3D('',#5596,#5597,#5598);
#5596 = CARTESIAN_POINT('',(132.2975,-123.21,1.51));
#5597 = DIRECTION('',(-0.,0.,-1.));
#5598 = DIRECTION('',(-0.,-1.,0.));
#5599 = FACE_BOUND('',#5600,.T.);
#5600 = EDGE_LOOP('',(#5601));
#5601 = ORIENTED_EDGE('',*,*,#5602,.T.);
#5602 = EDGE_CURVE('',#5603,#5603,#5605,.T.);
#5603 = VERTEX_POINT('',#5604);
#5604 = CARTESIAN_POINT('',(134.8375,-123.61,1.51));
#5605 = CIRCLE('',#5606,0.4);
#5606 = AXIS2_PLACEMENT_3D('',#5607,#5608,#5609);
#5607 = CARTESIAN_POINT('',(134.8375,-123.21,1.51));
#5608 = DIRECTION('',(-0.,0.,-1.));
#5609 = DIRECTION('',(-0.,-1.,0.));
#5610 = FACE_BOUND('',#5611,.T.);
#5611 = EDGE_LOOP('',(#5612));
#5612 = ORIENTED_EDGE('',*,*,#5613,.T.);
#5613 = EDGE_CURVE('',#5614,#5614,#5616,.T.);
#5614 = VERTEX_POINT('',#5615);
#5615 = CARTESIAN_POINT('',(137.3775,-123.61,1.51));
#5616 = CIRCLE('',#5617,0.4);
#5617 = AXIS2_PLACEMENT_3D('',#5618,#5619,#5620);
#5618 = CARTESIAN_POINT('',(137.3775,-123.21,1.51));
#5619 = DIRECTION('',(-0.,0.,-1.));
#5620 = DIRECTION('',(-0.,-1.,0.));
#5621 = FACE_BOUND('',#5622,.T.);
#5622 = EDGE_LOOP('',(#5623));
#5623 = ORIENTED_EDGE('',*,*,#5624,.T.);
#5624 = EDGE_CURVE('',#5625,#5625,#5627,.T.);
#5625 = VERTEX_POINT('',#5626);
#5626 = CARTESIAN_POINT('',(139.9175,-123.61,1.51));
#5627 = CIRCLE('',#5628,0.4);
#5628 = AXIS2_PLACEMENT_3D('',#5629,#5630,#5631);
#5629 = CARTESIAN_POINT('',(139.9175,-123.21,1.51));
#5630 = DIRECTION('',(-0.,0.,-1.));
#5631 = DIRECTION('',(-7.105427357601E-14,-1.,0.));
#5632 = FACE_BOUND('',#5633,.T.);
#5633 = EDGE_LOOP('',(#5634));
#5634 = ORIENTED_EDGE('',*,*,#5635,.T.);
#5635 = EDGE_CURVE('',#5636,#5636,#5638,.T.);
#5636 = VERTEX_POINT('',#5637);
#5637 = CARTESIAN_POINT('',(142.4575,-123.61,1.51));
#5638 = CIRCLE('',#5639,0.4);
#5639 = AXIS2_PLACEMENT_3D('',#5640,#5641,#5642);
#5640 = CARTESIAN_POINT('',(142.4575,-123.21,1.51));
#5641 = DIRECTION('',(-0.,0.,-1.));
#5642 = DIRECTION('',(7.105427357601E-14,-1.,-0.));
#5643 = FACE_BOUND('',#5644,.T.);
#5644 = EDGE_LOOP('',(#5645));
#5645 = ORIENTED_EDGE('',*,*,#5646,.T.);
#5646 = EDGE_CURVE('',#5647,#5647,#5649,.T.);
#5647 = VERTEX_POINT('',#5648);
#5648 = CARTESIAN_POINT('',(144.9975,-123.61,1.51));
#5649 = CIRCLE('',#5650,0.4);
#5650 = AXIS2_PLACEMENT_3D('',#5651,#5652,#5653);
#5651 = CARTESIAN_POINT('',(144.9975,-123.21,1.51));
#5652 = DIRECTION('',(-0.,0.,-1.));
#5653 = DIRECTION('',(-0.,-1.,0.));
#5654 = FACE_BOUND('',#5655,.T.);
#5655 = EDGE_LOOP('',(#5656));
#5656 = ORIENTED_EDGE('',*,*,#5657,.T.);
#5657 = EDGE_CURVE('',#5658,#5658,#5660,.T.);
#5658 = VERTEX_POINT('',#5659);
#5659 = CARTESIAN_POINT('',(147.5375,-123.61,1.51));
#5660 = CIRCLE('',#5661,0.4);
#5661 = AXIS2_PLACEMENT_3D('',#5662,#5663,#5664);
#5662 = CARTESIAN_POINT('',(147.5375,-123.21,1.51));
#5663 = DIRECTION('',(-0.,0.,-1.));
#5664 = DIRECTION('',(-0.,-1.,0.));
#5665 = FACE_BOUND('',#5666,.T.);
#5666 = EDGE_LOOP('',(#5667));
#5667 = ORIENTED_EDGE('',*,*,#5668,.T.);
#5668 = EDGE_CURVE('',#5669,#5669,#5671,.T.);
#5669 = VERTEX_POINT('',#5670);
#5670 = CARTESIAN_POINT('',(150.0775,-123.61,1.51));
#5671 = CIRCLE('',#5672,0.4);
#5672 = AXIS2_PLACEMENT_3D('',#5673,#5674,#5675);
#5673 = CARTESIAN_POINT('',(150.0775,-123.21,1.51));
#5674 = DIRECTION('',(-0.,0.,-1.));
#5675 = DIRECTION('',(-0.,-1.,0.));
#5676 = FACE_BOUND('',#5677,.T.);
#5677 = EDGE_LOOP('',(#5678));
#5678 = ORIENTED_EDGE('',*,*,#5679,.T.);
#5679 = EDGE_CURVE('',#5680,#5680,#5682,.T.);
#5680 = VERTEX_POINT('',#5681);
#5681 = CARTESIAN_POINT('',(152.6175,-123.61,1.51));
#5682 = CIRCLE('',#5683,0.4);
#5683 = AXIS2_PLACEMENT_3D('',#5684,#5685,#5686);
#5684 = CARTESIAN_POINT('',(152.6175,-123.21,1.51));
#5685 = DIRECTION('',(-0.,0.,-1.));
#5686 = DIRECTION('',(-0.,-1.,0.));
#5687 = FACE_BOUND('',#5688,.T.);
#5688 = EDGE_LOOP('',(#5689));
#5689 = ORIENTED_EDGE('',*,*,#5690,.T.);
#5690 = EDGE_CURVE('',#5691,#5691,#5693,.T.);
#5691 = VERTEX_POINT('',#5692);
#5692 = CARTESIAN_POINT('',(173.797613,-121.705,1.51));
#5693 = CIRCLE('',#5694,0.4);
#5694 = AXIS2_PLACEMENT_3D('',#5695,#5696,#5697);
#5695 = CARTESIAN_POINT('',(173.797613,-121.305,1.51));
#5696 = DIRECTION('',(-0.,0.,-1.));
#5697 = DIRECTION('',(-0.,-1.,0.));
#5698 = FACE_BOUND('',#5699,.T.);
#5699 = EDGE_LOOP('',(#5700));
#5700 = ORIENTED_EDGE('',*,*,#5701,.T.);
#5701 = EDGE_CURVE('',#5702,#5702,#5704,.T.);
#5702 = VERTEX_POINT('',#5703);
#5703 = CARTESIAN_POINT('',(173.797613,-119.705,1.51));
#5704 = CIRCLE('',#5705,0.4);
#5705 = AXIS2_PLACEMENT_3D('',#5706,#5707,#5708);
#5706 = CARTESIAN_POINT('',(173.797613,-119.305,1.51));
#5707 = DIRECTION('',(-0.,0.,-1.));
#5708 = DIRECTION('',(-0.,-1.,0.));
#5709 = FACE_BOUND('',#5710,.T.);
#5710 = EDGE_LOOP('',(#5711));
#5711 = ORIENTED_EDGE('',*,*,#5712,.T.);
#5712 = EDGE_CURVE('',#5713,#5713,#5715,.T.);
#5713 = VERTEX_POINT('',#5714);
#5714 = CARTESIAN_POINT('',(180.987613,-121.745,1.51));
#5715 = CIRCLE('',#5716,0.4);
#5716 = AXIS2_PLACEMENT_3D('',#5717,#5718,#5719);
#5717 = CARTESIAN_POINT('',(180.987613,-121.345,1.51));
#5718 = DIRECTION('',(-0.,0.,-1.));
#5719 = DIRECTION('',(-0.,-1.,0.));
#5720 = FACE_BOUND('',#5721,.T.);
#5721 = EDGE_LOOP('',(#5722));
#5722 = ORIENTED_EDGE('',*,*,#5723,.T.);
#5723 = EDGE_CURVE('',#5724,#5724,#5726,.T.);
#5724 = VERTEX_POINT('',#5725);
#5725 = CARTESIAN_POINT('',(180.987613,-119.745,1.51));
#5726 = CIRCLE('',#5727,0.4);
#5727 = AXIS2_PLACEMENT_3D('',#5728,#5729,#5730);
#5728 = CARTESIAN_POINT('',(180.987613,-119.345,1.51));
#5729 = DIRECTION('',(-0.,0.,-1.));
#5730 = DIRECTION('',(-0.,-1.,0.));
#5731 = FACE_BOUND('',#5732,.T.);
#5732 = EDGE_LOOP('',(#5733));
#5733 = ORIENTED_EDGE('',*,*,#5734,.T.);
#5734 = EDGE_CURVE('',#5735,#5735,#5737,.T.);
#5735 = VERTEX_POINT('',#5736);
#5736 = CARTESIAN_POINT('',(193.1825,-122.58,1.51));
#5737 = CIRCLE('',#5738,0.385);
#5738 = AXIS2_PLACEMENT_3D('',#5739,#5740,#5741);
#5739 = CARTESIAN_POINT('',(193.1825,-122.195,1.51));
#5740 = DIRECTION('',(-0.,0.,-1.));
#5741 = DIRECTION('',(-0.,-1.,0.));
#5742 = FACE_BOUND('',#5743,.T.);
#5743 = EDGE_LOOP('',(#5744));
#5744 = ORIENTED_EDGE('',*,*,#5745,.T.);
#5745 = EDGE_CURVE('',#5746,#5746,#5748,.T.);
#5746 = VERTEX_POINT('',#5747);
#5747 = CARTESIAN_POINT('',(201.1225,-122.58,1.51));
#5748 = CIRCLE('',#5749,0.385);
#5749 = AXIS2_PLACEMENT_3D('',#5750,#5751,#5752);
#5750 = CARTESIAN_POINT('',(201.1225,-122.195,1.51));
#5751 = DIRECTION('',(-0.,0.,-1.));
#5752 = DIRECTION('',(-0.,-1.,0.));
#5753 = FACE_BOUND('',#5754,.T.);
#5754 = EDGE_LOOP('',(#5755));
#5755 = ORIENTED_EDGE('',*,*,#5756,.T.);
#5756 = EDGE_CURVE('',#5757,#5757,#5759,.T.);
#5757 = VERTEX_POINT('',#5758);
#5758 = CARTESIAN_POINT('',(193.1825,-120.04,1.51));
#5759 = CIRCLE('',#5760,0.385);
#5760 = AXIS2_PLACEMENT_3D('',#5761,#5762,#5763);
#5761 = CARTESIAN_POINT('',(193.1825,-119.655,1.51));
#5762 = DIRECTION('',(-0.,0.,-1.));
#5763 = DIRECTION('',(-0.,-1.,0.));
#5764 = FACE_BOUND('',#5765,.T.);
#5765 = EDGE_LOOP('',(#5766));
#5766 = ORIENTED_EDGE('',*,*,#5767,.T.);
#5767 = EDGE_CURVE('',#5768,#5768,#5770,.T.);
#5768 = VERTEX_POINT('',#5769);
#5769 = CARTESIAN_POINT('',(201.1225,-120.04,1.51));
#5770 = CIRCLE('',#5771,0.385);
#5771 = AXIS2_PLACEMENT_3D('',#5772,#5773,#5774);
#5772 = CARTESIAN_POINT('',(201.1225,-119.655,1.51));
#5773 = DIRECTION('',(-0.,0.,-1.));
#5774 = DIRECTION('',(-0.,-1.,0.));
#5775 = FACE_BOUND('',#5776,.T.);
#5776 = EDGE_LOOP('',(#5777));
#5777 = ORIENTED_EDGE('',*,*,#5778,.T.);
#5778 = EDGE_CURVE('',#5779,#5779,#5781,.T.);
#5779 = VERTEX_POINT('',#5780);
#5780 = CARTESIAN_POINT('',(193.1825,-117.5,1.51));
#5781 = CIRCLE('',#5782,0.385);
#5782 = AXIS2_PLACEMENT_3D('',#5783,#5784,#5785);
#5783 = CARTESIAN_POINT('',(193.1825,-117.115,1.51));
#5784 = DIRECTION('',(-0.,0.,-1.));
#5785 = DIRECTION('',(-0.,-1.,0.));
#5786 = FACE_BOUND('',#5787,.T.);
#5787 = EDGE_LOOP('',(#5788));
#5788 = ORIENTED_EDGE('',*,*,#5789,.T.);
#5789 = EDGE_CURVE('',#5790,#5790,#5792,.T.);
#5790 = VERTEX_POINT('',#5791);
#5791 = CARTESIAN_POINT('',(193.1825,-114.96,1.51));
#5792 = CIRCLE('',#5793,0.385);
#5793 = AXIS2_PLACEMENT_3D('',#5794,#5795,#5796);
#5794 = CARTESIAN_POINT('',(193.1825,-114.575,1.51));
#5795 = DIRECTION('',(-0.,0.,-1.));
#5796 = DIRECTION('',(-0.,-1.,0.));
#5797 = FACE_BOUND('',#5798,.T.);
#5798 = EDGE_LOOP('',(#5799));
#5799 = ORIENTED_EDGE('',*,*,#5800,.T.);
#5800 = EDGE_CURVE('',#5801,#5801,#5803,.T.);
#5801 = VERTEX_POINT('',#5802);
#5802 = CARTESIAN_POINT('',(201.1225,-117.5,1.51));
#5803 = CIRCLE('',#5804,0.385);
#5804 = AXIS2_PLACEMENT_3D('',#5805,#5806,#5807);
#5805 = CARTESIAN_POINT('',(201.1225,-117.115,1.51));
#5806 = DIRECTION('',(-0.,0.,-1.));
#5807 = DIRECTION('',(-0.,-1.,0.));
#5808 = FACE_BOUND('',#5809,.T.);
#5809 = EDGE_LOOP('',(#5810));
#5810 = ORIENTED_EDGE('',*,*,#5811,.T.);
#5811 = EDGE_CURVE('',#5812,#5812,#5814,.T.);
#5812 = VERTEX_POINT('',#5813);
#5813 = CARTESIAN_POINT('',(201.1225,-114.96,1.51));
#5814 = CIRCLE('',#5815,0.385);
#5815 = AXIS2_PLACEMENT_3D('',#5816,#5817,#5818);
#5816 = CARTESIAN_POINT('',(201.1225,-114.575,1.51));
#5817 = DIRECTION('',(-0.,0.,-1.));
#5818 = DIRECTION('',(-0.,-1.,0.));
#5819 = FACE_BOUND('',#5820,.T.);
#5820 = EDGE_LOOP('',(#5821));
#5821 = ORIENTED_EDGE('',*,*,#5822,.T.);
#5822 = EDGE_CURVE('',#5823,#5823,#5825,.T.);
#5823 = VERTEX_POINT('',#5824);
#5824 = CARTESIAN_POINT('',(193.1825,-112.42,1.51));
#5825 = CIRCLE('',#5826,0.385);
#5826 = AXIS2_PLACEMENT_3D('',#5827,#5828,#5829);
#5827 = CARTESIAN_POINT('',(193.1825,-112.035,1.51));
#5828 = DIRECTION('',(-0.,0.,-1.));
#5829 = DIRECTION('',(-0.,-1.,0.));
#5830 = FACE_BOUND('',#5831,.T.);
#5831 = EDGE_LOOP('',(#5832));
#5832 = ORIENTED_EDGE('',*,*,#5833,.T.);
#5833 = EDGE_CURVE('',#5834,#5834,#5836,.T.);
#5834 = VERTEX_POINT('',#5835);
#5835 = CARTESIAN_POINT('',(201.1225,-112.42,1.51));
#5836 = CIRCLE('',#5837,0.385);
#5837 = AXIS2_PLACEMENT_3D('',#5838,#5839,#5840);
#5838 = CARTESIAN_POINT('',(201.1225,-112.035,1.51));
#5839 = DIRECTION('',(-0.,0.,-1.));
#5840 = DIRECTION('',(-0.,-1.,0.));
#5841 = FACE_BOUND('',#5842,.T.);
#5842 = EDGE_LOOP('',(#5843));
#5843 = ORIENTED_EDGE('',*,*,#5844,.T.);
#5844 = EDGE_CURVE('',#5845,#5845,#5847,.T.);
#5845 = VERTEX_POINT('',#5846);
#5846 = CARTESIAN_POINT('',(171.892613,-107.735,1.51));
#5847 = CIRCLE('',#5848,0.4);
#5848 = AXIS2_PLACEMENT_3D('',#5849,#5850,#5851);
#5849 = CARTESIAN_POINT('',(171.892613,-107.335,1.51));
#5850 = DIRECTION('',(-0.,0.,-1.));
#5851 = DIRECTION('',(7.105427357601E-14,-1.,-0.));
#5852 = FACE_BOUND('',#5853,.T.);
#5853 = EDGE_LOOP('',(#5854));
#5854 = ORIENTED_EDGE('',*,*,#5855,.T.);
#5855 = EDGE_CURVE('',#5856,#5856,#5858,.T.);
#5856 = VERTEX_POINT('',#5857);
#5857 = CARTESIAN_POINT('',(173.892613,-107.735,1.51));
#5858 = CIRCLE('',#5859,0.4);
#5859 = AXIS2_PLACEMENT_3D('',#5860,#5861,#5862);
#5860 = CARTESIAN_POINT('',(173.892613,-107.335,1.51));
#5861 = DIRECTION('',(-0.,0.,-1.));
#5862 = DIRECTION('',(7.105427357601E-14,-1.,-0.));
#5863 = FACE_BOUND('',#5864,.T.);
#5864 = EDGE_LOOP('',(#5865));
#5865 = ORIENTED_EDGE('',*,*,#5866,.T.);
#5866 = EDGE_CURVE('',#5867,#5867,#5869,.T.);
#5867 = VERTEX_POINT('',#5868);
#5868 = CARTESIAN_POINT('',(168.1225,-99.43,1.51));
#5869 = CIRCLE('',#5870,0.35);
#5870 = AXIS2_PLACEMENT_3D('',#5871,#5872,#5873);
#5871 = CARTESIAN_POINT('',(168.1225,-99.08,1.51));
#5872 = DIRECTION('',(-0.,0.,-1.));
#5873 = DIRECTION('',(-0.,-1.,0.));
#5874 = FACE_BOUND('',#5875,.T.);
#5875 = EDGE_LOOP('',(#5876));
#5876 = ORIENTED_EDGE('',*,*,#5877,.T.);
#5877 = EDGE_CURVE('',#5878,#5878,#5880,.T.);
#5878 = VERTEX_POINT('',#5879);
#5879 = CARTESIAN_POINT('',(172.3025,-99.43,1.51));
#5880 = CIRCLE('',#5881,0.35);
#5881 = AXIS2_PLACEMENT_3D('',#5882,#5883,#5884);
#5882 = CARTESIAN_POINT('',(172.3025,-99.08,1.51));
#5883 = DIRECTION('',(-0.,0.,-1.));
#5884 = DIRECTION('',(-0.,-1.,0.));
#5885 = FACE_BOUND('',#5886,.T.);
#5886 = EDGE_LOOP('',(#5887));
#5887 = ORIENTED_EDGE('',*,*,#5888,.T.);
#5888 = EDGE_CURVE('',#5889,#5889,#5891,.T.);
#5889 = VERTEX_POINT('',#5890);
#5890 = CARTESIAN_POINT('',(176.2925,-99.43,1.51));
#5891 = CIRCLE('',#5892,0.35);
#5892 = AXIS2_PLACEMENT_3D('',#5893,#5894,#5895);
#5893 = CARTESIAN_POINT('',(176.2925,-99.08,1.51));
#5894 = DIRECTION('',(-0.,0.,-1.));
#5895 = DIRECTION('',(-8.120488408687E-14,-1.,0.));
#5896 = FACE_BOUND('',#5897,.T.);
#5897 = EDGE_LOOP('',(#5898));
#5898 = ORIENTED_EDGE('',*,*,#5899,.T.);
#5899 = EDGE_CURVE('',#5900,#5900,#5902,.T.);
#5900 = VERTEX_POINT('',#5901);
#5901 = CARTESIAN_POINT('',(178.435,-110.985,1.51));
#5902 = CIRCLE('',#5903,0.35);
#5903 = AXIS2_PLACEMENT_3D('',#5904,#5905,#5906);
#5904 = CARTESIAN_POINT('',(178.435,-110.635,1.51));
#5905 = DIRECTION('',(-0.,0.,-1.));
#5906 = DIRECTION('',(-0.,-1.,0.));
#5907 = FACE_BOUND('',#5908,.T.);
#5908 = EDGE_LOOP('',(#5909));
#5909 = ORIENTED_EDGE('',*,*,#5910,.T.);
#5910 = EDGE_CURVE('',#5911,#5911,#5913,.T.);
#5911 = VERTEX_POINT('',#5912);
#5912 = CARTESIAN_POINT('',(186.055,-110.985,1.51));
#5913 = CIRCLE('',#5914,0.35);
#5914 = AXIS2_PLACEMENT_3D('',#5915,#5916,#5917);
#5915 = CARTESIAN_POINT('',(186.055,-110.635,1.51));
#5916 = DIRECTION('',(-0.,0.,-1.));
#5917 = DIRECTION('',(-0.,-1.,0.));
#5918 = FACE_BOUND('',#5919,.T.);
#5919 = EDGE_LOOP('',(#5920));
#5920 = ORIENTED_EDGE('',*,*,#5921,.T.);
#5921 = EDGE_CURVE('',#5922,#5922,#5924,.T.);
#5922 = VERTEX_POINT('',#5923);
#5923 = CARTESIAN_POINT('',(178.435,-107.665,1.51));
#5924 = CIRCLE('',#5925,0.35);
#5925 = AXIS2_PLACEMENT_3D('',#5926,#5927,#5928);
#5926 = CARTESIAN_POINT('',(178.435,-107.315,1.51));
#5927 = DIRECTION('',(-0.,0.,-1.));
#5928 = DIRECTION('',(-0.,-1.,0.));
#5929 = FACE_BOUND('',#5930,.T.);
#5930 = EDGE_LOOP('',(#5931));
#5931 = ORIENTED_EDGE('',*,*,#5932,.T.);
#5932 = EDGE_CURVE('',#5933,#5933,#5935,.T.);
#5933 = VERTEX_POINT('',#5934);
#5934 = CARTESIAN_POINT('',(186.055,-107.665,1.51));
#5935 = CIRCLE('',#5936,0.35);
#5936 = AXIS2_PLACEMENT_3D('',#5937,#5938,#5939);
#5937 = CARTESIAN_POINT('',(186.055,-107.315,1.51));
#5938 = DIRECTION('',(-0.,0.,-1.));
#5939 = DIRECTION('',(-0.,-1.,0.));
#5940 = FACE_BOUND('',#5941,.T.);
#5941 = EDGE_LOOP('',(#5942));
#5942 = ORIENTED_EDGE('',*,*,#5943,.T.);
#5943 = EDGE_CURVE('',#5944,#5944,#5946,.T.);
#5944 = VERTEX_POINT('',#5945);
#5945 = CARTESIAN_POINT('',(193.1825,-109.88,1.51));
#5946 = CIRCLE('',#5947,0.385);
#5947 = AXIS2_PLACEMENT_3D('',#5948,#5949,#5950);
#5948 = CARTESIAN_POINT('',(193.1825,-109.495,1.51));
#5949 = DIRECTION('',(-0.,0.,-1.));
#5950 = DIRECTION('',(-0.,-1.,0.));
#5951 = FACE_BOUND('',#5952,.T.);
#5952 = EDGE_LOOP('',(#5953));
#5953 = ORIENTED_EDGE('',*,*,#5954,.T.);
#5954 = EDGE_CURVE('',#5955,#5955,#5957,.T.);
#5955 = VERTEX_POINT('',#5956);
#5956 = CARTESIAN_POINT('',(201.1225,-109.88,1.51));
#5957 = CIRCLE('',#5958,0.385);
#5958 = AXIS2_PLACEMENT_3D('',#5959,#5960,#5961);
#5959 = CARTESIAN_POINT('',(201.1225,-109.495,1.51));
#5960 = DIRECTION('',(-0.,0.,-1.));
#5961 = DIRECTION('',(-0.,-1.,0.));
#5962 = FACE_BOUND('',#5963,.T.);
#5963 = EDGE_LOOP('',(#5964));
#5964 = ORIENTED_EDGE('',*,*,#5965,.T.);
#5965 = EDGE_CURVE('',#5966,#5966,#5968,.T.);
#5966 = VERTEX_POINT('',#5967);
#5967 = CARTESIAN_POINT('',(193.1825,-107.34,1.51));
#5968 = CIRCLE('',#5969,0.385);
#5969 = AXIS2_PLACEMENT_3D('',#5970,#5971,#5972);
#5970 = CARTESIAN_POINT('',(193.1825,-106.955,1.51));
#5971 = DIRECTION('',(-0.,0.,-1.));
#5972 = DIRECTION('',(-0.,-1.,0.));
#5973 = FACE_BOUND('',#5974,.T.);
#5974 = EDGE_LOOP('',(#5975));
#5975 = ORIENTED_EDGE('',*,*,#5976,.T.);
#5976 = EDGE_CURVE('',#5977,#5977,#5979,.T.);
#5977 = VERTEX_POINT('',#5978);
#5978 = CARTESIAN_POINT('',(201.1225,-107.34,1.51));
#5979 = CIRCLE('',#5980,0.385);
#5980 = AXIS2_PLACEMENT_3D('',#5981,#5982,#5983);
#5981 = CARTESIAN_POINT('',(201.1225,-106.955,1.51));
#5982 = DIRECTION('',(-0.,0.,-1.));
#5983 = DIRECTION('',(-0.,-1.,0.));
#5984 = FACE_BOUND('',#5985,.T.);
#5985 = EDGE_LOOP('',(#5986));
#5986 = ORIENTED_EDGE('',*,*,#5987,.T.);
#5987 = EDGE_CURVE('',#5988,#5988,#5990,.T.);
#5988 = VERTEX_POINT('',#5989);
#5989 = CARTESIAN_POINT('',(106.8975,-98.21,1.51));
#5990 = CIRCLE('',#5991,0.4);
#5991 = AXIS2_PLACEMENT_3D('',#5992,#5993,#5994);
#5992 = CARTESIAN_POINT('',(106.8975,-97.81,1.51));
#5993 = DIRECTION('',(-0.,0.,-1.));
#5994 = DIRECTION('',(-3.552713678801E-14,-1.,0.));
#5995 = FACE_BOUND('',#5996,.T.);
#5996 = EDGE_LOOP('',(#5997));
#5997 = ORIENTED_EDGE('',*,*,#5998,.T.);
#5998 = EDGE_CURVE('',#5999,#5999,#6001,.T.);
#5999 = VERTEX_POINT('',#6000);
#6000 = CARTESIAN_POINT('',(109.4375,-98.21,1.51));
#6001 = CIRCLE('',#6002,0.4);
#6002 = AXIS2_PLACEMENT_3D('',#6003,#6004,#6005);
#6003 = CARTESIAN_POINT('',(109.4375,-97.81,1.51));
#6004 = DIRECTION('',(-0.,0.,-1.));
#6005 = DIRECTION('',(-0.,-1.,0.));
#6006 = FACE_BOUND('',#6007,.T.);
#6007 = EDGE_LOOP('',(#6008));
#6008 = ORIENTED_EDGE('',*,*,#6009,.T.);
#6009 = EDGE_CURVE('',#6010,#6010,#6012,.T.);
#6010 = VERTEX_POINT('',#6011);
#6011 = CARTESIAN_POINT('',(111.9775,-98.21,1.51));
#6012 = CIRCLE('',#6013,0.4);
#6013 = AXIS2_PLACEMENT_3D('',#6014,#6015,#6016);
#6014 = CARTESIAN_POINT('',(111.9775,-97.81,1.51));
#6015 = DIRECTION('',(-0.,0.,-1.));
#6016 = DIRECTION('',(3.5527136788E-14,-1.,-0.));
#6017 = FACE_BOUND('',#6018,.T.);
#6018 = EDGE_LOOP('',(#6019));
#6019 = ORIENTED_EDGE('',*,*,#6020,.T.);
#6020 = EDGE_CURVE('',#6021,#6021,#6023,.T.);
#6021 = VERTEX_POINT('',#6022);
#6022 = CARTESIAN_POINT('',(114.5175,-98.21,1.51));
#6023 = CIRCLE('',#6024,0.4);
#6024 = AXIS2_PLACEMENT_3D('',#6025,#6026,#6027);
#6025 = CARTESIAN_POINT('',(114.5175,-97.81,1.51));
#6026 = DIRECTION('',(-0.,0.,-1.));
#6027 = DIRECTION('',(-3.552713678801E-14,-1.,0.));
#6028 = FACE_BOUND('',#6029,.T.);
#6029 = EDGE_LOOP('',(#6030));
#6030 = ORIENTED_EDGE('',*,*,#6031,.T.);
#6031 = EDGE_CURVE('',#6032,#6032,#6034,.T.);
#6032 = VERTEX_POINT('',#6033);
#6033 = CARTESIAN_POINT('',(117.0575,-98.21,1.51));
#6034 = CIRCLE('',#6035,0.4);
#6035 = AXIS2_PLACEMENT_3D('',#6036,#6037,#6038);
#6036 = CARTESIAN_POINT('',(117.0575,-97.81,1.51));
#6037 = DIRECTION('',(-0.,0.,-1.));
#6038 = DIRECTION('',(-0.,-1.,0.));
#6039 = FACE_BOUND('',#6040,.T.);
#6040 = EDGE_LOOP('',(#6041));
#6041 = ORIENTED_EDGE('',*,*,#6042,.T.);
#6042 = EDGE_CURVE('',#6043,#6043,#6045,.T.);
#6043 = VERTEX_POINT('',#6044);
#6044 = CARTESIAN_POINT('',(119.5975,-98.21,1.51));
#6045 = CIRCLE('',#6046,0.4);
#6046 = AXIS2_PLACEMENT_3D('',#6047,#6048,#6049);
#6047 = CARTESIAN_POINT('',(119.5975,-97.81,1.51));
#6048 = DIRECTION('',(-0.,0.,-1.));
#6049 = DIRECTION('',(-0.,-1.,0.));
#6050 = FACE_BOUND('',#6051,.T.);
#6051 = EDGE_LOOP('',(#6052));
#6052 = ORIENTED_EDGE('',*,*,#6053,.T.);
#6053 = EDGE_CURVE('',#6054,#6054,#6056,.T.);
#6054 = VERTEX_POINT('',#6055);
#6055 = CARTESIAN_POINT('',(122.1375,-98.21,1.51));
#6056 = CIRCLE('',#6057,0.4);
#6057 = AXIS2_PLACEMENT_3D('',#6058,#6059,#6060);
#6058 = CARTESIAN_POINT('',(122.1375,-97.81,1.51));
#6059 = DIRECTION('',(-0.,0.,-1.));
#6060 = DIRECTION('',(3.5527136788E-14,-1.,-0.));
#6061 = FACE_BOUND('',#6062,.T.);
#6062 = EDGE_LOOP('',(#6063));
#6063 = ORIENTED_EDGE('',*,*,#6064,.T.);
#6064 = EDGE_CURVE('',#6065,#6065,#6067,.T.);
#6065 = VERTEX_POINT('',#6066);
#6066 = CARTESIAN_POINT('',(124.6775,-98.21,1.51));
#6067 = CIRCLE('',#6068,0.4);
#6068 = AXIS2_PLACEMENT_3D('',#6069,#6070,#6071);
#6069 = CARTESIAN_POINT('',(124.6775,-97.81,1.51));
#6070 = DIRECTION('',(-0.,0.,-1.));
#6071 = DIRECTION('',(-3.552713678801E-14,-1.,0.));
#6072 = FACE_BOUND('',#6073,.T.);
#6073 = EDGE_LOOP('',(#6074));
#6074 = ORIENTED_EDGE('',*,*,#6075,.T.);
#6075 = EDGE_CURVE('',#6076,#6076,#6078,.T.);
#6076 = VERTEX_POINT('',#6077);
#6077 = CARTESIAN_POINT('',(127.2175,-98.21,1.51));
#6078 = CIRCLE('',#6079,0.4);
#6079 = AXIS2_PLACEMENT_3D('',#6080,#6081,#6082);
#6080 = CARTESIAN_POINT('',(127.2175,-97.81,1.51));
#6081 = DIRECTION('',(-0.,0.,-1.));
#6082 = DIRECTION('',(-0.,-1.,0.));
#6083 = FACE_BOUND('',#6084,.T.);
#6084 = EDGE_LOOP('',(#6085));
#6085 = ORIENTED_EDGE('',*,*,#6086,.T.);
#6086 = EDGE_CURVE('',#6087,#6087,#6089,.T.);
#6087 = VERTEX_POINT('',#6088);
#6088 = CARTESIAN_POINT('',(129.7575,-98.21,1.51));
#6089 = CIRCLE('',#6090,0.4);
#6090 = AXIS2_PLACEMENT_3D('',#6091,#6092,#6093);
#6091 = CARTESIAN_POINT('',(129.7575,-97.81,1.51));
#6092 = DIRECTION('',(-0.,0.,-1.));
#6093 = DIRECTION('',(-0.,-1.,0.));
#6094 = FACE_BOUND('',#6095,.T.);
#6095 = EDGE_LOOP('',(#6096));
#6096 = ORIENTED_EDGE('',*,*,#6097,.T.);
#6097 = EDGE_CURVE('',#6098,#6098,#6100,.T.);
#6098 = VERTEX_POINT('',#6099);
#6099 = CARTESIAN_POINT('',(117.55,-88.375,1.51));
#6100 = CIRCLE('',#6101,0.35);
#6101 = AXIS2_PLACEMENT_3D('',#6102,#6103,#6104);
#6102 = CARTESIAN_POINT('',(117.55,-88.025,1.51));
#6103 = DIRECTION('',(-0.,0.,-1.));
#6104 = DIRECTION('',(-4.060244204344E-14,-1.,0.));
#6105 = FACE_BOUND('',#6106,.T.);
#6106 = EDGE_LOOP('',(#6107));
#6107 = ORIENTED_EDGE('',*,*,#6108,.T.);
#6108 = EDGE_CURVE('',#6109,#6109,#6111,.T.);
#6109 = VERTEX_POINT('',#6110);
#6110 = CARTESIAN_POINT('',(125.17,-88.375,1.51));
#6111 = CIRCLE('',#6112,0.35);
#6112 = AXIS2_PLACEMENT_3D('',#6113,#6114,#6115);
#6113 = CARTESIAN_POINT('',(125.17,-88.025,1.51));
#6114 = DIRECTION('',(-0.,0.,-1.));
#6115 = DIRECTION('',(4.060244204343E-14,-1.,-0.));
#6116 = FACE_BOUND('',#6117,.T.);
#6117 = EDGE_LOOP('',(#6118));
#6118 = ORIENTED_EDGE('',*,*,#6119,.T.);
#6119 = EDGE_CURVE('',#6120,#6120,#6122,.T.);
#6120 = VERTEX_POINT('',#6121);
#6121 = CARTESIAN_POINT('',(132.2975,-98.21,1.51));
#6122 = CIRCLE('',#6123,0.4);
#6123 = AXIS2_PLACEMENT_3D('',#6124,#6125,#6126);
#6124 = CARTESIAN_POINT('',(132.2975,-97.81,1.51));
#6125 = DIRECTION('',(-0.,0.,-1.));
#6126 = DIRECTION('',(-0.,-1.,0.));
#6127 = FACE_BOUND('',#6128,.T.);
#6128 = EDGE_LOOP('',(#6129));
#6129 = ORIENTED_EDGE('',*,*,#6130,.T.);
#6130 = EDGE_CURVE('',#6131,#6131,#6133,.T.);
#6131 = VERTEX_POINT('',#6132);
#6132 = CARTESIAN_POINT('',(134.8375,-98.21,1.51));
#6133 = CIRCLE('',#6134,0.4);
#6134 = AXIS2_PLACEMENT_3D('',#6135,#6136,#6137);
#6135 = CARTESIAN_POINT('',(134.8375,-97.81,1.51));
#6136 = DIRECTION('',(-0.,0.,-1.));
#6137 = DIRECTION('',(-0.,-1.,0.));
#6138 = FACE_BOUND('',#6139,.T.);
#6139 = EDGE_LOOP('',(#6140));
#6140 = ORIENTED_EDGE('',*,*,#6141,.T.);
#6141 = EDGE_CURVE('',#6142,#6142,#6144,.T.);
#6142 = VERTEX_POINT('',#6143);
#6143 = CARTESIAN_POINT('',(137.3775,-98.21,1.51));
#6144 = CIRCLE('',#6145,0.4);
#6145 = AXIS2_PLACEMENT_3D('',#6146,#6147,#6148);
#6146 = CARTESIAN_POINT('',(137.3775,-97.81,1.51));
#6147 = DIRECTION('',(-0.,0.,-1.));
#6148 = DIRECTION('',(-0.,-1.,0.));
#6149 = FACE_BOUND('',#6150,.T.);
#6150 = EDGE_LOOP('',(#6151));
#6151 = ORIENTED_EDGE('',*,*,#6152,.T.);
#6152 = EDGE_CURVE('',#6153,#6153,#6155,.T.);
#6153 = VERTEX_POINT('',#6154);
#6154 = CARTESIAN_POINT('',(139.9175,-98.21,1.51));
#6155 = CIRCLE('',#6156,0.4);
#6156 = AXIS2_PLACEMENT_3D('',#6157,#6158,#6159);
#6157 = CARTESIAN_POINT('',(139.9175,-97.81,1.51));
#6158 = DIRECTION('',(-0.,0.,-1.));
#6159 = DIRECTION('',(-7.105427357601E-14,-1.,0.));
#6160 = FACE_BOUND('',#6161,.T.);
#6161 = EDGE_LOOP('',(#6162));
#6162 = ORIENTED_EDGE('',*,*,#6163,.T.);
#6163 = EDGE_CURVE('',#6164,#6164,#6166,.T.);
#6164 = VERTEX_POINT('',#6165);
#6165 = CARTESIAN_POINT('',(142.4575,-98.21,1.51));
#6166 = CIRCLE('',#6167,0.4);
#6167 = AXIS2_PLACEMENT_3D('',#6168,#6169,#6170);
#6168 = CARTESIAN_POINT('',(142.4575,-97.81,1.51));
#6169 = DIRECTION('',(-0.,0.,-1.));
#6170 = DIRECTION('',(7.105427357601E-14,-1.,-0.));
#6171 = FACE_BOUND('',#6172,.T.);
#6172 = EDGE_LOOP('',(#6173));
#6173 = ORIENTED_EDGE('',*,*,#6174,.T.);
#6174 = EDGE_CURVE('',#6175,#6175,#6177,.T.);
#6175 = VERTEX_POINT('',#6176);
#6176 = CARTESIAN_POINT('',(144.9975,-98.21,1.51));
#6177 = CIRCLE('',#6178,0.4);
#6178 = AXIS2_PLACEMENT_3D('',#6179,#6180,#6181);
#6179 = CARTESIAN_POINT('',(144.9975,-97.81,1.51));
#6180 = DIRECTION('',(-0.,0.,-1.));
#6181 = DIRECTION('',(-0.,-1.,0.));
#6182 = FACE_BOUND('',#6183,.T.);
#6183 = EDGE_LOOP('',(#6184));
#6184 = ORIENTED_EDGE('',*,*,#6185,.T.);
#6185 = EDGE_CURVE('',#6186,#6186,#6188,.T.);
#6186 = VERTEX_POINT('',#6187);
#6187 = CARTESIAN_POINT('',(147.5375,-98.21,1.51));
#6188 = CIRCLE('',#6189,0.4);
#6189 = AXIS2_PLACEMENT_3D('',#6190,#6191,#6192);
#6190 = CARTESIAN_POINT('',(147.5375,-97.81,1.51));
#6191 = DIRECTION('',(-0.,0.,-1.));
#6192 = DIRECTION('',(-0.,-1.,0.));
#6193 = FACE_BOUND('',#6194,.T.);
#6194 = EDGE_LOOP('',(#6195));
#6195 = ORIENTED_EDGE('',*,*,#6196,.T.);
#6196 = EDGE_CURVE('',#6197,#6197,#6199,.T.);
#6197 = VERTEX_POINT('',#6198);
#6198 = CARTESIAN_POINT('',(150.0775,-98.21,1.51));
#6199 = CIRCLE('',#6200,0.4);
#6200 = AXIS2_PLACEMENT_3D('',#6201,#6202,#6203);
#6201 = CARTESIAN_POINT('',(150.0775,-97.81,1.51));
#6202 = DIRECTION('',(-0.,0.,-1.));
#6203 = DIRECTION('',(-0.,-1.,0.));
#6204 = FACE_BOUND('',#6205,.T.);
#6205 = EDGE_LOOP('',(#6206));
#6206 = ORIENTED_EDGE('',*,*,#6207,.T.);
#6207 = EDGE_CURVE('',#6208,#6208,#6210,.T.);
#6208 = VERTEX_POINT('',#6209);
#6209 = CARTESIAN_POINT('',(152.6175,-98.21,1.51));
#6210 = CIRCLE('',#6211,0.4);
#6211 = AXIS2_PLACEMENT_3D('',#6212,#6213,#6214);
#6212 = CARTESIAN_POINT('',(152.6175,-97.81,1.51));
#6213 = DIRECTION('',(-0.,0.,-1.));
#6214 = DIRECTION('',(-0.,-1.,0.));
#6215 = FACE_BOUND('',#6216,.T.);
#6216 = EDGE_LOOP('',(#6217));
#6217 = ORIENTED_EDGE('',*,*,#6218,.T.);
#6218 = EDGE_CURVE('',#6219,#6219,#6221,.T.);
#6219 = VERTEX_POINT('',#6220);
#6220 = CARTESIAN_POINT('',(144.22,-90.59,1.51));
#6221 = CIRCLE('',#6222,0.4);
#6222 = AXIS2_PLACEMENT_3D('',#6223,#6224,#6225);
#6223 = CARTESIAN_POINT('',(144.22,-90.19,1.51));
#6224 = DIRECTION('',(-0.,0.,-1.));
#6225 = DIRECTION('',(-0.,-1.,0.));
#6226 = FACE_BOUND('',#6227,.T.);
#6227 = EDGE_LOOP('',(#6228));
#6228 = ORIENTED_EDGE('',*,*,#6229,.T.);
#6229 = EDGE_CURVE('',#6230,#6230,#6232,.T.);
#6230 = VERTEX_POINT('',#6231);
#6231 = CARTESIAN_POINT('',(144.22,-88.59,1.51));
#6232 = CIRCLE('',#6233,0.4);
#6233 = AXIS2_PLACEMENT_3D('',#6234,#6235,#6236);
#6234 = CARTESIAN_POINT('',(144.22,-88.19,1.51));
#6235 = DIRECTION('',(-0.,0.,-1.));
#6236 = DIRECTION('',(-0.,-1.,0.));
#6237 = FACE_BOUND('',#6238,.T.);
#6238 = EDGE_LOOP('',(#6239));
#6239 = ORIENTED_EDGE('',*,*,#6240,.T.);
#6240 = EDGE_CURVE('',#6241,#6241,#6243,.T.);
#6241 = VERTEX_POINT('',#6242);
#6242 = CARTESIAN_POINT('',(117.53,-84.785,1.51));
#6243 = CIRCLE('',#6244,0.35);
#6244 = AXIS2_PLACEMENT_3D('',#6245,#6246,#6247);
#6245 = CARTESIAN_POINT('',(117.53,-84.435,1.51));
#6246 = DIRECTION('',(-0.,0.,-1.));
#6247 = DIRECTION('',(-0.,-1.,0.));
#6248 = FACE_BOUND('',#6249,.T.);
#6249 = EDGE_LOOP('',(#6250));
#6250 = ORIENTED_EDGE('',*,*,#6251,.T.);
#6251 = EDGE_CURVE('',#6252,#6252,#6254,.T.);
#6252 = VERTEX_POINT('',#6253);
#6253 = CARTESIAN_POINT('',(117.53,-81.435,1.51));
#6254 = CIRCLE('',#6255,0.35);
#6255 = AXIS2_PLACEMENT_3D('',#6256,#6257,#6258);
#6256 = CARTESIAN_POINT('',(117.53,-81.085,1.51));
#6257 = DIRECTION('',(-0.,0.,-1.));
#6258 = DIRECTION('',(-0.,-1.,0.));
#6259 = FACE_BOUND('',#6260,.T.);
#6260 = EDGE_LOOP('',(#6261));
#6261 = ORIENTED_EDGE('',*,*,#6262,.T.);
#6262 = EDGE_CURVE('',#6263,#6263,#6265,.T.);
#6263 = VERTEX_POINT('',#6264);
#6264 = CARTESIAN_POINT('',(125.15,-84.785,1.51));
#6265 = CIRCLE('',#6266,0.35);
#6266 = AXIS2_PLACEMENT_3D('',#6267,#6268,#6269);
#6267 = CARTESIAN_POINT('',(125.15,-84.435,1.51));
#6268 = DIRECTION('',(-0.,0.,-1.));
#6269 = DIRECTION('',(-0.,-1.,0.));
#6270 = FACE_BOUND('',#6271,.T.);
#6271 = EDGE_LOOP('',(#6272));
#6272 = ORIENTED_EDGE('',*,*,#6273,.T.);
#6273 = EDGE_CURVE('',#6274,#6274,#6276,.T.);
#6274 = VERTEX_POINT('',#6275);
#6275 = CARTESIAN_POINT('',(129.49,-82.587,1.51));
#6276 = CIRCLE('',#6277,0.41);
#6277 = AXIS2_PLACEMENT_3D('',#6278,#6279,#6280);
#6278 = CARTESIAN_POINT('',(129.49,-82.177,1.51));
#6279 = DIRECTION('',(-0.,0.,-1.));
#6280 = DIRECTION('',(-0.,-1.,0.));
#6281 = FACE_BOUND('',#6282,.T.);
#6282 = EDGE_LOOP('',(#6283));
#6283 = ORIENTED_EDGE('',*,*,#6284,.T.);
#6284 = EDGE_CURVE('',#6285,#6285,#6287,.T.);
#6285 = VERTEX_POINT('',#6286);
#6286 = CARTESIAN_POINT('',(125.15,-81.435,1.51));
#6287 = CIRCLE('',#6288,0.35);
#6288 = AXIS2_PLACEMENT_3D('',#6289,#6290,#6291);
#6289 = CARTESIAN_POINT('',(125.15,-81.085,1.51));
#6290 = DIRECTION('',(-0.,0.,-1.));
#6291 = DIRECTION('',(-0.,-1.,0.));
#6292 = FACE_BOUND('',#6293,.T.);
#6293 = EDGE_LOOP('',(#6294));
#6294 = ORIENTED_EDGE('',*,*,#6295,.T.);
#6295 = EDGE_CURVE('',#6296,#6296,#6298,.T.);
#6296 = VERTEX_POINT('',#6297);
#6297 = CARTESIAN_POINT('',(108.1675,-78.066,1.51));
#6298 = CIRCLE('',#6299,0.576);
#6299 = AXIS2_PLACEMENT_3D('',#6300,#6301,#6302);
#6300 = CARTESIAN_POINT('',(108.1675,-77.49,1.51));
#6301 = DIRECTION('',(-0.,0.,-1.));
#6302 = DIRECTION('',(2.467162276945E-14,-1.,-0.));
#6303 = FACE_BOUND('',#6304,.T.);
#6304 = EDGE_LOOP('',(#6305));
#6305 = ORIENTED_EDGE('',*,*,#6306,.T.);
#6306 = EDGE_CURVE('',#6307,#6307,#6309,.T.);
#6307 = VERTEX_POINT('',#6308);
#6308 = CARTESIAN_POINT('',(117.53,-78.185,1.51));
#6309 = CIRCLE('',#6310,0.35);
#6310 = AXIS2_PLACEMENT_3D('',#6311,#6312,#6313);
#6311 = CARTESIAN_POINT('',(117.53,-77.835,1.51));
#6312 = DIRECTION('',(-0.,0.,-1.));
#6313 = DIRECTION('',(-0.,-1.,0.));
#6314 = FACE_BOUND('',#6315,.T.);
#6315 = EDGE_LOOP('',(#6316));
#6316 = ORIENTED_EDGE('',*,*,#6317,.T.);
#6317 = EDGE_CURVE('',#6318,#6318,#6320,.T.);
#6318 = VERTEX_POINT('',#6319);
#6319 = CARTESIAN_POINT('',(108.1675,-75.526,1.51));
#6320 = CIRCLE('',#6321,0.576);
#6321 = AXIS2_PLACEMENT_3D('',#6322,#6323,#6324);
#6322 = CARTESIAN_POINT('',(108.1675,-74.95,1.51));
#6323 = DIRECTION('',(-0.,0.,-1.));
#6324 = DIRECTION('',(2.467162276945E-14,-1.,-0.));
#6325 = FACE_BOUND('',#6326,.T.);
#6326 = EDGE_LOOP('',(#6327));
#6327 = ORIENTED_EDGE('',*,*,#6328,.T.);
#6328 = EDGE_CURVE('',#6329,#6329,#6331,.T.);
#6329 = VERTEX_POINT('',#6330);
#6330 = CARTESIAN_POINT('',(117.53,-74.985,1.51));
#6331 = CIRCLE('',#6332,0.35);
#6332 = AXIS2_PLACEMENT_3D('',#6333,#6334,#6335);
#6333 = CARTESIAN_POINT('',(117.53,-74.635,1.51));
#6334 = DIRECTION('',(-0.,0.,-1.));
#6335 = DIRECTION('',(-0.,-1.,0.));
#6336 = FACE_BOUND('',#6337,.T.);
#6337 = EDGE_LOOP('',(#6338));
#6338 = ORIENTED_EDGE('',*,*,#6339,.T.);
#6339 = EDGE_CURVE('',#6340,#6340,#6342,.T.);
#6340 = VERTEX_POINT('',#6341);
#6341 = CARTESIAN_POINT('',(129.49,-80.047,1.51));
#6342 = CIRCLE('',#6343,0.41);
#6343 = AXIS2_PLACEMENT_3D('',#6344,#6345,#6346);
#6344 = CARTESIAN_POINT('',(129.49,-79.637,1.51));
#6345 = DIRECTION('',(-0.,0.,-1.));
#6346 = DIRECTION('',(-0.,-1.,0.));
#6347 = FACE_BOUND('',#6348,.T.);
#6348 = EDGE_LOOP('',(#6349));
#6349 = ORIENTED_EDGE('',*,*,#6350,.T.);
#6350 = EDGE_CURVE('',#6351,#6351,#6353,.T.);
#6351 = VERTEX_POINT('',#6352);
#6352 = CARTESIAN_POINT('',(125.15,-78.185,1.51));
#6353 = CIRCLE('',#6354,0.35);
#6354 = AXIS2_PLACEMENT_3D('',#6355,#6356,#6357);
#6355 = CARTESIAN_POINT('',(125.15,-77.835,1.51));
#6356 = DIRECTION('',(-0.,0.,-1.));
#6357 = DIRECTION('',(-0.,-1.,0.));
#6358 = FACE_BOUND('',#6359,.T.);
#6359 = EDGE_LOOP('',(#6360));
#6360 = ORIENTED_EDGE('',*,*,#6361,.T.);
#6361 = EDGE_CURVE('',#6362,#6362,#6364,.T.);
#6362 = VERTEX_POINT('',#6363);
#6363 = CARTESIAN_POINT('',(129.49,-77.507,1.51));
#6364 = CIRCLE('',#6365,0.41);
#6365 = AXIS2_PLACEMENT_3D('',#6366,#6367,#6368);
#6366 = CARTESIAN_POINT('',(129.49,-77.097,1.51));
#6367 = DIRECTION('',(-0.,0.,-1.));
#6368 = DIRECTION('',(-0.,-1.,0.));
#6369 = FACE_BOUND('',#6370,.T.);
#6370 = EDGE_LOOP('',(#6371));
#6371 = ORIENTED_EDGE('',*,*,#6372,.T.);
#6372 = EDGE_CURVE('',#6373,#6373,#6375,.T.);
#6373 = VERTEX_POINT('',#6374);
#6374 = CARTESIAN_POINT('',(125.15,-74.985,1.51));
#6375 = CIRCLE('',#6376,0.35);
#6376 = AXIS2_PLACEMENT_3D('',#6377,#6378,#6379);
#6377 = CARTESIAN_POINT('',(125.15,-74.635,1.51));
#6378 = DIRECTION('',(-0.,0.,-1.));
#6379 = DIRECTION('',(-0.,-1.,0.));
#6380 = FACE_BOUND('',#6381,.T.);
#6381 = EDGE_LOOP('',(#6382));
#6382 = ORIENTED_EDGE('',*,*,#6383,.T.);
#6383 = EDGE_CURVE('',#6384,#6384,#6386,.T.);
#6384 = VERTEX_POINT('',#6385);
#6385 = CARTESIAN_POINT('',(129.49,-74.967,1.51));
#6386 = CIRCLE('',#6387,0.41);
#6387 = AXIS2_PLACEMENT_3D('',#6388,#6389,#6390);
#6388 = CARTESIAN_POINT('',(129.49,-74.557,1.51));
#6389 = DIRECTION('',(-0.,0.,-1.));
#6390 = DIRECTION('',(-0.,-1.,0.));
#6391 = FACE_BOUND('',#6392,.T.);
#6392 = EDGE_LOOP('',(#6393));
#6393 = ORIENTED_EDGE('',*,*,#6394,.T.);
#6394 = EDGE_CURVE('',#6395,#6395,#6397,.T.);
#6395 = VERTEX_POINT('',#6396);
#6396 = CARTESIAN_POINT('',(137.36,-82.587,1.51));
#6397 = CIRCLE('',#6398,0.41);
#6398 = AXIS2_PLACEMENT_3D('',#6399,#6400,#6401);
#6399 = CARTESIAN_POINT('',(137.36,-82.177,1.51));
#6400 = DIRECTION('',(-0.,0.,-1.));
#6401 = DIRECTION('',(-0.,-1.,0.));
#6402 = FACE_BOUND('',#6403,.T.);
#6403 = EDGE_LOOP('',(#6404));
#6404 = ORIENTED_EDGE('',*,*,#6405,.T.);
#6405 = EDGE_CURVE('',#6406,#6406,#6408,.T.);
#6406 = VERTEX_POINT('',#6407);
#6407 = CARTESIAN_POINT('',(137.36,-80.047,1.51));
#6408 = CIRCLE('',#6409,0.41);
#6409 = AXIS2_PLACEMENT_3D('',#6410,#6411,#6412);
#6410 = CARTESIAN_POINT('',(137.36,-79.637,1.51));
#6411 = DIRECTION('',(-0.,0.,-1.));
#6412 = DIRECTION('',(-0.,-1.,0.));
#6413 = FACE_BOUND('',#6414,.T.);
#6414 = EDGE_LOOP('',(#6415));
#6415 = ORIENTED_EDGE('',*,*,#6416,.T.);
#6416 = EDGE_CURVE('',#6417,#6417,#6419,.T.);
#6417 = VERTEX_POINT('',#6418);
#6418 = CARTESIAN_POINT('',(141.045,-79.11,1.51));
#6419 = CIRCLE('',#6420,0.35);
#6420 = AXIS2_PLACEMENT_3D('',#6421,#6422,#6423);
#6421 = CARTESIAN_POINT('',(141.045,-78.76,1.51));
#6422 = DIRECTION('',(-0.,0.,-1.));
#6423 = DIRECTION('',(-8.120488408687E-14,-1.,0.));
#6424 = FACE_BOUND('',#6425,.T.);
#6425 = EDGE_LOOP('',(#6426));
#6426 = ORIENTED_EDGE('',*,*,#6427,.T.);
#6427 = EDGE_CURVE('',#6428,#6428,#6430,.T.);
#6428 = VERTEX_POINT('',#6429);
#6429 = CARTESIAN_POINT('',(137.36,-77.507,1.51));
#6430 = CIRCLE('',#6431,0.41);
#6431 = AXIS2_PLACEMENT_3D('',#6432,#6433,#6434);
#6432 = CARTESIAN_POINT('',(137.36,-77.097,1.51));
#6433 = DIRECTION('',(-0.,0.,-1.));
#6434 = DIRECTION('',(-0.,-1.,0.));
#6435 = FACE_BOUND('',#6436,.T.);
#6436 = EDGE_LOOP('',(#6437));
#6437 = ORIENTED_EDGE('',*,*,#6438,.T.);
#6438 = EDGE_CURVE('',#6439,#6439,#6441,.T.);
#6439 = VERTEX_POINT('',#6440);
#6440 = CARTESIAN_POINT('',(137.36,-74.967,1.51));
#6441 = CIRCLE('',#6442,0.41);
#6442 = AXIS2_PLACEMENT_3D('',#6443,#6444,#6445);
#6443 = CARTESIAN_POINT('',(137.36,-74.557,1.51));
#6444 = DIRECTION('',(-0.,0.,-1.));
#6445 = DIRECTION('',(-0.,-1.,0.));
#6446 = FACE_BOUND('',#6447,.T.);
#6447 = EDGE_LOOP('',(#6448));
#6448 = ORIENTED_EDGE('',*,*,#6449,.T.);
#6449 = EDGE_CURVE('',#6450,#6450,#6452,.T.);
#6450 = VERTEX_POINT('',#6451);
#6451 = CARTESIAN_POINT('',(148.665,-79.11,1.51));
#6452 = CIRCLE('',#6453,0.35);
#6453 = AXIS2_PLACEMENT_3D('',#6454,#6455,#6456);
#6454 = CARTESIAN_POINT('',(148.665,-78.76,1.51));
#6455 = DIRECTION('',(-0.,0.,-1.));
#6456 = DIRECTION('',(-0.,-1.,0.));
#6457 = FACE_BOUND('',#6458,.T.);
#6458 = EDGE_LOOP('',(#6459));
#6459 = ORIENTED_EDGE('',*,*,#6460,.T.);
#6460 = EDGE_CURVE('',#6461,#6461,#6463,.T.);
#6461 = VERTEX_POINT('',#6462);
#6462 = CARTESIAN_POINT('',(168.1225,-91.81,1.51));
#6463 = CIRCLE('',#6464,0.35);
#6464 = AXIS2_PLACEMENT_3D('',#6465,#6466,#6467);
#6465 = CARTESIAN_POINT('',(168.1225,-91.46,1.51));
#6466 = DIRECTION('',(-0.,0.,-1.));
#6467 = DIRECTION('',(-0.,-1.,0.));
#6468 = FACE_BOUND('',#6469,.T.);
#6469 = EDGE_LOOP('',(#6470));
#6470 = ORIENTED_EDGE('',*,*,#6471,.T.);
#6471 = EDGE_CURVE('',#6472,#6472,#6474,.T.);
#6472 = VERTEX_POINT('',#6473);
#6473 = CARTESIAN_POINT('',(172.3025,-91.81,1.51));
#6474 = CIRCLE('',#6475,0.35);
#6475 = AXIS2_PLACEMENT_3D('',#6476,#6477,#6478);
#6476 = CARTESIAN_POINT('',(172.3025,-91.46,1.51));
#6477 = DIRECTION('',(-0.,0.,-1.));
#6478 = DIRECTION('',(-0.,-1.,0.));
#6479 = FACE_BOUND('',#6480,.T.);
#6480 = EDGE_LOOP('',(#6481));
#6481 = ORIENTED_EDGE('',*,*,#6482,.T.);
#6482 = EDGE_CURVE('',#6483,#6483,#6485,.T.);
#6483 = VERTEX_POINT('',#6484);
#6484 = CARTESIAN_POINT('',(176.2925,-91.81,1.51));
#6485 = CIRCLE('',#6486,0.35);
#6486 = AXIS2_PLACEMENT_3D('',#6487,#6488,#6489);
#6487 = CARTESIAN_POINT('',(176.2925,-91.46,1.51));
#6488 = DIRECTION('',(-0.,0.,-1.));
#6489 = DIRECTION('',(-8.120488408687E-14,-1.,0.));
#6490 = FACE_BOUND('',#6491,.T.);
#6491 = EDGE_LOOP('',(#6492));
#6492 = ORIENTED_EDGE('',*,*,#6493,.T.);
#6493 = EDGE_CURVE('',#6494,#6494,#6496,.T.);
#6494 = VERTEX_POINT('',#6495);
#6495 = CARTESIAN_POINT('',(185.0025,-96.255,1.51));
#6496 = CIRCLE('',#6497,0.35);
#6497 = AXIS2_PLACEMENT_3D('',#6498,#6499,#6500);
#6498 = CARTESIAN_POINT('',(185.0025,-95.905,1.51));
#6499 = DIRECTION('',(-0.,0.,-1.));
#6500 = DIRECTION('',(-0.,-1.,0.));
#6501 = FACE_BOUND('',#6502,.T.);
#6502 = EDGE_LOOP('',(#6503));
#6503 = ORIENTED_EDGE('',*,*,#6504,.T.);
#6504 = EDGE_CURVE('',#6505,#6505,#6507,.T.);
#6505 = VERTEX_POINT('',#6506);
#6506 = CARTESIAN_POINT('',(188.8125,-96.255,1.51));
#6507 = CIRCLE('',#6508,0.35);
#6508 = AXIS2_PLACEMENT_3D('',#6509,#6510,#6511);
#6509 = CARTESIAN_POINT('',(188.8125,-95.905,1.51));
#6510 = DIRECTION('',(-0.,0.,-1.));
#6511 = DIRECTION('',(-0.,-1.,0.));
#6512 = FACE_BOUND('',#6513,.T.);
#6513 = EDGE_LOOP('',(#6514));
#6514 = ORIENTED_EDGE('',*,*,#6515,.T.);
#6515 = EDGE_CURVE('',#6516,#6516,#6518,.T.);
#6516 = VERTEX_POINT('',#6517);
#6517 = CARTESIAN_POINT('',(193.38,-94.33,1.51));
#6518 = CIRCLE('',#6519,0.385);
#6519 = AXIS2_PLACEMENT_3D('',#6520,#6521,#6522);
#6520 = CARTESIAN_POINT('',(193.38,-93.945,1.51));
#6521 = DIRECTION('',(-0.,0.,-1.));
#6522 = DIRECTION('',(-0.,-1.,0.));
#6523 = FACE_BOUND('',#6524,.T.);
#6524 = EDGE_LOOP('',(#6525));
#6525 = ORIENTED_EDGE('',*,*,#6526,.T.);
#6526 = EDGE_CURVE('',#6527,#6527,#6529,.T.);
#6527 = VERTEX_POINT('',#6528);
#6528 = CARTESIAN_POINT('',(201.32,-94.33,1.51));
#6529 = CIRCLE('',#6530,0.385);
#6530 = AXIS2_PLACEMENT_3D('',#6531,#6532,#6533);
#6531 = CARTESIAN_POINT('',(201.32,-93.945,1.51));
#6532 = DIRECTION('',(-0.,0.,-1.));
#6533 = DIRECTION('',(-0.,-1.,0.));
#6534 = FACE_BOUND('',#6535,.T.);
#6535 = EDGE_LOOP('',(#6536));
#6536 = ORIENTED_EDGE('',*,*,#6537,.T.);
#6537 = EDGE_CURVE('',#6538,#6538,#6540,.T.);
#6538 = VERTEX_POINT('',#6539);
#6539 = CARTESIAN_POINT('',(185.0025,-88.635,1.51));
#6540 = CIRCLE('',#6541,0.35);
#6541 = AXIS2_PLACEMENT_3D('',#6542,#6543,#6544);
#6542 = CARTESIAN_POINT('',(185.0025,-88.285,1.51));
#6543 = DIRECTION('',(-0.,0.,-1.));
#6544 = DIRECTION('',(-0.,-1.,0.));
#6545 = FACE_BOUND('',#6546,.T.);
#6546 = EDGE_LOOP('',(#6547));
#6547 = ORIENTED_EDGE('',*,*,#6548,.T.);
#6548 = EDGE_CURVE('',#6549,#6549,#6551,.T.);
#6549 = VERTEX_POINT('',#6550);
#6550 = CARTESIAN_POINT('',(188.8125,-88.635,1.51));
#6551 = CIRCLE('',#6552,0.35);
#6552 = AXIS2_PLACEMENT_3D('',#6553,#6554,#6555);
#6553 = CARTESIAN_POINT('',(188.8125,-88.285,1.51));
#6554 = DIRECTION('',(-0.,0.,-1.));
#6555 = DIRECTION('',(-0.,-1.,0.));
#6556 = FACE_BOUND('',#6557,.T.);
#6557 = EDGE_LOOP('',(#6558));
#6558 = ORIENTED_EDGE('',*,*,#6559,.T.);
#6559 = EDGE_CURVE('',#6560,#6560,#6562,.T.);
#6560 = VERTEX_POINT('',#6561);
#6561 = CARTESIAN_POINT('',(193.38,-91.79,1.51));
#6562 = CIRCLE('',#6563,0.385);
#6563 = AXIS2_PLACEMENT_3D('',#6564,#6565,#6566);
#6564 = CARTESIAN_POINT('',(193.38,-91.405,1.51));
#6565 = DIRECTION('',(-0.,0.,-1.));
#6566 = DIRECTION('',(-0.,-1.,0.));
#6567 = FACE_BOUND('',#6568,.T.);
#6568 = EDGE_LOOP('',(#6569));
#6569 = ORIENTED_EDGE('',*,*,#6570,.T.);
#6570 = EDGE_CURVE('',#6571,#6571,#6573,.T.);
#6571 = VERTEX_POINT('',#6572);
#6572 = CARTESIAN_POINT('',(201.32,-91.79,1.51));
#6573 = CIRCLE('',#6574,0.385);
#6574 = AXIS2_PLACEMENT_3D('',#6575,#6576,#6577);
#6575 = CARTESIAN_POINT('',(201.32,-91.405,1.51));
#6576 = DIRECTION('',(-0.,0.,-1.));
#6577 = DIRECTION('',(-0.,-1.,0.));
#6578 = FACE_BOUND('',#6579,.T.);
#6579 = EDGE_LOOP('',(#6580));
#6580 = ORIENTED_EDGE('',*,*,#6581,.T.);
#6581 = EDGE_CURVE('',#6582,#6582,#6584,.T.);
#6582 = VERTEX_POINT('',#6583);
#6583 = CARTESIAN_POINT('',(193.38,-89.25,1.51));
#6584 = CIRCLE('',#6585,0.385);
#6585 = AXIS2_PLACEMENT_3D('',#6586,#6587,#6588);
#6586 = CARTESIAN_POINT('',(193.38,-88.865,1.51));
#6587 = DIRECTION('',(-0.,0.,-1.));
#6588 = DIRECTION('',(-0.,-1.,0.));
#6589 = FACE_BOUND('',#6590,.T.);
#6590 = EDGE_LOOP('',(#6591));
#6591 = ORIENTED_EDGE('',*,*,#6592,.T.);
#6592 = EDGE_CURVE('',#6593,#6593,#6595,.T.);
#6593 = VERTEX_POINT('',#6594);
#6594 = CARTESIAN_POINT('',(201.32,-89.25,1.51));
#6595 = CIRCLE('',#6596,0.385);
#6596 = AXIS2_PLACEMENT_3D('',#6597,#6598,#6599);
#6597 = CARTESIAN_POINT('',(201.32,-88.865,1.51));
#6598 = DIRECTION('',(-0.,0.,-1.));
#6599 = DIRECTION('',(-0.,-1.,0.));
#6600 = FACE_BOUND('',#6601,.T.);
#6601 = EDGE_LOOP('',(#6602));
#6602 = ORIENTED_EDGE('',*,*,#6603,.T.);
#6603 = EDGE_CURVE('',#6604,#6604,#6606,.T.);
#6604 = VERTEX_POINT('',#6605);
#6605 = CARTESIAN_POINT('',(166.177613,-84.875,1.51));
#6606 = CIRCLE('',#6607,0.4);
#6607 = AXIS2_PLACEMENT_3D('',#6608,#6609,#6610);
#6608 = CARTESIAN_POINT('',(166.177613,-84.475,1.51));
#6609 = DIRECTION('',(-0.,0.,-1.));
#6610 = DIRECTION('',(-0.,-1.,0.));
#6611 = FACE_BOUND('',#6612,.T.);
#6612 = EDGE_LOOP('',(#6613));
#6613 = ORIENTED_EDGE('',*,*,#6614,.T.);
#6614 = EDGE_CURVE('',#6615,#6615,#6617,.T.);
#6615 = VERTEX_POINT('',#6616);
#6616 = CARTESIAN_POINT('',(168.177613,-84.875,1.51));
#6617 = CIRCLE('',#6618,0.4);
#6618 = AXIS2_PLACEMENT_3D('',#6619,#6620,#6621);
#6619 = CARTESIAN_POINT('',(168.177613,-84.475,1.51));
#6620 = DIRECTION('',(-0.,0.,-1.));
#6621 = DIRECTION('',(-0.,-1.,0.));
#6622 = FACE_BOUND('',#6623,.T.);
#6623 = EDGE_LOOP('',(#6624));
#6624 = ORIENTED_EDGE('',*,*,#6625,.T.);
#6625 = EDGE_CURVE('',#6626,#6626,#6628,.T.);
#6626 = VERTEX_POINT('',#6627);
#6627 = CARTESIAN_POINT('',(177.607613,-84.875,1.51));
#6628 = CIRCLE('',#6629,0.4);
#6629 = AXIS2_PLACEMENT_3D('',#6630,#6631,#6632);
#6630 = CARTESIAN_POINT('',(177.607613,-84.475,1.51));
#6631 = DIRECTION('',(-0.,0.,-1.));
#6632 = DIRECTION('',(-7.105427357601E-14,-1.,0.));
#6633 = FACE_BOUND('',#6634,.T.);
#6634 = EDGE_LOOP('',(#6635));
#6635 = ORIENTED_EDGE('',*,*,#6636,.T.);
#6636 = EDGE_CURVE('',#6637,#6637,#6639,.T.);
#6637 = VERTEX_POINT('',#6638);
#6638 = CARTESIAN_POINT('',(163.4125,-78.59,1.51));
#6639 = CIRCLE('',#6640,0.35);
#6640 = AXIS2_PLACEMENT_3D('',#6641,#6642,#6643);
#6641 = CARTESIAN_POINT('',(163.4125,-78.24,1.51));
#6642 = DIRECTION('',(-0.,0.,-1.));
#6643 = DIRECTION('',(-0.,-1.,0.));
#6644 = FACE_BOUND('',#6645,.T.);
#6645 = EDGE_LOOP('',(#6646));
#6646 = ORIENTED_EDGE('',*,*,#6647,.T.);
#6647 = EDGE_CURVE('',#6648,#6648,#6650,.T.);
#6648 = VERTEX_POINT('',#6649);
#6649 = CARTESIAN_POINT('',(171.0325,-78.59,1.51));
#6650 = CIRCLE('',#6651,0.35);
#6651 = AXIS2_PLACEMENT_3D('',#6652,#6653,#6654);
#6652 = CARTESIAN_POINT('',(171.0325,-78.24,1.51));
#6653 = DIRECTION('',(-0.,0.,-1.));
#6654 = DIRECTION('',(-0.,-1.,0.));
#6655 = FACE_BOUND('',#6656,.T.);
#6656 = EDGE_LOOP('',(#6657));
#6657 = ORIENTED_EDGE('',*,*,#6658,.T.);
#6658 = EDGE_CURVE('',#6659,#6659,#6661,.T.);
#6659 = VERTEX_POINT('',#6660);
#6660 = CARTESIAN_POINT('',(174.8425,-78.59,1.51));
#6661 = CIRCLE('',#6662,0.35);
#6662 = AXIS2_PLACEMENT_3D('',#6663,#6664,#6665);
#6663 = CARTESIAN_POINT('',(174.8425,-78.24,1.51));
#6664 = DIRECTION('',(-0.,0.,-1.));
#6665 = DIRECTION('',(-0.,-1.,0.));
#6666 = FACE_BOUND('',#6667,.T.);
#6667 = EDGE_LOOP('',(#6668));
#6668 = ORIENTED_EDGE('',*,*,#6669,.T.);
#6669 = EDGE_CURVE('',#6670,#6670,#6672,.T.);
#6670 = VERTEX_POINT('',#6671);
#6671 = CARTESIAN_POINT('',(179.607613,-84.875,1.51));
#6672 = CIRCLE('',#6673,0.4);
#6673 = AXIS2_PLACEMENT_3D('',#6674,#6675,#6676);
#6674 = CARTESIAN_POINT('',(179.607613,-84.475,1.51));
#6675 = DIRECTION('',(-0.,0.,-1.));
#6676 = DIRECTION('',(-7.105427357601E-14,-1.,0.));
#6677 = FACE_BOUND('',#6678,.T.);
#6678 = EDGE_LOOP('',(#6679));
#6679 = ORIENTED_EDGE('',*,*,#6680,.T.);
#6680 = EDGE_CURVE('',#6681,#6681,#6683,.T.);
#6681 = VERTEX_POINT('',#6682);
#6682 = CARTESIAN_POINT('',(185.34,-86.08,1.51));
#6683 = CIRCLE('',#6684,0.35);
#6684 = AXIS2_PLACEMENT_3D('',#6685,#6686,#6687);
#6685 = CARTESIAN_POINT('',(185.34,-85.73,1.51));
#6686 = DIRECTION('',(-0.,0.,-1.));
#6687 = DIRECTION('',(-0.,-1.,0.));
#6688 = FACE_BOUND('',#6689,.T.);
#6689 = EDGE_LOOP('',(#6690));
#6690 = ORIENTED_EDGE('',*,*,#6691,.T.);
#6691 = EDGE_CURVE('',#6692,#6692,#6694,.T.);
#6692 = VERTEX_POINT('',#6693);
#6693 = CARTESIAN_POINT('',(189.15,-86.08,1.51));
#6694 = CIRCLE('',#6695,0.35);
#6695 = AXIS2_PLACEMENT_3D('',#6696,#6697,#6698);
#6696 = CARTESIAN_POINT('',(189.15,-85.73,1.51));
#6697 = DIRECTION('',(-0.,0.,-1.));
#6698 = DIRECTION('',(-0.,-1.,0.));
#6699 = FACE_BOUND('',#6700,.T.);
#6700 = EDGE_LOOP('',(#6701));
#6701 = ORIENTED_EDGE('',*,*,#6702,.T.);
#6702 = EDGE_CURVE('',#6703,#6703,#6705,.T.);
#6703 = VERTEX_POINT('',#6704);
#6704 = CARTESIAN_POINT('',(193.38,-86.71,1.51));
#6705 = CIRCLE('',#6706,0.385);
#6706 = AXIS2_PLACEMENT_3D('',#6707,#6708,#6709);
#6707 = CARTESIAN_POINT('',(193.38,-86.325,1.51));
#6708 = DIRECTION('',(-0.,0.,-1.));
#6709 = DIRECTION('',(-0.,-1.,0.));
#6710 = FACE_BOUND('',#6711,.T.);
#6711 = EDGE_LOOP('',(#6712));
#6712 = ORIENTED_EDGE('',*,*,#6713,.T.);
#6713 = EDGE_CURVE('',#6714,#6714,#6716,.T.);
#6714 = VERTEX_POINT('',#6715);
#6715 = CARTESIAN_POINT('',(193.38,-84.17,1.51));
#6716 = CIRCLE('',#6717,0.385);
#6717 = AXIS2_PLACEMENT_3D('',#6718,#6719,#6720);
#6718 = CARTESIAN_POINT('',(193.38,-83.785,1.51));
#6719 = DIRECTION('',(-0.,0.,-1.));
#6720 = DIRECTION('',(-0.,-1.,0.));
#6721 = FACE_BOUND('',#6722,.T.);
#6722 = EDGE_LOOP('',(#6723));
#6723 = ORIENTED_EDGE('',*,*,#6724,.T.);
#6724 = EDGE_CURVE('',#6725,#6725,#6727,.T.);
#6725 = VERTEX_POINT('',#6726);
#6726 = CARTESIAN_POINT('',(201.32,-86.71,1.51));
#6727 = CIRCLE('',#6728,0.385);
#6728 = AXIS2_PLACEMENT_3D('',#6729,#6730,#6731);
#6729 = CARTESIAN_POINT('',(201.32,-86.325,1.51));
#6730 = DIRECTION('',(-0.,0.,-1.));
#6731 = DIRECTION('',(-0.,-1.,0.));
#6732 = FACE_BOUND('',#6733,.T.);
#6733 = EDGE_LOOP('',(#6734));
#6734 = ORIENTED_EDGE('',*,*,#6735,.T.);
#6735 = EDGE_CURVE('',#6736,#6736,#6738,.T.);
#6736 = VERTEX_POINT('',#6737);
#6737 = CARTESIAN_POINT('',(201.32,-84.17,1.51));
#6738 = CIRCLE('',#6739,0.385);
#6739 = AXIS2_PLACEMENT_3D('',#6740,#6741,#6742);
#6740 = CARTESIAN_POINT('',(201.32,-83.785,1.51));
#6741 = DIRECTION('',(-0.,0.,-1.));
#6742 = DIRECTION('',(-0.,-1.,0.));
#6743 = FACE_BOUND('',#6744,.T.);
#6744 = EDGE_LOOP('',(#6745));
#6745 = ORIENTED_EDGE('',*,*,#6746,.T.);
#6746 = EDGE_CURVE('',#6747,#6747,#6749,.T.);
#6747 = VERTEX_POINT('',#6748);
#6748 = CARTESIAN_POINT('',(193.38,-81.63,1.51));
#6749 = CIRCLE('',#6750,0.385);
#6750 = AXIS2_PLACEMENT_3D('',#6751,#6752,#6753);
#6751 = CARTESIAN_POINT('',(193.38,-81.245,1.51));
#6752 = DIRECTION('',(-0.,0.,-1.));
#6753 = DIRECTION('',(-0.,-1.,0.));
#6754 = FACE_BOUND('',#6755,.T.);
#6755 = EDGE_LOOP('',(#6756));
#6756 = ORIENTED_EDGE('',*,*,#6757,.T.);
#6757 = EDGE_CURVE('',#6758,#6758,#6760,.T.);
#6758 = VERTEX_POINT('',#6759);
#6759 = CARTESIAN_POINT('',(201.32,-81.63,1.51));
#6760 = CIRCLE('',#6761,0.385);
#6761 = AXIS2_PLACEMENT_3D('',#6762,#6763,#6764);
#6762 = CARTESIAN_POINT('',(201.32,-81.245,1.51));
#6763 = DIRECTION('',(-0.,0.,-1.));
#6764 = DIRECTION('',(-0.,-1.,0.));
#6765 = FACE_BOUND('',#6766,.T.);
#6766 = EDGE_LOOP('',(#6767));
#6767 = ORIENTED_EDGE('',*,*,#6768,.T.);
#6768 = EDGE_CURVE('',#6769,#6769,#6771,.T.);
#6769 = VERTEX_POINT('',#6770);
#6770 = CARTESIAN_POINT('',(182.4625,-78.59,1.51));
#6771 = CIRCLE('',#6772,0.35);
#6772 = AXIS2_PLACEMENT_3D('',#6773,#6774,#6775);
#6773 = CARTESIAN_POINT('',(182.4625,-78.24,1.51));
#6774 = DIRECTION('',(-0.,0.,-1.));
#6775 = DIRECTION('',(-0.,-1.,0.));
#6776 = FACE_BOUND('',#6777,.T.);
#6777 = EDGE_LOOP('',(#6778));
#6778 = ORIENTED_EDGE('',*,*,#6779,.T.);
#6779 = EDGE_CURVE('',#6780,#6780,#6782,.T.);
#6780 = VERTEX_POINT('',#6781);
#6781 = CARTESIAN_POINT('',(185.34,-78.46,1.51));
#6782 = CIRCLE('',#6783,0.35);
#6783 = AXIS2_PLACEMENT_3D('',#6784,#6785,#6786);
#6784 = CARTESIAN_POINT('',(185.34,-78.11,1.51));
#6785 = DIRECTION('',(-0.,0.,-1.));
#6786 = DIRECTION('',(-0.,-1.,0.));
#6787 = FACE_BOUND('',#6788,.T.);
#6788 = EDGE_LOOP('',(#6789));
#6789 = ORIENTED_EDGE('',*,*,#6790,.T.);
#6790 = EDGE_CURVE('',#6791,#6791,#6793,.T.);
#6791 = VERTEX_POINT('',#6792);
#6792 = CARTESIAN_POINT('',(189.15,-78.46,1.51));
#6793 = CIRCLE('',#6794,0.35);
#6794 = AXIS2_PLACEMENT_3D('',#6795,#6796,#6797);
#6795 = CARTESIAN_POINT('',(189.15,-78.11,1.51));
#6796 = DIRECTION('',(-0.,0.,-1.));
#6797 = DIRECTION('',(-0.,-1.,0.));
#6798 = FACE_BOUND('',#6799,.T.);
#6799 = EDGE_LOOP('',(#6800));
#6800 = ORIENTED_EDGE('',*,*,#6801,.T.);
#6801 = EDGE_CURVE('',#6802,#6802,#6804,.T.);
#6802 = VERTEX_POINT('',#6803);
#6803 = CARTESIAN_POINT('',(193.38,-79.09,1.51));
#6804 = CIRCLE('',#6805,0.385);
#6805 = AXIS2_PLACEMENT_3D('',#6806,#6807,#6808);
#6806 = CARTESIAN_POINT('',(193.38,-78.705,1.51));
#6807 = DIRECTION('',(-0.,0.,-1.));
#6808 = DIRECTION('',(-0.,-1.,0.));
#6809 = FACE_BOUND('',#6810,.T.);
#6810 = EDGE_LOOP('',(#6811));
#6811 = ORIENTED_EDGE('',*,*,#6812,.T.);
#6812 = EDGE_CURVE('',#6813,#6813,#6815,.T.);
#6813 = VERTEX_POINT('',#6814);
#6814 = CARTESIAN_POINT('',(201.32,-79.09,1.51));
#6815 = CIRCLE('',#6816,0.385);
#6816 = AXIS2_PLACEMENT_3D('',#6817,#6818,#6819);
#6817 = CARTESIAN_POINT('',(201.32,-78.705,1.51));
#6818 = DIRECTION('',(-0.,0.,-1.));
#6819 = DIRECTION('',(-0.,-1.,0.));
#6820 = PLANE('',#6821);
#6821 = AXIS2_PLACEMENT_3D('',#6822,#6823,#6824);
#6822 = CARTESIAN_POINT('',(0.,0.,1.51));
#6823 = DIRECTION('',(0.,0.,1.));
#6824 = DIRECTION('',(1.,0.,-0.));
#6825 = ADVANCED_FACE('',(#6826),#6832,.T.);
#6826 = FACE_BOUND('',#6827,.T.);
#6827 = EDGE_LOOP('',(#6828,#6829,#6830,#6831));
#6828 = ORIENTED_EDGE('',*,*,#4089,.T.);
#6829 = ORIENTED_EDGE('',*,*,#5472,.T.);
#6830 = ORIENTED_EDGE('',*,*,#4049,.F.);
#6831 = ORIENTED_EDGE('',*,*,#4113,.F.);
#6832 = PLANE('',#6833);
#6833 = AXIS2_PLACEMENT_3D('',#6834,#6835,#6836);
#6834 = CARTESIAN_POINT('',(104.6875,-71.131475,0.));
#6835 = DIRECTION('',(0.,1.,0.));
#6836 = DIRECTION('',(1.,0.,0.));
#6837 = ADVANCED_FACE('',(#6838),#6849,.F.);
#6838 = FACE_BOUND('',#6839,.T.);
#6839 = EDGE_LOOP('',(#6840,#6841,#6847,#6848));
#6840 = ORIENTED_EDGE('',*,*,#4122,.T.);
#6841 = ORIENTED_EDGE('',*,*,#6842,.T.);
#6842 = EDGE_CURVE('',#4123,#5482,#6843,.T.);
#6843 = LINE('',#6844,#6845);
#6844 = CARTESIAN_POINT('',(106.90022,-123.60632,-4.6E-02));
#6845 = VECTOR('',#6846,1.);
#6846 = DIRECTION('',(0.,0.,1.));
#6847 = ORIENTED_EDGE('',*,*,#5481,.F.);
#6848 = ORIENTED_EDGE('',*,*,#6842,.F.);
#6849 = CYLINDRICAL_SURFACE('',#6850,0.4);
#6850 = AXIS2_PLACEMENT_3D('',#6851,#6852,#6853);
#6851 = CARTESIAN_POINT('',(106.90022,-123.20632,-4.6E-02));
#6852 = DIRECTION('',(-0.,0.,-1.));
#6853 = DIRECTION('',(3.5527136788E-14,-1.,-0.));
#6854 = ADVANCED_FACE('',(#6855),#6866,.F.);
#6855 = FACE_BOUND('',#6856,.T.);
#6856 = EDGE_LOOP('',(#6857,#6858,#6864,#6865));
#6857 = ORIENTED_EDGE('',*,*,#4133,.T.);
#6858 = ORIENTED_EDGE('',*,*,#6859,.T.);
#6859 = EDGE_CURVE('',#4134,#5493,#6860,.T.);
#6860 = LINE('',#6861,#6862);
#6861 = CARTESIAN_POINT('',(109.44022,-123.60632,-4.6E-02));
#6862 = VECTOR('',#6863,1.);
#6863 = DIRECTION('',(0.,0.,1.));
#6864 = ORIENTED_EDGE('',*,*,#5492,.F.);
#6865 = ORIENTED_EDGE('',*,*,#6859,.F.);
#6866 = CYLINDRICAL_SURFACE('',#6867,0.4);
#6867 = AXIS2_PLACEMENT_3D('',#6868,#6869,#6870);
#6868 = CARTESIAN_POINT('',(109.44022,-123.20632,-4.6E-02));
#6869 = DIRECTION('',(-0.,-0.,-1.));
#6870 = DIRECTION('',(-3.552713678801E-14,-1.,0.));
#6871 = ADVANCED_FACE('',(#6872),#6883,.F.);
#6872 = FACE_BOUND('',#6873,.T.);
#6873 = EDGE_LOOP('',(#6874,#6875,#6881,#6882));
#6874 = ORIENTED_EDGE('',*,*,#4144,.T.);
#6875 = ORIENTED_EDGE('',*,*,#6876,.T.);
#6876 = EDGE_CURVE('',#4145,#5504,#6877,.T.);
#6877 = LINE('',#6878,#6879);
#6878 = CARTESIAN_POINT('',(111.9775,-123.61,-4.6E-02));
#6879 = VECTOR('',#6880,1.);
#6880 = DIRECTION('',(0.,0.,1.));
#6881 = ORIENTED_EDGE('',*,*,#5503,.F.);
#6882 = ORIENTED_EDGE('',*,*,#6876,.F.);
#6883 = CYLINDRICAL_SURFACE('',#6884,0.4);
#6884 = AXIS2_PLACEMENT_3D('',#6885,#6886,#6887);
#6885 = CARTESIAN_POINT('',(111.9775,-123.21,-4.6E-02));
#6886 = DIRECTION('',(-0.,0.,-1.));
#6887 = DIRECTION('',(3.5527136788E-14,-1.,-0.));
#6888 = ADVANCED_FACE('',(#6889),#6900,.F.);
#6889 = FACE_BOUND('',#6890,.T.);
#6890 = EDGE_LOOP('',(#6891,#6892,#6898,#6899));
#6891 = ORIENTED_EDGE('',*,*,#4155,.T.);
#6892 = ORIENTED_EDGE('',*,*,#6893,.T.);
#6893 = EDGE_CURVE('',#4156,#5515,#6894,.T.);
#6894 = LINE('',#6895,#6896);
#6895 = CARTESIAN_POINT('',(114.5175,-123.61,-4.6E-02));
#6896 = VECTOR('',#6897,1.);
#6897 = DIRECTION('',(0.,0.,1.));
#6898 = ORIENTED_EDGE('',*,*,#5514,.F.);
#6899 = ORIENTED_EDGE('',*,*,#6893,.F.);
#6900 = CYLINDRICAL_SURFACE('',#6901,0.4);
#6901 = AXIS2_PLACEMENT_3D('',#6902,#6903,#6904);
#6902 = CARTESIAN_POINT('',(114.5175,-123.21,-4.6E-02));
#6903 = DIRECTION('',(-0.,-0.,-1.));
#6904 = DIRECTION('',(-3.552713678801E-14,-1.,0.));
#6905 = ADVANCED_FACE('',(#6906),#6917,.F.);
#6906 = FACE_BOUND('',#6907,.T.);
#6907 = EDGE_LOOP('',(#6908,#6909,#6915,#6916));
#6908 = ORIENTED_EDGE('',*,*,#4166,.T.);
#6909 = ORIENTED_EDGE('',*,*,#6910,.T.);
#6910 = EDGE_CURVE('',#4167,#5526,#6911,.T.);
#6911 = LINE('',#6912,#6913);
#6912 = CARTESIAN_POINT('',(117.0575,-123.61,-4.6E-02));
#6913 = VECTOR('',#6914,1.);
#6914 = DIRECTION('',(0.,0.,1.));
#6915 = ORIENTED_EDGE('',*,*,#5525,.F.);
#6916 = ORIENTED_EDGE('',*,*,#6910,.F.);
#6917 = CYLINDRICAL_SURFACE('',#6918,0.4);
#6918 = AXIS2_PLACEMENT_3D('',#6919,#6920,#6921);
#6919 = CARTESIAN_POINT('',(117.0575,-123.21,-4.6E-02));
#6920 = DIRECTION('',(-0.,-0.,-1.));
#6921 = DIRECTION('',(-0.,-1.,0.));
#6922 = ADVANCED_FACE('',(#6923),#6934,.F.);
#6923 = FACE_BOUND('',#6924,.T.);
#6924 = EDGE_LOOP('',(#6925,#6926,#6932,#6933));
#6925 = ORIENTED_EDGE('',*,*,#4177,.T.);
#6926 = ORIENTED_EDGE('',*,*,#6927,.T.);
#6927 = EDGE_CURVE('',#4178,#5537,#6928,.T.);
#6928 = LINE('',#6929,#6930);
#6929 = CARTESIAN_POINT('',(119.5975,-123.61,-4.6E-02));
#6930 = VECTOR('',#6931,1.);
#6931 = DIRECTION('',(0.,0.,1.));
#6932 = ORIENTED_EDGE('',*,*,#5536,.F.);
#6933 = ORIENTED_EDGE('',*,*,#6927,.F.);
#6934 = CYLINDRICAL_SURFACE('',#6935,0.4);
#6935 = AXIS2_PLACEMENT_3D('',#6936,#6937,#6938);
#6936 = CARTESIAN_POINT('',(119.5975,-123.21,-4.6E-02));
#6937 = DIRECTION('',(-0.,-0.,-1.));
#6938 = DIRECTION('',(-0.,-1.,0.));
#6939 = ADVANCED_FACE('',(#6940),#6951,.F.);
#6940 = FACE_BOUND('',#6941,.T.);
#6941 = EDGE_LOOP('',(#6942,#6943,#6949,#6950));
#6942 = ORIENTED_EDGE('',*,*,#4188,.T.);
#6943 = ORIENTED_EDGE('',*,*,#6944,.T.);
#6944 = EDGE_CURVE('',#4189,#5548,#6945,.T.);
#6945 = LINE('',#6946,#6947);
#6946 = CARTESIAN_POINT('',(122.1375,-123.61,-4.6E-02));
#6947 = VECTOR('',#6948,1.);
#6948 = DIRECTION('',(0.,0.,1.));
#6949 = ORIENTED_EDGE('',*,*,#5547,.F.);
#6950 = ORIENTED_EDGE('',*,*,#6944,.F.);
#6951 = CYLINDRICAL_SURFACE('',#6952,0.4);
#6952 = AXIS2_PLACEMENT_3D('',#6953,#6954,#6955);
#6953 = CARTESIAN_POINT('',(122.1375,-123.21,-4.6E-02));
#6954 = DIRECTION('',(-0.,0.,-1.));
#6955 = DIRECTION('',(3.5527136788E-14,-1.,-0.));
#6956 = ADVANCED_FACE('',(#6957),#6968,.F.);
#6957 = FACE_BOUND('',#6958,.T.);
#6958 = EDGE_LOOP('',(#6959,#6960,#6966,#6967));
#6959 = ORIENTED_EDGE('',*,*,#4199,.T.);
#6960 = ORIENTED_EDGE('',*,*,#6961,.T.);
#6961 = EDGE_CURVE('',#4200,#5559,#6962,.T.);
#6962 = LINE('',#6963,#6964);
#6963 = CARTESIAN_POINT('',(124.6775,-123.61,-4.6E-02));
#6964 = VECTOR('',#6965,1.);
#6965 = DIRECTION('',(0.,0.,1.));
#6966 = ORIENTED_EDGE('',*,*,#5558,.F.);
#6967 = ORIENTED_EDGE('',*,*,#6961,.F.);
#6968 = CYLINDRICAL_SURFACE('',#6969,0.4);
#6969 = AXIS2_PLACEMENT_3D('',#6970,#6971,#6972);
#6970 = CARTESIAN_POINT('',(124.6775,-123.21,-4.6E-02));
#6971 = DIRECTION('',(-0.,-0.,-1.));
#6972 = DIRECTION('',(-3.552713678801E-14,-1.,0.));
#6973 = ADVANCED_FACE('',(#6974),#6985,.F.);
#6974 = FACE_BOUND('',#6975,.T.);
#6975 = EDGE_LOOP('',(#6976,#6977,#6983,#6984));
#6976 = ORIENTED_EDGE('',*,*,#4210,.T.);
#6977 = ORIENTED_EDGE('',*,*,#6978,.T.);
#6978 = EDGE_CURVE('',#4211,#5570,#6979,.T.);
#6979 = LINE('',#6980,#6981);
#6980 = CARTESIAN_POINT('',(127.2175,-123.61,-4.6E-02));
#6981 = VECTOR('',#6982,1.);
#6982 = DIRECTION('',(0.,0.,1.));
#6983 = ORIENTED_EDGE('',*,*,#5569,.F.);
#6984 = ORIENTED_EDGE('',*,*,#6978,.F.);
#6985 = CYLINDRICAL_SURFACE('',#6986,0.4);
#6986 = AXIS2_PLACEMENT_3D('',#6987,#6988,#6989);
#6987 = CARTESIAN_POINT('',(127.2175,-123.21,-4.6E-02));
#6988 = DIRECTION('',(-0.,-0.,-1.));
#6989 = DIRECTION('',(-0.,-1.,0.));
#6990 = ADVANCED_FACE('',(#6991),#7002,.F.);
#6991 = FACE_BOUND('',#6992,.T.);
#6992 = EDGE_LOOP('',(#6993,#6994,#7000,#7001));
#6993 = ORIENTED_EDGE('',*,*,#4221,.T.);
#6994 = ORIENTED_EDGE('',*,*,#6995,.T.);
#6995 = EDGE_CURVE('',#4222,#5581,#6996,.T.);
#6996 = LINE('',#6997,#6998);
#6997 = CARTESIAN_POINT('',(129.7575,-123.61,-4.6E-02));
#6998 = VECTOR('',#6999,1.);
#6999 = DIRECTION('',(0.,0.,1.));
#7000 = ORIENTED_EDGE('',*,*,#5580,.F.);
#7001 = ORIENTED_EDGE('',*,*,#6995,.F.);
#7002 = CYLINDRICAL_SURFACE('',#7003,0.4);
#7003 = AXIS2_PLACEMENT_3D('',#7004,#7005,#7006);
#7004 = CARTESIAN_POINT('',(129.7575,-123.21,-4.6E-02));
#7005 = DIRECTION('',(-0.,-0.,-1.));
#7006 = DIRECTION('',(-0.,-1.,0.));
#7007 = ADVANCED_FACE('',(#7008),#7019,.F.);
#7008 = FACE_BOUND('',#7009,.T.);
#7009 = EDGE_LOOP('',(#7010,#7011,#7017,#7018));
#7010 = ORIENTED_EDGE('',*,*,#4232,.T.);
#7011 = ORIENTED_EDGE('',*,*,#7012,.T.);
#7012 = EDGE_CURVE('',#4233,#5592,#7013,.T.);
#7013 = LINE('',#7014,#7015);
#7014 = CARTESIAN_POINT('',(132.2975,-123.61,-4.6E-02));
#7015 = VECTOR('',#7016,1.);
#7016 = DIRECTION('',(0.,0.,1.));
#7017 = ORIENTED_EDGE('',*,*,#5591,.F.);
#7018 = ORIENTED_EDGE('',*,*,#7012,.F.);
#7019 = CYLINDRICAL_SURFACE('',#7020,0.4);
#7020 = AXIS2_PLACEMENT_3D('',#7021,#7022,#7023);
#7021 = CARTESIAN_POINT('',(132.2975,-123.21,-4.6E-02));
#7022 = DIRECTION('',(-0.,-0.,-1.));
#7023 = DIRECTION('',(-0.,-1.,0.));
#7024 = ADVANCED_FACE('',(#7025),#7036,.F.);
#7025 = FACE_BOUND('',#7026,.T.);
#7026 = EDGE_LOOP('',(#7027,#7028,#7034,#7035));
#7027 = ORIENTED_EDGE('',*,*,#4243,.T.);
#7028 = ORIENTED_EDGE('',*,*,#7029,.T.);
#7029 = EDGE_CURVE('',#4244,#5603,#7030,.T.);
#7030 = LINE('',#7031,#7032);
#7031 = CARTESIAN_POINT('',(134.8375,-123.61,-4.6E-02));
#7032 = VECTOR('',#7033,1.);
#7033 = DIRECTION('',(0.,0.,1.));
#7034 = ORIENTED_EDGE('',*,*,#5602,.F.);
#7035 = ORIENTED_EDGE('',*,*,#7029,.F.);
#7036 = CYLINDRICAL_SURFACE('',#7037,0.4);
#7037 = AXIS2_PLACEMENT_3D('',#7038,#7039,#7040);
#7038 = CARTESIAN_POINT('',(134.8375,-123.21,-4.6E-02));
#7039 = DIRECTION('',(-0.,-0.,-1.));
#7040 = DIRECTION('',(-0.,-1.,0.));
#7041 = ADVANCED_FACE('',(#7042),#7053,.F.);
#7042 = FACE_BOUND('',#7043,.T.);
#7043 = EDGE_LOOP('',(#7044,#7045,#7051,#7052));
#7044 = ORIENTED_EDGE('',*,*,#4254,.T.);
#7045 = ORIENTED_EDGE('',*,*,#7046,.T.);
#7046 = EDGE_CURVE('',#4255,#5614,#7047,.T.);
#7047 = LINE('',#7048,#7049);
#7048 = CARTESIAN_POINT('',(137.3775,-123.61,-4.6E-02));
#7049 = VECTOR('',#7050,1.);
#7050 = DIRECTION('',(0.,0.,1.));
#7051 = ORIENTED_EDGE('',*,*,#5613,.F.);
#7052 = ORIENTED_EDGE('',*,*,#7046,.F.);
#7053 = CYLINDRICAL_SURFACE('',#7054,0.4);
#7054 = AXIS2_PLACEMENT_3D('',#7055,#7056,#7057);
#7055 = CARTESIAN_POINT('',(137.3775,-123.21,-4.6E-02));
#7056 = DIRECTION('',(-0.,-0.,-1.));
#7057 = DIRECTION('',(-0.,-1.,0.));
#7058 = ADVANCED_FACE('',(#7059),#7070,.F.);
#7059 = FACE_BOUND('',#7060,.T.);
#7060 = EDGE_LOOP('',(#7061,#7062,#7068,#7069));
#7061 = ORIENTED_EDGE('',*,*,#4265,.T.);
#7062 = ORIENTED_EDGE('',*,*,#7063,.T.);
#7063 = EDGE_CURVE('',#4266,#5625,#7064,.T.);
#7064 = LINE('',#7065,#7066);
#7065 = CARTESIAN_POINT('',(139.9175,-123.61,-4.6E-02));
#7066 = VECTOR('',#7067,1.);
#7067 = DIRECTION('',(0.,0.,1.));
#7068 = ORIENTED_EDGE('',*,*,#5624,.F.);
#7069 = ORIENTED_EDGE('',*,*,#7063,.F.);
#7070 = CYLINDRICAL_SURFACE('',#7071,0.4);
#7071 = AXIS2_PLACEMENT_3D('',#7072,#7073,#7074);
#7072 = CARTESIAN_POINT('',(139.9175,-123.21,-4.6E-02));
#7073 = DIRECTION('',(-0.,-0.,-1.));
#7074 = DIRECTION('',(-7.105427357601E-14,-1.,0.));
#7075 = ADVANCED_FACE('',(#7076),#7087,.F.);
#7076 = FACE_BOUND('',#7077,.T.);
#7077 = EDGE_LOOP('',(#7078,#7079,#7085,#7086));
#7078 = ORIENTED_EDGE('',*,*,#4276,.T.);
#7079 = ORIENTED_EDGE('',*,*,#7080,.T.);
#7080 = EDGE_CURVE('',#4277,#5636,#7081,.T.);
#7081 = LINE('',#7082,#7083);
#7082 = CARTESIAN_POINT('',(142.4575,-123.61,-4.6E-02));
#7083 = VECTOR('',#7084,1.);
#7084 = DIRECTION('',(0.,0.,1.));
#7085 = ORIENTED_EDGE('',*,*,#5635,.F.);
#7086 = ORIENTED_EDGE('',*,*,#7080,.F.);
#7087 = CYLINDRICAL_SURFACE('',#7088,0.4);
#7088 = AXIS2_PLACEMENT_3D('',#7089,#7090,#7091);
#7089 = CARTESIAN_POINT('',(142.4575,-123.21,-4.6E-02));
#7090 = DIRECTION('',(-0.,0.,-1.));
#7091 = DIRECTION('',(7.105427357601E-14,-1.,-0.));
#7092 = ADVANCED_FACE('',(#7093),#7104,.F.);
#7093 = FACE_BOUND('',#7094,.T.);
#7094 = EDGE_LOOP('',(#7095,#7096,#7102,#7103));
#7095 = ORIENTED_EDGE('',*,*,#4287,.T.);
#7096 = ORIENTED_EDGE('',*,*,#7097,.T.);
#7097 = EDGE_CURVE('',#4288,#5647,#7098,.T.);
#7098 = LINE('',#7099,#7100);
#7099 = CARTESIAN_POINT('',(144.9975,-123.61,-4.6E-02));
#7100 = VECTOR('',#7101,1.);
#7101 = DIRECTION('',(0.,0.,1.));
#7102 = ORIENTED_EDGE('',*,*,#5646,.F.);
#7103 = ORIENTED_EDGE('',*,*,#7097,.F.);
#7104 = CYLINDRICAL_SURFACE('',#7105,0.4);
#7105 = AXIS2_PLACEMENT_3D('',#7106,#7107,#7108);
#7106 = CARTESIAN_POINT('',(144.9975,-123.21,-4.6E-02));
#7107 = DIRECTION('',(-0.,-0.,-1.));
#7108 = DIRECTION('',(-0.,-1.,0.));
#7109 = ADVANCED_FACE('',(#7110),#7121,.F.);
#7110 = FACE_BOUND('',#7111,.T.);
#7111 = EDGE_LOOP('',(#7112,#7113,#7119,#7120));
#7112 = ORIENTED_EDGE('',*,*,#4298,.T.);
#7113 = ORIENTED_EDGE('',*,*,#7114,.T.);
#7114 = EDGE_CURVE('',#4299,#5658,#7115,.T.);
#7115 = LINE('',#7116,#7117);
#7116 = CARTESIAN_POINT('',(147.5375,-123.61,-4.6E-02));
#7117 = VECTOR('',#7118,1.);
#7118 = DIRECTION('',(0.,0.,1.));
#7119 = ORIENTED_EDGE('',*,*,#5657,.F.);
#7120 = ORIENTED_EDGE('',*,*,#7114,.F.);
#7121 = CYLINDRICAL_SURFACE('',#7122,0.4);
#7122 = AXIS2_PLACEMENT_3D('',#7123,#7124,#7125);
#7123 = CARTESIAN_POINT('',(147.5375,-123.21,-4.6E-02));
#7124 = DIRECTION('',(-0.,-0.,-1.));
#7125 = DIRECTION('',(-0.,-1.,0.));
#7126 = ADVANCED_FACE('',(#7127),#7138,.F.);
#7127 = FACE_BOUND('',#7128,.T.);
#7128 = EDGE_LOOP('',(#7129,#7130,#7136,#7137));
#7129 = ORIENTED_EDGE('',*,*,#4309,.T.);
#7130 = ORIENTED_EDGE('',*,*,#7131,.T.);
#7131 = EDGE_CURVE('',#4310,#5669,#7132,.T.);
#7132 = LINE('',#7133,#7134);
#7133 = CARTESIAN_POINT('',(150.0775,-123.61,-4.6E-02));
#7134 = VECTOR('',#7135,1.);
#7135 = DIRECTION('',(0.,0.,1.));
#7136 = ORIENTED_EDGE('',*,*,#5668,.F.);
#7137 = ORIENTED_EDGE('',*,*,#7131,.F.);
#7138 = CYLINDRICAL_SURFACE('',#7139,0.4);
#7139 = AXIS2_PLACEMENT_3D('',#7140,#7141,#7142);
#7140 = CARTESIAN_POINT('',(150.0775,-123.21,-4.6E-02));
#7141 = DIRECTION('',(-0.,-0.,-1.));
#7142 = DIRECTION('',(-0.,-1.,0.));
#7143 = ADVANCED_FACE('',(#7144),#7155,.F.);
#7144 = FACE_BOUND('',#7145,.T.);
#7145 = EDGE_LOOP('',(#7146,#7147,#7153,#7154));
#7146 = ORIENTED_EDGE('',*,*,#4320,.T.);
#7147 = ORIENTED_EDGE('',*,*,#7148,.T.);
#7148 = EDGE_CURVE('',#4321,#5680,#7149,.T.);
#7149 = LINE('',#7150,#7151);
#7150 = CARTESIAN_POINT('',(152.6175,-123.61,-4.6E-02));
#7151 = VECTOR('',#7152,1.);
#7152 = DIRECTION('',(0.,0.,1.));
#7153 = ORIENTED_EDGE('',*,*,#5679,.F.);
#7154 = ORIENTED_EDGE('',*,*,#7148,.F.);
#7155 = CYLINDRICAL_SURFACE('',#7156,0.4);
#7156 = AXIS2_PLACEMENT_3D('',#7157,#7158,#7159);
#7157 = CARTESIAN_POINT('',(152.6175,-123.21,-4.6E-02));
#7158 = DIRECTION('',(-0.,-0.,-1.));
#7159 = DIRECTION('',(-0.,-1.,0.));
#7160 = ADVANCED_FACE('',(#7161),#7172,.F.);
#7161 = FACE_BOUND('',#7162,.T.);
#7162 = EDGE_LOOP('',(#7163,#7164,#7170,#7171));
#7163 = ORIENTED_EDGE('',*,*,#4331,.T.);
#7164 = ORIENTED_EDGE('',*,*,#7165,.T.);
#7165 = EDGE_CURVE('',#4332,#5691,#7166,.T.);
#7166 = LINE('',#7167,#7168);
#7167 = CARTESIAN_POINT('',(173.797613,-121.705,-4.6E-02));
#7168 = VECTOR('',#7169,1.);
#7169 = DIRECTION('',(0.,0.,1.));
#7170 = ORIENTED_EDGE('',*,*,#5690,.F.);
#7171 = ORIENTED_EDGE('',*,*,#7165,.F.);
#7172 = CYLINDRICAL_SURFACE('',#7173,0.4);
#7173 = AXIS2_PLACEMENT_3D('',#7174,#7175,#7176);
#7174 = CARTESIAN_POINT('',(173.797613,-121.305,-4.6E-02));
#7175 = DIRECTION('',(-0.,-0.,-1.));
#7176 = DIRECTION('',(-0.,-1.,0.));
#7177 = ADVANCED_FACE('',(#7178),#7189,.F.);
#7178 = FACE_BOUND('',#7179,.T.);
#7179 = EDGE_LOOP('',(#7180,#7181,#7187,#7188));
#7180 = ORIENTED_EDGE('',*,*,#4342,.T.);
#7181 = ORIENTED_EDGE('',*,*,#7182,.T.);
#7182 = EDGE_CURVE('',#4343,#5702,#7183,.T.);
#7183 = LINE('',#7184,#7185);
#7184 = CARTESIAN_POINT('',(173.797613,-119.705,-4.6E-02));
#7185 = VECTOR('',#7186,1.);
#7186 = DIRECTION('',(0.,0.,1.));
#7187 = ORIENTED_EDGE('',*,*,#5701,.F.);
#7188 = ORIENTED_EDGE('',*,*,#7182,.F.);
#7189 = CYLINDRICAL_SURFACE('',#7190,0.4);
#7190 = AXIS2_PLACEMENT_3D('',#7191,#7192,#7193);
#7191 = CARTESIAN_POINT('',(173.797613,-119.305,-4.6E-02));
#7192 = DIRECTION('',(-0.,-0.,-1.));
#7193 = DIRECTION('',(-0.,-1.,0.));
#7194 = ADVANCED_FACE('',(#7195),#7206,.F.);
#7195 = FACE_BOUND('',#7196,.T.);
#7196 = EDGE_LOOP('',(#7197,#7198,#7204,#7205));
#7197 = ORIENTED_EDGE('',*,*,#4353,.T.);
#7198 = ORIENTED_EDGE('',*,*,#7199,.T.);
#7199 = EDGE_CURVE('',#4354,#5713,#7200,.T.);
#7200 = LINE('',#7201,#7202);
#7201 = CARTESIAN_POINT('',(180.987613,-121.745,-4.6E-02));
#7202 = VECTOR('',#7203,1.);
#7203 = DIRECTION('',(0.,0.,1.));
#7204 = ORIENTED_EDGE('',*,*,#5712,.F.);
#7205 = ORIENTED_EDGE('',*,*,#7199,.F.);
#7206 = CYLINDRICAL_SURFACE('',#7207,0.4);
#7207 = AXIS2_PLACEMENT_3D('',#7208,#7209,#7210);
#7208 = CARTESIAN_POINT('',(180.987613,-121.345,-4.6E-02));
#7209 = DIRECTION('',(-0.,-0.,-1.));
#7210 = DIRECTION('',(-0.,-1.,0.));
#7211 = ADVANCED_FACE('',(#7212),#7223,.F.);
#7212 = FACE_BOUND('',#7213,.T.);
#7213 = EDGE_LOOP('',(#7214,#7215,#7221,#7222));
#7214 = ORIENTED_EDGE('',*,*,#4364,.T.);
#7215 = ORIENTED_EDGE('',*,*,#7216,.T.);
#7216 = EDGE_CURVE('',#4365,#5724,#7217,.T.);
#7217 = LINE('',#7218,#7219);
#7218 = CARTESIAN_POINT('',(180.987613,-119.745,-4.6E-02));
#7219 = VECTOR('',#7220,1.);
#7220 = DIRECTION('',(0.,0.,1.));
#7221 = ORIENTED_EDGE('',*,*,#5723,.F.);
#7222 = ORIENTED_EDGE('',*,*,#7216,.F.);
#7223 = CYLINDRICAL_SURFACE('',#7224,0.4);
#7224 = AXIS2_PLACEMENT_3D('',#7225,#7226,#7227);
#7225 = CARTESIAN_POINT('',(180.987613,-119.345,-4.6E-02));
#7226 = DIRECTION('',(-0.,-0.,-1.));
#7227 = DIRECTION('',(-0.,-1.,0.));
#7228 = ADVANCED_FACE('',(#7229),#7240,.F.);
#7229 = FACE_BOUND('',#7230,.T.);
#7230 = EDGE_LOOP('',(#7231,#7232,#7238,#7239));
#7231 = ORIENTED_EDGE('',*,*,#4375,.T.);
#7232 = ORIENTED_EDGE('',*,*,#7233,.T.);
#7233 = EDGE_CURVE('',#4376,#5735,#7234,.T.);
#7234 = LINE('',#7235,#7236);
#7235 = CARTESIAN_POINT('',(193.1825,-122.58,-4.6E-02));
#7236 = VECTOR('',#7237,1.);
#7237 = DIRECTION('',(0.,0.,1.));
#7238 = ORIENTED_EDGE('',*,*,#5734,.F.);
#7239 = ORIENTED_EDGE('',*,*,#7233,.F.);
#7240 = CYLINDRICAL_SURFACE('',#7241,0.385);
#7241 = AXIS2_PLACEMENT_3D('',#7242,#7243,#7244);
#7242 = CARTESIAN_POINT('',(193.1825,-122.195,-4.6E-02));
#7243 = DIRECTION('',(-0.,-0.,-1.));
#7244 = DIRECTION('',(-0.,-1.,0.));
#7245 = ADVANCED_FACE('',(#7246),#7257,.F.);
#7246 = FACE_BOUND('',#7247,.T.);
#7247 = EDGE_LOOP('',(#7248,#7249,#7255,#7256));
#7248 = ORIENTED_EDGE('',*,*,#4386,.T.);
#7249 = ORIENTED_EDGE('',*,*,#7250,.T.);
#7250 = EDGE_CURVE('',#4387,#5746,#7251,.T.);
#7251 = LINE('',#7252,#7253);
#7252 = CARTESIAN_POINT('',(201.1225,-122.58,-4.6E-02));
#7253 = VECTOR('',#7254,1.);
#7254 = DIRECTION('',(0.,0.,1.));
#7255 = ORIENTED_EDGE('',*,*,#5745,.F.);
#7256 = ORIENTED_EDGE('',*,*,#7250,.F.);
#7257 = CYLINDRICAL_SURFACE('',#7258,0.385);
#7258 = AXIS2_PLACEMENT_3D('',#7259,#7260,#7261);
#7259 = CARTESIAN_POINT('',(201.1225,-122.195,-4.6E-02));
#7260 = DIRECTION('',(-0.,-0.,-1.));
#7261 = DIRECTION('',(-0.,-1.,0.));
#7262 = ADVANCED_FACE('',(#7263),#7274,.F.);
#7263 = FACE_BOUND('',#7264,.T.);
#7264 = EDGE_LOOP('',(#7265,#7266,#7272,#7273));
#7265 = ORIENTED_EDGE('',*,*,#4397,.T.);
#7266 = ORIENTED_EDGE('',*,*,#7267,.T.);
#7267 = EDGE_CURVE('',#4398,#5757,#7268,.T.);
#7268 = LINE('',#7269,#7270);
#7269 = CARTESIAN_POINT('',(193.1825,-120.04,-4.6E-02));
#7270 = VECTOR('',#7271,1.);
#7271 = DIRECTION('',(0.,0.,1.));
#7272 = ORIENTED_EDGE('',*,*,#5756,.F.);
#7273 = ORIENTED_EDGE('',*,*,#7267,.F.);
#7274 = CYLINDRICAL_SURFACE('',#7275,0.385);
#7275 = AXIS2_PLACEMENT_3D('',#7276,#7277,#7278);
#7276 = CARTESIAN_POINT('',(193.1825,-119.655,-4.6E-02));
#7277 = DIRECTION('',(-0.,-0.,-1.));
#7278 = DIRECTION('',(-0.,-1.,0.));
#7279 = ADVANCED_FACE('',(#7280),#7291,.F.);
#7280 = FACE_BOUND('',#7281,.T.);
#7281 = EDGE_LOOP('',(#7282,#7283,#7289,#7290));
#7282 = ORIENTED_EDGE('',*,*,#4408,.T.);
#7283 = ORIENTED_EDGE('',*,*,#7284,.T.);
#7284 = EDGE_CURVE('',#4409,#5768,#7285,.T.);
#7285 = LINE('',#7286,#7287);
#7286 = CARTESIAN_POINT('',(201.1225,-120.04,-4.6E-02));
#7287 = VECTOR('',#7288,1.);
#7288 = DIRECTION('',(0.,0.,1.));
#7289 = ORIENTED_EDGE('',*,*,#5767,.F.);
#7290 = ORIENTED_EDGE('',*,*,#7284,.F.);
#7291 = CYLINDRICAL_SURFACE('',#7292,0.385);
#7292 = AXIS2_PLACEMENT_3D('',#7293,#7294,#7295);
#7293 = CARTESIAN_POINT('',(201.1225,-119.655,-4.6E-02));
#7294 = DIRECTION('',(-0.,-0.,-1.));
#7295 = DIRECTION('',(-0.,-1.,0.));
#7296 = ADVANCED_FACE('',(#7297),#7308,.F.);
#7297 = FACE_BOUND('',#7298,.T.);
#7298 = EDGE_LOOP('',(#7299,#7300,#7306,#7307));
#7299 = ORIENTED_EDGE('',*,*,#4419,.T.);
#7300 = ORIENTED_EDGE('',*,*,#7301,.T.);
#7301 = EDGE_CURVE('',#4420,#5779,#7302,.T.);
#7302 = LINE('',#7303,#7304);
#7303 = CARTESIAN_POINT('',(193.1825,-117.5,-4.6E-02));
#7304 = VECTOR('',#7305,1.);
#7305 = DIRECTION('',(0.,0.,1.));
#7306 = ORIENTED_EDGE('',*,*,#5778,.F.);
#7307 = ORIENTED_EDGE('',*,*,#7301,.F.);
#7308 = CYLINDRICAL_SURFACE('',#7309,0.385);
#7309 = AXIS2_PLACEMENT_3D('',#7310,#7311,#7312);
#7310 = CARTESIAN_POINT('',(193.1825,-117.115,-4.6E-02));
#7311 = DIRECTION('',(-0.,-0.,-1.));
#7312 = DIRECTION('',(-0.,-1.,0.));
#7313 = ADVANCED_FACE('',(#7314),#7325,.F.);
#7314 = FACE_BOUND('',#7315,.T.);
#7315 = EDGE_LOOP('',(#7316,#7317,#7323,#7324));
#7316 = ORIENTED_EDGE('',*,*,#4430,.T.);
#7317 = ORIENTED_EDGE('',*,*,#7318,.T.);
#7318 = EDGE_CURVE('',#4431,#5790,#7319,.T.);
#7319 = LINE('',#7320,#7321);
#7320 = CARTESIAN_POINT('',(193.1825,-114.96,-4.6E-02));
#7321 = VECTOR('',#7322,1.);
#7322 = DIRECTION('',(0.,0.,1.));
#7323 = ORIENTED_EDGE('',*,*,#5789,.F.);
#7324 = ORIENTED_EDGE('',*,*,#7318,.F.);
#7325 = CYLINDRICAL_SURFACE('',#7326,0.385);
#7326 = AXIS2_PLACEMENT_3D('',#7327,#7328,#7329);
#7327 = CARTESIAN_POINT('',(193.1825,-114.575,-4.6E-02));
#7328 = DIRECTION('',(-0.,-0.,-1.));
#7329 = DIRECTION('',(-0.,-1.,0.));
#7330 = ADVANCED_FACE('',(#7331),#7342,.F.);
#7331 = FACE_BOUND('',#7332,.T.);
#7332 = EDGE_LOOP('',(#7333,#7334,#7340,#7341));
#7333 = ORIENTED_EDGE('',*,*,#4441,.T.);
#7334 = ORIENTED_EDGE('',*,*,#7335,.T.);
#7335 = EDGE_CURVE('',#4442,#5801,#7336,.T.);
#7336 = LINE('',#7337,#7338);
#7337 = CARTESIAN_POINT('',(201.1225,-117.5,-4.6E-02));
#7338 = VECTOR('',#7339,1.);
#7339 = DIRECTION('',(0.,0.,1.));
#7340 = ORIENTED_EDGE('',*,*,#5800,.F.);
#7341 = ORIENTED_EDGE('',*,*,#7335,.F.);
#7342 = CYLINDRICAL_SURFACE('',#7343,0.385);
#7343 = AXIS2_PLACEMENT_3D('',#7344,#7345,#7346);
#7344 = CARTESIAN_POINT('',(201.1225,-117.115,-4.6E-02));
#7345 = DIRECTION('',(-0.,-0.,-1.));
#7346 = DIRECTION('',(-0.,-1.,0.));
#7347 = ADVANCED_FACE('',(#7348),#7359,.F.);
#7348 = FACE_BOUND('',#7349,.T.);
#7349 = EDGE_LOOP('',(#7350,#7351,#7357,#7358));
#7350 = ORIENTED_EDGE('',*,*,#4452,.T.);
#7351 = ORIENTED_EDGE('',*,*,#7352,.T.);
#7352 = EDGE_CURVE('',#4453,#5812,#7353,.T.);
#7353 = LINE('',#7354,#7355);
#7354 = CARTESIAN_POINT('',(201.1225,-114.96,-4.6E-02));
#7355 = VECTOR('',#7356,1.);
#7356 = DIRECTION('',(0.,0.,1.));
#7357 = ORIENTED_EDGE('',*,*,#5811,.F.);
#7358 = ORIENTED_EDGE('',*,*,#7352,.F.);
#7359 = CYLINDRICAL_SURFACE('',#7360,0.385);
#7360 = AXIS2_PLACEMENT_3D('',#7361,#7362,#7363);
#7361 = CARTESIAN_POINT('',(201.1225,-114.575,-4.6E-02));
#7362 = DIRECTION('',(-0.,-0.,-1.));
#7363 = DIRECTION('',(-0.,-1.,0.));
#7364 = ADVANCED_FACE('',(#7365),#7376,.F.);
#7365 = FACE_BOUND('',#7366,.T.);
#7366 = EDGE_LOOP('',(#7367,#7368,#7374,#7375));
#7367 = ORIENTED_EDGE('',*,*,#4463,.T.);
#7368 = ORIENTED_EDGE('',*,*,#7369,.T.);
#7369 = EDGE_CURVE('',#4464,#5823,#7370,.T.);
#7370 = LINE('',#7371,#7372);
#7371 = CARTESIAN_POINT('',(193.1825,-112.42,-4.6E-02));
#7372 = VECTOR('',#7373,1.);
#7373 = DIRECTION('',(0.,0.,1.));
#7374 = ORIENTED_EDGE('',*,*,#5822,.F.);
#7375 = ORIENTED_EDGE('',*,*,#7369,.F.);
#7376 = CYLINDRICAL_SURFACE('',#7377,0.385);
#7377 = AXIS2_PLACEMENT_3D('',#7378,#7379,#7380);
#7378 = CARTESIAN_POINT('',(193.1825,-112.035,-4.6E-02));
#7379 = DIRECTION('',(-0.,-0.,-1.));
#7380 = DIRECTION('',(-0.,-1.,0.));
#7381 = ADVANCED_FACE('',(#7382),#7393,.F.);
#7382 = FACE_BOUND('',#7383,.T.);
#7383 = EDGE_LOOP('',(#7384,#7385,#7391,#7392));
#7384 = ORIENTED_EDGE('',*,*,#4474,.T.);
#7385 = ORIENTED_EDGE('',*,*,#7386,.T.);
#7386 = EDGE_CURVE('',#4475,#5834,#7387,.T.);
#7387 = LINE('',#7388,#7389);
#7388 = CARTESIAN_POINT('',(201.1225,-112.42,-4.6E-02));
#7389 = VECTOR('',#7390,1.);
#7390 = DIRECTION('',(0.,0.,1.));
#7391 = ORIENTED_EDGE('',*,*,#5833,.F.);
#7392 = ORIENTED_EDGE('',*,*,#7386,.F.);
#7393 = CYLINDRICAL_SURFACE('',#7394,0.385);
#7394 = AXIS2_PLACEMENT_3D('',#7395,#7396,#7397);
#7395 = CARTESIAN_POINT('',(201.1225,-112.035,-4.6E-02));
#7396 = DIRECTION('',(-0.,-0.,-1.));
#7397 = DIRECTION('',(-0.,-1.,0.));
#7398 = ADVANCED_FACE('',(#7399),#7410,.F.);
#7399 = FACE_BOUND('',#7400,.T.);
#7400 = EDGE_LOOP('',(#7401,#7402,#7408,#7409));
#7401 = ORIENTED_EDGE('',*,*,#4485,.T.);
#7402 = ORIENTED_EDGE('',*,*,#7403,.T.);
#7403 = EDGE_CURVE('',#4486,#5845,#7404,.T.);
#7404 = LINE('',#7405,#7406);
#7405 = CARTESIAN_POINT('',(171.892613,-107.735,-4.6E-02));
#7406 = VECTOR('',#7407,1.);
#7407 = DIRECTION('',(0.,0.,1.));
#7408 = ORIENTED_EDGE('',*,*,#5844,.F.);
#7409 = ORIENTED_EDGE('',*,*,#7403,.F.);
#7410 = CYLINDRICAL_SURFACE('',#7411,0.4);
#7411 = AXIS2_PLACEMENT_3D('',#7412,#7413,#7414);
#7412 = CARTESIAN_POINT('',(171.892613,-107.335,-4.6E-02));
#7413 = DIRECTION('',(-0.,0.,-1.));
#7414 = DIRECTION('',(7.105427357601E-14,-1.,-0.));
#7415 = ADVANCED_FACE('',(#7416),#7427,.F.);
#7416 = FACE_BOUND('',#7417,.T.);
#7417 = EDGE_LOOP('',(#7418,#7419,#7425,#7426));
#7418 = ORIENTED_EDGE('',*,*,#4496,.T.);
#7419 = ORIENTED_EDGE('',*,*,#7420,.T.);
#7420 = EDGE_CURVE('',#4497,#5856,#7421,.T.);
#7421 = LINE('',#7422,#7423);
#7422 = CARTESIAN_POINT('',(173.892613,-107.735,-4.6E-02));
#7423 = VECTOR('',#7424,1.);
#7424 = DIRECTION('',(0.,0.,1.));
#7425 = ORIENTED_EDGE('',*,*,#5855,.F.);
#7426 = ORIENTED_EDGE('',*,*,#7420,.F.);
#7427 = CYLINDRICAL_SURFACE('',#7428,0.4);
#7428 = AXIS2_PLACEMENT_3D('',#7429,#7430,#7431);
#7429 = CARTESIAN_POINT('',(173.892613,-107.335,-4.6E-02));
#7430 = DIRECTION('',(-0.,0.,-1.));
#7431 = DIRECTION('',(7.105427357601E-14,-1.,-0.));
#7432 = ADVANCED_FACE('',(#7433),#7444,.F.);
#7433 = FACE_BOUND('',#7434,.T.);
#7434 = EDGE_LOOP('',(#7435,#7436,#7442,#7443));
#7435 = ORIENTED_EDGE('',*,*,#4507,.T.);
#7436 = ORIENTED_EDGE('',*,*,#7437,.T.);
#7437 = EDGE_CURVE('',#4508,#5867,#7438,.T.);
#7438 = LINE('',#7439,#7440);
#7439 = CARTESIAN_POINT('',(168.1225,-99.43,-4.6E-02));
#7440 = VECTOR('',#7441,1.);
#7441 = DIRECTION('',(0.,0.,1.));
#7442 = ORIENTED_EDGE('',*,*,#5866,.F.);
#7443 = ORIENTED_EDGE('',*,*,#7437,.F.);
#7444 = CYLINDRICAL_SURFACE('',#7445,0.35);
#7445 = AXIS2_PLACEMENT_3D('',#7446,#7447,#7448);
#7446 = CARTESIAN_POINT('',(168.1225,-99.08,-4.6E-02));
#7447 = DIRECTION('',(-0.,-0.,-1.));
#7448 = DIRECTION('',(-0.,-1.,0.));
#7449 = ADVANCED_FACE('',(#7450),#7461,.F.);
#7450 = FACE_BOUND('',#7451,.T.);
#7451 = EDGE_LOOP('',(#7452,#7453,#7459,#7460));
#7452 = ORIENTED_EDGE('',*,*,#4518,.T.);
#7453 = ORIENTED_EDGE('',*,*,#7454,.T.);
#7454 = EDGE_CURVE('',#4519,#5878,#7455,.T.);
#7455 = LINE('',#7456,#7457);
#7456 = CARTESIAN_POINT('',(172.3025,-99.43,-4.6E-02));
#7457 = VECTOR('',#7458,1.);
#7458 = DIRECTION('',(0.,0.,1.));
#7459 = ORIENTED_EDGE('',*,*,#5877,.F.);
#7460 = ORIENTED_EDGE('',*,*,#7454,.F.);
#7461 = CYLINDRICAL_SURFACE('',#7462,0.35);
#7462 = AXIS2_PLACEMENT_3D('',#7463,#7464,#7465);
#7463 = CARTESIAN_POINT('',(172.3025,-99.08,-4.6E-02));
#7464 = DIRECTION('',(-0.,-0.,-1.));
#7465 = DIRECTION('',(-0.,-1.,0.));
#7466 = ADVANCED_FACE('',(#7467),#7478,.F.);
#7467 = FACE_BOUND('',#7468,.T.);
#7468 = EDGE_LOOP('',(#7469,#7470,#7476,#7477));
#7469 = ORIENTED_EDGE('',*,*,#4529,.T.);
#7470 = ORIENTED_EDGE('',*,*,#7471,.T.);
#7471 = EDGE_CURVE('',#4530,#5889,#7472,.T.);
#7472 = LINE('',#7473,#7474);
#7473 = CARTESIAN_POINT('',(176.2925,-99.43,-4.6E-02));
#7474 = VECTOR('',#7475,1.);
#7475 = DIRECTION('',(0.,0.,1.));
#7476 = ORIENTED_EDGE('',*,*,#5888,.F.);
#7477 = ORIENTED_EDGE('',*,*,#7471,.F.);
#7478 = CYLINDRICAL_SURFACE('',#7479,0.35);
#7479 = AXIS2_PLACEMENT_3D('',#7480,#7481,#7482);
#7480 = CARTESIAN_POINT('',(176.2925,-99.08,-4.6E-02));
#7481 = DIRECTION('',(-0.,-0.,-1.));
#7482 = DIRECTION('',(-8.120488408687E-14,-1.,0.));
#7483 = ADVANCED_FACE('',(#7484),#7495,.F.);
#7484 = FACE_BOUND('',#7485,.T.);
#7485 = EDGE_LOOP('',(#7486,#7487,#7493,#7494));
#7486 = ORIENTED_EDGE('',*,*,#4540,.T.);
#7487 = ORIENTED_EDGE('',*,*,#7488,.T.);
#7488 = EDGE_CURVE('',#4541,#5900,#7489,.T.);
#7489 = LINE('',#7490,#7491);
#7490 = CARTESIAN_POINT('',(178.435,-110.985,-4.6E-02));
#7491 = VECTOR('',#7492,1.);
#7492 = DIRECTION('',(0.,0.,1.));
#7493 = ORIENTED_EDGE('',*,*,#5899,.F.);
#7494 = ORIENTED_EDGE('',*,*,#7488,.F.);
#7495 = CYLINDRICAL_SURFACE('',#7496,0.35);
#7496 = AXIS2_PLACEMENT_3D('',#7497,#7498,#7499);
#7497 = CARTESIAN_POINT('',(178.435,-110.635,-4.6E-02));
#7498 = DIRECTION('',(-0.,-0.,-1.));
#7499 = DIRECTION('',(-0.,-1.,0.));
#7500 = ADVANCED_FACE('',(#7501),#7512,.F.);
#7501 = FACE_BOUND('',#7502,.T.);
#7502 = EDGE_LOOP('',(#7503,#7504,#7510,#7511));
#7503 = ORIENTED_EDGE('',*,*,#4551,.T.);
#7504 = ORIENTED_EDGE('',*,*,#7505,.T.);
#7505 = EDGE_CURVE('',#4552,#5911,#7506,.T.);
#7506 = LINE('',#7507,#7508);
#7507 = CARTESIAN_POINT('',(186.055,-110.985,-4.6E-02));
#7508 = VECTOR('',#7509,1.);
#7509 = DIRECTION('',(0.,0.,1.));
#7510 = ORIENTED_EDGE('',*,*,#5910,.F.);
#7511 = ORIENTED_EDGE('',*,*,#7505,.F.);
#7512 = CYLINDRICAL_SURFACE('',#7513,0.35);
#7513 = AXIS2_PLACEMENT_3D('',#7514,#7515,#7516);
#7514 = CARTESIAN_POINT('',(186.055,-110.635,-4.6E-02));
#7515 = DIRECTION('',(-0.,-0.,-1.));
#7516 = DIRECTION('',(-0.,-1.,0.));
#7517 = ADVANCED_FACE('',(#7518),#7529,.F.);
#7518 = FACE_BOUND('',#7519,.T.);
#7519 = EDGE_LOOP('',(#7520,#7521,#7527,#7528));
#7520 = ORIENTED_EDGE('',*,*,#4562,.T.);
#7521 = ORIENTED_EDGE('',*,*,#7522,.T.);
#7522 = EDGE_CURVE('',#4563,#5922,#7523,.T.);
#7523 = LINE('',#7524,#7525);
#7524 = CARTESIAN_POINT('',(178.435,-107.665,-4.6E-02));
#7525 = VECTOR('',#7526,1.);
#7526 = DIRECTION('',(0.,0.,1.));
#7527 = ORIENTED_EDGE('',*,*,#5921,.F.);
#7528 = ORIENTED_EDGE('',*,*,#7522,.F.);
#7529 = CYLINDRICAL_SURFACE('',#7530,0.35);
#7530 = AXIS2_PLACEMENT_3D('',#7531,#7532,#7533);
#7531 = CARTESIAN_POINT('',(178.435,-107.315,-4.6E-02));
#7532 = DIRECTION('',(-0.,-0.,-1.));
#7533 = DIRECTION('',(-0.,-1.,0.));
#7534 = ADVANCED_FACE('',(#7535),#7546,.F.);
#7535 = FACE_BOUND('',#7536,.T.);
#7536 = EDGE_LOOP('',(#7537,#7538,#7544,#7545));
#7537 = ORIENTED_EDGE('',*,*,#4573,.T.);
#7538 = ORIENTED_EDGE('',*,*,#7539,.T.);
#7539 = EDGE_CURVE('',#4574,#5933,#7540,.T.);
#7540 = LINE('',#7541,#7542);
#7541 = CARTESIAN_POINT('',(186.055,-107.665,-4.6E-02));
#7542 = VECTOR('',#7543,1.);
#7543 = DIRECTION('',(0.,0.,1.));
#7544 = ORIENTED_EDGE('',*,*,#5932,.F.);
#7545 = ORIENTED_EDGE('',*,*,#7539,.F.);
#7546 = CYLINDRICAL_SURFACE('',#7547,0.35);
#7547 = AXIS2_PLACEMENT_3D('',#7548,#7549,#7550);
#7548 = CARTESIAN_POINT('',(186.055,-107.315,-4.6E-02));
#7549 = DIRECTION('',(-0.,-0.,-1.));
#7550 = DIRECTION('',(-0.,-1.,0.));
#7551 = ADVANCED_FACE('',(#7552),#7563,.F.);
#7552 = FACE_BOUND('',#7553,.T.);
#7553 = EDGE_LOOP('',(#7554,#7555,#7561,#7562));
#7554 = ORIENTED_EDGE('',*,*,#4584,.T.);
#7555 = ORIENTED_EDGE('',*,*,#7556,.T.);
#7556 = EDGE_CURVE('',#4585,#5944,#7557,.T.);
#7557 = LINE('',#7558,#7559);
#7558 = CARTESIAN_POINT('',(193.1825,-109.88,-4.6E-02));
#7559 = VECTOR('',#7560,1.);
#7560 = DIRECTION('',(0.,0.,1.));
#7561 = ORIENTED_EDGE('',*,*,#5943,.F.);
#7562 = ORIENTED_EDGE('',*,*,#7556,.F.);
#7563 = CYLINDRICAL_SURFACE('',#7564,0.385);
#7564 = AXIS2_PLACEMENT_3D('',#7565,#7566,#7567);
#7565 = CARTESIAN_POINT('',(193.1825,-109.495,-4.6E-02));
#7566 = DIRECTION('',(-0.,-0.,-1.));
#7567 = DIRECTION('',(-0.,-1.,0.));
#7568 = ADVANCED_FACE('',(#7569),#7580,.F.);
#7569 = FACE_BOUND('',#7570,.T.);
#7570 = EDGE_LOOP('',(#7571,#7572,#7578,#7579));
#7571 = ORIENTED_EDGE('',*,*,#4595,.T.);
#7572 = ORIENTED_EDGE('',*,*,#7573,.T.);
#7573 = EDGE_CURVE('',#4596,#5955,#7574,.T.);
#7574 = LINE('',#7575,#7576);
#7575 = CARTESIAN_POINT('',(201.1225,-109.88,-4.6E-02));
#7576 = VECTOR('',#7577,1.);
#7577 = DIRECTION('',(0.,0.,1.));
#7578 = ORIENTED_EDGE('',*,*,#5954,.F.);
#7579 = ORIENTED_EDGE('',*,*,#7573,.F.);
#7580 = CYLINDRICAL_SURFACE('',#7581,0.385);
#7581 = AXIS2_PLACEMENT_3D('',#7582,#7583,#7584);
#7582 = CARTESIAN_POINT('',(201.1225,-109.495,-4.6E-02));
#7583 = DIRECTION('',(-0.,-0.,-1.));
#7584 = DIRECTION('',(-0.,-1.,0.));
#7585 = ADVANCED_FACE('',(#7586),#7597,.F.);
#7586 = FACE_BOUND('',#7587,.T.);
#7587 = EDGE_LOOP('',(#7588,#7589,#7595,#7596));
#7588 = ORIENTED_EDGE('',*,*,#4606,.T.);
#7589 = ORIENTED_EDGE('',*,*,#7590,.T.);
#7590 = EDGE_CURVE('',#4607,#5966,#7591,.T.);
#7591 = LINE('',#7592,#7593);
#7592 = CARTESIAN_POINT('',(193.1825,-107.34,-4.6E-02));
#7593 = VECTOR('',#7594,1.);
#7594 = DIRECTION('',(0.,0.,1.));
#7595 = ORIENTED_EDGE('',*,*,#5965,.F.);
#7596 = ORIENTED_EDGE('',*,*,#7590,.F.);
#7597 = CYLINDRICAL_SURFACE('',#7598,0.385);
#7598 = AXIS2_PLACEMENT_3D('',#7599,#7600,#7601);
#7599 = CARTESIAN_POINT('',(193.1825,-106.955,-4.6E-02));
#7600 = DIRECTION('',(-0.,-0.,-1.));
#7601 = DIRECTION('',(-0.,-1.,0.));
#7602 = ADVANCED_FACE('',(#7603),#7614,.F.);
#7603 = FACE_BOUND('',#7604,.T.);
#7604 = EDGE_LOOP('',(#7605,#7606,#7612,#7613));
#7605 = ORIENTED_EDGE('',*,*,#4617,.T.);
#7606 = ORIENTED_EDGE('',*,*,#7607,.T.);
#7607 = EDGE_CURVE('',#4618,#5977,#7608,.T.);
#7608 = LINE('',#7609,#7610);
#7609 = CARTESIAN_POINT('',(201.1225,-107.34,-4.6E-02));
#7610 = VECTOR('',#7611,1.);
#7611 = DIRECTION('',(0.,0.,1.));
#7612 = ORIENTED_EDGE('',*,*,#5976,.F.);
#7613 = ORIENTED_EDGE('',*,*,#7607,.F.);
#7614 = CYLINDRICAL_SURFACE('',#7615,0.385);
#7615 = AXIS2_PLACEMENT_3D('',#7616,#7617,#7618);
#7616 = CARTESIAN_POINT('',(201.1225,-106.955,-4.6E-02));
#7617 = DIRECTION('',(-0.,-0.,-1.));
#7618 = DIRECTION('',(-0.,-1.,0.));
#7619 = ADVANCED_FACE('',(#7620),#7631,.F.);
#7620 = FACE_BOUND('',#7621,.T.);
#7621 = EDGE_LOOP('',(#7622,#7623,#7629,#7630));
#7622 = ORIENTED_EDGE('',*,*,#4628,.T.);
#7623 = ORIENTED_EDGE('',*,*,#7624,.T.);
#7624 = EDGE_CURVE('',#4629,#5988,#7625,.T.);
#7625 = LINE('',#7626,#7627);
#7626 = CARTESIAN_POINT('',(106.8975,-98.21,-4.6E-02));
#7627 = VECTOR('',#7628,1.);
#7628 = DIRECTION('',(0.,0.,1.));
#7629 = ORIENTED_EDGE('',*,*,#5987,.F.);
#7630 = ORIENTED_EDGE('',*,*,#7624,.F.);
#7631 = CYLINDRICAL_SURFACE('',#7632,0.4);
#7632 = AXIS2_PLACEMENT_3D('',#7633,#7634,#7635);
#7633 = CARTESIAN_POINT('',(106.8975,-97.81,-4.6E-02));
#7634 = DIRECTION('',(-0.,-0.,-1.));
#7635 = DIRECTION('',(-3.552713678801E-14,-1.,0.));
#7636 = ADVANCED_FACE('',(#7637),#7648,.F.);
#7637 = FACE_BOUND('',#7638,.T.);
#7638 = EDGE_LOOP('',(#7639,#7640,#7646,#7647));
#7639 = ORIENTED_EDGE('',*,*,#4639,.T.);
#7640 = ORIENTED_EDGE('',*,*,#7641,.T.);
#7641 = EDGE_CURVE('',#4640,#5999,#7642,.T.);
#7642 = LINE('',#7643,#7644);
#7643 = CARTESIAN_POINT('',(109.4375,-98.21,-4.6E-02));
#7644 = VECTOR('',#7645,1.);
#7645 = DIRECTION('',(0.,0.,1.));
#7646 = ORIENTED_EDGE('',*,*,#5998,.F.);
#7647 = ORIENTED_EDGE('',*,*,#7641,.F.);
#7648 = CYLINDRICAL_SURFACE('',#7649,0.4);
#7649 = AXIS2_PLACEMENT_3D('',#7650,#7651,#7652);
#7650 = CARTESIAN_POINT('',(109.4375,-97.81,-4.6E-02));
#7651 = DIRECTION('',(-0.,-0.,-1.));
#7652 = DIRECTION('',(-0.,-1.,0.));
#7653 = ADVANCED_FACE('',(#7654),#7665,.F.);
#7654 = FACE_BOUND('',#7655,.T.);
#7655 = EDGE_LOOP('',(#7656,#7657,#7663,#7664));
#7656 = ORIENTED_EDGE('',*,*,#4650,.T.);
#7657 = ORIENTED_EDGE('',*,*,#7658,.T.);
#7658 = EDGE_CURVE('',#4651,#6010,#7659,.T.);
#7659 = LINE('',#7660,#7661);
#7660 = CARTESIAN_POINT('',(111.9775,-98.21,-4.6E-02));
#7661 = VECTOR('',#7662,1.);
#7662 = DIRECTION('',(0.,0.,1.));
#7663 = ORIENTED_EDGE('',*,*,#6009,.F.);
#7664 = ORIENTED_EDGE('',*,*,#7658,.F.);
#7665 = CYLINDRICAL_SURFACE('',#7666,0.4);
#7666 = AXIS2_PLACEMENT_3D('',#7667,#7668,#7669);
#7667 = CARTESIAN_POINT('',(111.9775,-97.81,-4.6E-02));
#7668 = DIRECTION('',(-0.,0.,-1.));
#7669 = DIRECTION('',(3.5527136788E-14,-1.,-0.));
#7670 = ADVANCED_FACE('',(#7671),#7682,.F.);
#7671 = FACE_BOUND('',#7672,.T.);
#7672 = EDGE_LOOP('',(#7673,#7674,#7680,#7681));
#7673 = ORIENTED_EDGE('',*,*,#4661,.T.);
#7674 = ORIENTED_EDGE('',*,*,#7675,.T.);
#7675 = EDGE_CURVE('',#4662,#6021,#7676,.T.);
#7676 = LINE('',#7677,#7678);
#7677 = CARTESIAN_POINT('',(114.5175,-98.21,-4.6E-02));
#7678 = VECTOR('',#7679,1.);
#7679 = DIRECTION('',(0.,0.,1.));
#7680 = ORIENTED_EDGE('',*,*,#6020,.F.);
#7681 = ORIENTED_EDGE('',*,*,#7675,.F.);
#7682 = CYLINDRICAL_SURFACE('',#7683,0.4);
#7683 = AXIS2_PLACEMENT_3D('',#7684,#7685,#7686);
#7684 = CARTESIAN_POINT('',(114.5175,-97.81,-4.6E-02));
#7685 = DIRECTION('',(-0.,-0.,-1.));
#7686 = DIRECTION('',(-3.552713678801E-14,-1.,0.));
#7687 = ADVANCED_FACE('',(#7688),#7699,.F.);
#7688 = FACE_BOUND('',#7689,.T.);
#7689 = EDGE_LOOP('',(#7690,#7691,#7697,#7698));
#7690 = ORIENTED_EDGE('',*,*,#4672,.T.);
#7691 = ORIENTED_EDGE('',*,*,#7692,.T.);
#7692 = EDGE_CURVE('',#4673,#6032,#7693,.T.);
#7693 = LINE('',#7694,#7695);
#7694 = CARTESIAN_POINT('',(117.0575,-98.21,-4.6E-02));
#7695 = VECTOR('',#7696,1.);
#7696 = DIRECTION('',(0.,0.,1.));
#7697 = ORIENTED_EDGE('',*,*,#6031,.F.);
#7698 = ORIENTED_EDGE('',*,*,#7692,.F.);
#7699 = CYLINDRICAL_SURFACE('',#7700,0.4);
#7700 = AXIS2_PLACEMENT_3D('',#7701,#7702,#7703);
#7701 = CARTESIAN_POINT('',(117.0575,-97.81,-4.6E-02));
#7702 = DIRECTION('',(-0.,-0.,-1.));
#7703 = DIRECTION('',(-0.,-1.,0.));
#7704 = ADVANCED_FACE('',(#7705),#7716,.F.);
#7705 = FACE_BOUND('',#7706,.T.);
#7706 = EDGE_LOOP('',(#7707,#7708,#7714,#7715));
#7707 = ORIENTED_EDGE('',*,*,#4683,.T.);
#7708 = ORIENTED_EDGE('',*,*,#7709,.T.);
#7709 = EDGE_CURVE('',#4684,#6043,#7710,.T.);
#7710 = LINE('',#7711,#7712);
#7711 = CARTESIAN_POINT('',(119.5975,-98.21,-4.6E-02));
#7712 = VECTOR('',#7713,1.);
#7713 = DIRECTION('',(0.,0.,1.));
#7714 = ORIENTED_EDGE('',*,*,#6042,.F.);
#7715 = ORIENTED_EDGE('',*,*,#7709,.F.);
#7716 = CYLINDRICAL_SURFACE('',#7717,0.4);
#7717 = AXIS2_PLACEMENT_3D('',#7718,#7719,#7720);
#7718 = CARTESIAN_POINT('',(119.5975,-97.81,-4.6E-02));
#7719 = DIRECTION('',(-0.,-0.,-1.));
#7720 = DIRECTION('',(-0.,-1.,0.));
#7721 = ADVANCED_FACE('',(#7722),#7733,.F.);
#7722 = FACE_BOUND('',#7723,.T.);
#7723 = EDGE_LOOP('',(#7724,#7725,#7731,#7732));
#7724 = ORIENTED_EDGE('',*,*,#4694,.T.);
#7725 = ORIENTED_EDGE('',*,*,#7726,.T.);
#7726 = EDGE_CURVE('',#4695,#6054,#7727,.T.);
#7727 = LINE('',#7728,#7729);
#7728 = CARTESIAN_POINT('',(122.1375,-98.21,-4.6E-02));
#7729 = VECTOR('',#7730,1.);
#7730 = DIRECTION('',(0.,0.,1.));
#7731 = ORIENTED_EDGE('',*,*,#6053,.F.);
#7732 = ORIENTED_EDGE('',*,*,#7726,.F.);
#7733 = CYLINDRICAL_SURFACE('',#7734,0.4);
#7734 = AXIS2_PLACEMENT_3D('',#7735,#7736,#7737);
#7735 = CARTESIAN_POINT('',(122.1375,-97.81,-4.6E-02));
#7736 = DIRECTION('',(-0.,0.,-1.));
#7737 = DIRECTION('',(3.5527136788E-14,-1.,-0.));
#7738 = ADVANCED_FACE('',(#7739),#7750,.F.);
#7739 = FACE_BOUND('',#7740,.T.);
#7740 = EDGE_LOOP('',(#7741,#7742,#7748,#7749));
#7741 = ORIENTED_EDGE('',*,*,#4705,.T.);
#7742 = ORIENTED_EDGE('',*,*,#7743,.T.);
#7743 = EDGE_CURVE('',#4706,#6065,#7744,.T.);
#7744 = LINE('',#7745,#7746);
#7745 = CARTESIAN_POINT('',(124.6775,-98.21,-4.6E-02));
#7746 = VECTOR('',#7747,1.);
#7747 = DIRECTION('',(0.,0.,1.));
#7748 = ORIENTED_EDGE('',*,*,#6064,.F.);
#7749 = ORIENTED_EDGE('',*,*,#7743,.F.);
#7750 = CYLINDRICAL_SURFACE('',#7751,0.4);
#7751 = AXIS2_PLACEMENT_3D('',#7752,#7753,#7754);
#7752 = CARTESIAN_POINT('',(124.6775,-97.81,-4.6E-02));
#7753 = DIRECTION('',(-0.,-0.,-1.));
#7754 = DIRECTION('',(-3.552713678801E-14,-1.,0.));
#7755 = ADVANCED_FACE('',(#7756),#7767,.F.);
#7756 = FACE_BOUND('',#7757,.T.);
#7757 = EDGE_LOOP('',(#7758,#7759,#7765,#7766));
#7758 = ORIENTED_EDGE('',*,*,#4716,.T.);
#7759 = ORIENTED_EDGE('',*,*,#7760,.T.);
#7760 = EDGE_CURVE('',#4717,#6076,#7761,.T.);
#7761 = LINE('',#7762,#7763);
#7762 = CARTESIAN_POINT('',(127.2175,-98.21,-4.6E-02));
#7763 = VECTOR('',#7764,1.);
#7764 = DIRECTION('',(0.,0.,1.));
#7765 = ORIENTED_EDGE('',*,*,#6075,.F.);
#7766 = ORIENTED_EDGE('',*,*,#7760,.F.);
#7767 = CYLINDRICAL_SURFACE('',#7768,0.4);
#7768 = AXIS2_PLACEMENT_3D('',#7769,#7770,#7771);
#7769 = CARTESIAN_POINT('',(127.2175,-97.81,-4.6E-02));
#7770 = DIRECTION('',(-0.,-0.,-1.));
#7771 = DIRECTION('',(-0.,-1.,0.));
#7772 = ADVANCED_FACE('',(#7773),#7784,.F.);
#7773 = FACE_BOUND('',#7774,.T.);
#7774 = EDGE_LOOP('',(#7775,#7776,#7782,#7783));
#7775 = ORIENTED_EDGE('',*,*,#4727,.T.);
#7776 = ORIENTED_EDGE('',*,*,#7777,.T.);
#7777 = EDGE_CURVE('',#4728,#6087,#7778,.T.);
#7778 = LINE('',#7779,#7780);
#7779 = CARTESIAN_POINT('',(129.7575,-98.21,-4.6E-02));
#7780 = VECTOR('',#7781,1.);
#7781 = DIRECTION('',(0.,0.,1.));
#7782 = ORIENTED_EDGE('',*,*,#6086,.F.);
#7783 = ORIENTED_EDGE('',*,*,#7777,.F.);
#7784 = CYLINDRICAL_SURFACE('',#7785,0.4);
#7785 = AXIS2_PLACEMENT_3D('',#7786,#7787,#7788);
#7786 = CARTESIAN_POINT('',(129.7575,-97.81,-4.6E-02));
#7787 = DIRECTION('',(-0.,-0.,-1.));
#7788 = DIRECTION('',(-0.,-1.,0.));
#7789 = ADVANCED_FACE('',(#7790),#7801,.F.);
#7790 = FACE_BOUND('',#7791,.T.);
#7791 = EDGE_LOOP('',(#7792,#7793,#7799,#7800));
#7792 = ORIENTED_EDGE('',*,*,#4738,.T.);
#7793 = ORIENTED_EDGE('',*,*,#7794,.T.);
#7794 = EDGE_CURVE('',#4739,#6098,#7795,.T.);
#7795 = LINE('',#7796,#7797);
#7796 = CARTESIAN_POINT('',(117.55,-88.375,-4.6E-02));
#7797 = VECTOR('',#7798,1.);
#7798 = DIRECTION('',(0.,0.,1.));
#7799 = ORIENTED_EDGE('',*,*,#6097,.F.);
#7800 = ORIENTED_EDGE('',*,*,#7794,.F.);
#7801 = CYLINDRICAL_SURFACE('',#7802,0.35);
#7802 = AXIS2_PLACEMENT_3D('',#7803,#7804,#7805);
#7803 = CARTESIAN_POINT('',(117.55,-88.025,-4.6E-02));
#7804 = DIRECTION('',(-0.,-0.,-1.));
#7805 = DIRECTION('',(-4.060244204344E-14,-1.,0.));
#7806 = ADVANCED_FACE('',(#7807),#7818,.F.);
#7807 = FACE_BOUND('',#7808,.T.);
#7808 = EDGE_LOOP('',(#7809,#7810,#7816,#7817));
#7809 = ORIENTED_EDGE('',*,*,#4749,.T.);
#7810 = ORIENTED_EDGE('',*,*,#7811,.T.);
#7811 = EDGE_CURVE('',#4750,#6109,#7812,.T.);
#7812 = LINE('',#7813,#7814);
#7813 = CARTESIAN_POINT('',(125.17,-88.375,-4.6E-02));
#7814 = VECTOR('',#7815,1.);
#7815 = DIRECTION('',(0.,0.,1.));
#7816 = ORIENTED_EDGE('',*,*,#6108,.F.);
#7817 = ORIENTED_EDGE('',*,*,#7811,.F.);
#7818 = CYLINDRICAL_SURFACE('',#7819,0.35);
#7819 = AXIS2_PLACEMENT_3D('',#7820,#7821,#7822);
#7820 = CARTESIAN_POINT('',(125.17,-88.025,-4.6E-02));
#7821 = DIRECTION('',(-0.,0.,-1.));
#7822 = DIRECTION('',(4.060244204343E-14,-1.,-0.));
#7823 = ADVANCED_FACE('',(#7824),#7835,.F.);
#7824 = FACE_BOUND('',#7825,.T.);
#7825 = EDGE_LOOP('',(#7826,#7827,#7833,#7834));
#7826 = ORIENTED_EDGE('',*,*,#4760,.T.);
#7827 = ORIENTED_EDGE('',*,*,#7828,.T.);
#7828 = EDGE_CURVE('',#4761,#6120,#7829,.T.);
#7829 = LINE('',#7830,#7831);
#7830 = CARTESIAN_POINT('',(132.2975,-98.21,-4.6E-02));
#7831 = VECTOR('',#7832,1.);
#7832 = DIRECTION('',(0.,0.,1.));
#7833 = ORIENTED_EDGE('',*,*,#6119,.F.);
#7834 = ORIENTED_EDGE('',*,*,#7828,.F.);
#7835 = CYLINDRICAL_SURFACE('',#7836,0.4);
#7836 = AXIS2_PLACEMENT_3D('',#7837,#7838,#7839);
#7837 = CARTESIAN_POINT('',(132.2975,-97.81,-4.6E-02));
#7838 = DIRECTION('',(-0.,-0.,-1.));
#7839 = DIRECTION('',(-0.,-1.,0.));
#7840 = ADVANCED_FACE('',(#7841),#7852,.F.);
#7841 = FACE_BOUND('',#7842,.T.);
#7842 = EDGE_LOOP('',(#7843,#7844,#7850,#7851));
#7843 = ORIENTED_EDGE('',*,*,#4771,.T.);
#7844 = ORIENTED_EDGE('',*,*,#7845,.T.);
#7845 = EDGE_CURVE('',#4772,#6131,#7846,.T.);
#7846 = LINE('',#7847,#7848);
#7847 = CARTESIAN_POINT('',(134.8375,-98.21,-4.6E-02));
#7848 = VECTOR('',#7849,1.);
#7849 = DIRECTION('',(0.,0.,1.));
#7850 = ORIENTED_EDGE('',*,*,#6130,.F.);
#7851 = ORIENTED_EDGE('',*,*,#7845,.F.);
#7852 = CYLINDRICAL_SURFACE('',#7853,0.4);
#7853 = AXIS2_PLACEMENT_3D('',#7854,#7855,#7856);
#7854 = CARTESIAN_POINT('',(134.8375,-97.81,-4.6E-02));
#7855 = DIRECTION('',(-0.,-0.,-1.));
#7856 = DIRECTION('',(-0.,-1.,0.));
#7857 = ADVANCED_FACE('',(#7858),#7869,.F.);
#7858 = FACE_BOUND('',#7859,.T.);
#7859 = EDGE_LOOP('',(#7860,#7861,#7867,#7868));
#7860 = ORIENTED_EDGE('',*,*,#4782,.T.);
#7861 = ORIENTED_EDGE('',*,*,#7862,.T.);
#7862 = EDGE_CURVE('',#4783,#6142,#7863,.T.);
#7863 = LINE('',#7864,#7865);
#7864 = CARTESIAN_POINT('',(137.3775,-98.21,-4.6E-02));
#7865 = VECTOR('',#7866,1.);
#7866 = DIRECTION('',(0.,0.,1.));
#7867 = ORIENTED_EDGE('',*,*,#6141,.F.);
#7868 = ORIENTED_EDGE('',*,*,#7862,.F.);
#7869 = CYLINDRICAL_SURFACE('',#7870,0.4);
#7870 = AXIS2_PLACEMENT_3D('',#7871,#7872,#7873);
#7871 = CARTESIAN_POINT('',(137.3775,-97.81,-4.6E-02));
#7872 = DIRECTION('',(-0.,-0.,-1.));
#7873 = DIRECTION('',(-0.,-1.,0.));
#7874 = ADVANCED_FACE('',(#7875),#7886,.F.);
#7875 = FACE_BOUND('',#7876,.T.);
#7876 = EDGE_LOOP('',(#7877,#7878,#7884,#7885));
#7877 = ORIENTED_EDGE('',*,*,#4793,.T.);
#7878 = ORIENTED_EDGE('',*,*,#7879,.T.);
#7879 = EDGE_CURVE('',#4794,#6153,#7880,.T.);
#7880 = LINE('',#7881,#7882);
#7881 = CARTESIAN_POINT('',(139.9175,-98.21,-4.6E-02));
#7882 = VECTOR('',#7883,1.);
#7883 = DIRECTION('',(0.,0.,1.));
#7884 = ORIENTED_EDGE('',*,*,#6152,.F.);
#7885 = ORIENTED_EDGE('',*,*,#7879,.F.);
#7886 = CYLINDRICAL_SURFACE('',#7887,0.4);
#7887 = AXIS2_PLACEMENT_3D('',#7888,#7889,#7890);
#7888 = CARTESIAN_POINT('',(139.9175,-97.81,-4.6E-02));
#7889 = DIRECTION('',(-0.,-0.,-1.));
#7890 = DIRECTION('',(-7.105427357601E-14,-1.,0.));
#7891 = ADVANCED_FACE('',(#7892),#7903,.F.);
#7892 = FACE_BOUND('',#7893,.T.);
#7893 = EDGE_LOOP('',(#7894,#7895,#7901,#7902));
#7894 = ORIENTED_EDGE('',*,*,#4804,.T.);
#7895 = ORIENTED_EDGE('',*,*,#7896,.T.);
#7896 = EDGE_CURVE('',#4805,#6164,#7897,.T.);
#7897 = LINE('',#7898,#7899);
#7898 = CARTESIAN_POINT('',(142.4575,-98.21,-4.6E-02));
#7899 = VECTOR('',#7900,1.);
#7900 = DIRECTION('',(0.,0.,1.));
#7901 = ORIENTED_EDGE('',*,*,#6163,.F.);
#7902 = ORIENTED_EDGE('',*,*,#7896,.F.);
#7903 = CYLINDRICAL_SURFACE('',#7904,0.4);
#7904 = AXIS2_PLACEMENT_3D('',#7905,#7906,#7907);
#7905 = CARTESIAN_POINT('',(142.4575,-97.81,-4.6E-02));
#7906 = DIRECTION('',(-0.,0.,-1.));
#7907 = DIRECTION('',(7.105427357601E-14,-1.,-0.));
#7908 = ADVANCED_FACE('',(#7909),#7920,.F.);
#7909 = FACE_BOUND('',#7910,.T.);
#7910 = EDGE_LOOP('',(#7911,#7912,#7918,#7919));
#7911 = ORIENTED_EDGE('',*,*,#4815,.T.);
#7912 = ORIENTED_EDGE('',*,*,#7913,.T.);
#7913 = EDGE_CURVE('',#4816,#6175,#7914,.T.);
#7914 = LINE('',#7915,#7916);
#7915 = CARTESIAN_POINT('',(144.9975,-98.21,-4.6E-02));
#7916 = VECTOR('',#7917,1.);
#7917 = DIRECTION('',(0.,0.,1.));
#7918 = ORIENTED_EDGE('',*,*,#6174,.F.);
#7919 = ORIENTED_EDGE('',*,*,#7913,.F.);
#7920 = CYLINDRICAL_SURFACE('',#7921,0.4);
#7921 = AXIS2_PLACEMENT_3D('',#7922,#7923,#7924);
#7922 = CARTESIAN_POINT('',(144.9975,-97.81,-4.6E-02));
#7923 = DIRECTION('',(-0.,-0.,-1.));
#7924 = DIRECTION('',(-0.,-1.,0.));
#7925 = ADVANCED_FACE('',(#7926),#7937,.F.);
#7926 = FACE_BOUND('',#7927,.T.);
#7927 = EDGE_LOOP('',(#7928,#7929,#7935,#7936));
#7928 = ORIENTED_EDGE('',*,*,#4826,.T.);
#7929 = ORIENTED_EDGE('',*,*,#7930,.T.);
#7930 = EDGE_CURVE('',#4827,#6186,#7931,.T.);
#7931 = LINE('',#7932,#7933);
#7932 = CARTESIAN_POINT('',(147.5375,-98.21,-4.6E-02));
#7933 = VECTOR('',#7934,1.);
#7934 = DIRECTION('',(0.,0.,1.));
#7935 = ORIENTED_EDGE('',*,*,#6185,.F.);
#7936 = ORIENTED_EDGE('',*,*,#7930,.F.);
#7937 = CYLINDRICAL_SURFACE('',#7938,0.4);
#7938 = AXIS2_PLACEMENT_3D('',#7939,#7940,#7941);
#7939 = CARTESIAN_POINT('',(147.5375,-97.81,-4.6E-02));
#7940 = DIRECTION('',(-0.,-0.,-1.));
#7941 = DIRECTION('',(-0.,-1.,0.));
#7942 = ADVANCED_FACE('',(#7943),#7954,.F.);
#7943 = FACE_BOUND('',#7944,.T.);
#7944 = EDGE_LOOP('',(#7945,#7946,#7952,#7953));
#7945 = ORIENTED_EDGE('',*,*,#4837,.T.);
#7946 = ORIENTED_EDGE('',*,*,#7947,.T.);
#7947 = EDGE_CURVE('',#4838,#6197,#7948,.T.);
#7948 = LINE('',#7949,#7950);
#7949 = CARTESIAN_POINT('',(150.0775,-98.21,-4.6E-02));
#7950 = VECTOR('',#7951,1.);
#7951 = DIRECTION('',(0.,0.,1.));
#7952 = ORIENTED_EDGE('',*,*,#6196,.F.);
#7953 = ORIENTED_EDGE('',*,*,#7947,.F.);
#7954 = CYLINDRICAL_SURFACE('',#7955,0.4);
#7955 = AXIS2_PLACEMENT_3D('',#7956,#7957,#7958);
#7956 = CARTESIAN_POINT('',(150.0775,-97.81,-4.6E-02));
#7957 = DIRECTION('',(-0.,-0.,-1.));
#7958 = DIRECTION('',(-0.,-1.,0.));
#7959 = ADVANCED_FACE('',(#7960),#7971,.F.);
#7960 = FACE_BOUND('',#7961,.T.);
#7961 = EDGE_LOOP('',(#7962,#7963,#7969,#7970));
#7962 = ORIENTED_EDGE('',*,*,#4848,.T.);
#7963 = ORIENTED_EDGE('',*,*,#7964,.T.);
#7964 = EDGE_CURVE('',#4849,#6208,#7965,.T.);
#7965 = LINE('',#7966,#7967);
#7966 = CARTESIAN_POINT('',(152.6175,-98.21,-4.6E-02));
#7967 = VECTOR('',#7968,1.);
#7968 = DIRECTION('',(0.,0.,1.));
#7969 = ORIENTED_EDGE('',*,*,#6207,.F.);
#7970 = ORIENTED_EDGE('',*,*,#7964,.F.);
#7971 = CYLINDRICAL_SURFACE('',#7972,0.4);
#7972 = AXIS2_PLACEMENT_3D('',#7973,#7974,#7975);
#7973 = CARTESIAN_POINT('',(152.6175,-97.81,-4.6E-02));
#7974 = DIRECTION('',(-0.,-0.,-1.));
#7975 = DIRECTION('',(-0.,-1.,0.));
#7976 = ADVANCED_FACE('',(#7977),#7988,.F.);
#7977 = FACE_BOUND('',#7978,.T.);
#7978 = EDGE_LOOP('',(#7979,#7980,#7986,#7987));
#7979 = ORIENTED_EDGE('',*,*,#4859,.T.);
#7980 = ORIENTED_EDGE('',*,*,#7981,.T.);
#7981 = EDGE_CURVE('',#4860,#6219,#7982,.T.);
#7982 = LINE('',#7983,#7984);
#7983 = CARTESIAN_POINT('',(144.22,-90.59,-4.6E-02));
#7984 = VECTOR('',#7985,1.);
#7985 = DIRECTION('',(0.,0.,1.));
#7986 = ORIENTED_EDGE('',*,*,#6218,.F.);
#7987 = ORIENTED_EDGE('',*,*,#7981,.F.);
#7988 = CYLINDRICAL_SURFACE('',#7989,0.4);
#7989 = AXIS2_PLACEMENT_3D('',#7990,#7991,#7992);
#7990 = CARTESIAN_POINT('',(144.22,-90.19,-4.6E-02));
#7991 = DIRECTION('',(-0.,-0.,-1.));
#7992 = DIRECTION('',(-0.,-1.,0.));
#7993 = ADVANCED_FACE('',(#7994),#8005,.F.);
#7994 = FACE_BOUND('',#7995,.T.);
#7995 = EDGE_LOOP('',(#7996,#7997,#8003,#8004));
#7996 = ORIENTED_EDGE('',*,*,#4870,.T.);
#7997 = ORIENTED_EDGE('',*,*,#7998,.T.);
#7998 = EDGE_CURVE('',#4871,#6230,#7999,.T.);
#7999 = LINE('',#8000,#8001);
#8000 = CARTESIAN_POINT('',(144.22,-88.59,-4.6E-02));
#8001 = VECTOR('',#8002,1.);
#8002 = DIRECTION('',(0.,0.,1.));
#8003 = ORIENTED_EDGE('',*,*,#6229,.F.);
#8004 = ORIENTED_EDGE('',*,*,#7998,.F.);
#8005 = CYLINDRICAL_SURFACE('',#8006,0.4);
#8006 = AXIS2_PLACEMENT_3D('',#8007,#8008,#8009);
#8007 = CARTESIAN_POINT('',(144.22,-88.19,-4.6E-02));
#8008 = DIRECTION('',(-0.,-0.,-1.));
#8009 = DIRECTION('',(-0.,-1.,0.));
#8010 = ADVANCED_FACE('',(#8011),#8022,.F.);
#8011 = FACE_BOUND('',#8012,.T.);
#8012 = EDGE_LOOP('',(#8013,#8014,#8020,#8021));
#8013 = ORIENTED_EDGE('',*,*,#4881,.T.);
#8014 = ORIENTED_EDGE('',*,*,#8015,.T.);
#8015 = EDGE_CURVE('',#4882,#6241,#8016,.T.);
#8016 = LINE('',#8017,#8018);
#8017 = CARTESIAN_POINT('',(117.53,-84.785,-4.6E-02));
#8018 = VECTOR('',#8019,1.);
#8019 = DIRECTION('',(0.,0.,1.));
#8020 = ORIENTED_EDGE('',*,*,#6240,.F.);
#8021 = ORIENTED_EDGE('',*,*,#8015,.F.);
#8022 = CYLINDRICAL_SURFACE('',#8023,0.35);
#8023 = AXIS2_PLACEMENT_3D('',#8024,#8025,#8026);
#8024 = CARTESIAN_POINT('',(117.53,-84.435,-4.6E-02));
#8025 = DIRECTION('',(-0.,-0.,-1.));
#8026 = DIRECTION('',(-0.,-1.,0.));
#8027 = ADVANCED_FACE('',(#8028),#8039,.F.);
#8028 = FACE_BOUND('',#8029,.T.);
#8029 = EDGE_LOOP('',(#8030,#8031,#8037,#8038));
#8030 = ORIENTED_EDGE('',*,*,#4892,.T.);
#8031 = ORIENTED_EDGE('',*,*,#8032,.T.);
#8032 = EDGE_CURVE('',#4893,#6252,#8033,.T.);
#8033 = LINE('',#8034,#8035);
#8034 = CARTESIAN_POINT('',(117.53,-81.435,-4.6E-02));
#8035 = VECTOR('',#8036,1.);
#8036 = DIRECTION('',(0.,0.,1.));
#8037 = ORIENTED_EDGE('',*,*,#6251,.F.);
#8038 = ORIENTED_EDGE('',*,*,#8032,.F.);
#8039 = CYLINDRICAL_SURFACE('',#8040,0.35);
#8040 = AXIS2_PLACEMENT_3D('',#8041,#8042,#8043);
#8041 = CARTESIAN_POINT('',(117.53,-81.085,-4.6E-02));
#8042 = DIRECTION('',(-0.,-0.,-1.));
#8043 = DIRECTION('',(-0.,-1.,0.));
#8044 = ADVANCED_FACE('',(#8045),#8056,.F.);
#8045 = FACE_BOUND('',#8046,.T.);
#8046 = EDGE_LOOP('',(#8047,#8048,#8054,#8055));
#8047 = ORIENTED_EDGE('',*,*,#4903,.T.);
#8048 = ORIENTED_EDGE('',*,*,#8049,.T.);
#8049 = EDGE_CURVE('',#4904,#6263,#8050,.T.);
#8050 = LINE('',#8051,#8052);
#8051 = CARTESIAN_POINT('',(125.15,-84.785,-4.6E-02));
#8052 = VECTOR('',#8053,1.);
#8053 = DIRECTION('',(0.,0.,1.));
#8054 = ORIENTED_EDGE('',*,*,#6262,.F.);
#8055 = ORIENTED_EDGE('',*,*,#8049,.F.);
#8056 = CYLINDRICAL_SURFACE('',#8057,0.35);
#8057 = AXIS2_PLACEMENT_3D('',#8058,#8059,#8060);
#8058 = CARTESIAN_POINT('',(125.15,-84.435,-4.6E-02));
#8059 = DIRECTION('',(-0.,-0.,-1.));
#8060 = DIRECTION('',(-0.,-1.,0.));
#8061 = ADVANCED_FACE('',(#8062),#8073,.F.);
#8062 = FACE_BOUND('',#8063,.T.);
#8063 = EDGE_LOOP('',(#8064,#8065,#8071,#8072));
#8064 = ORIENTED_EDGE('',*,*,#4914,.T.);
#8065 = ORIENTED_EDGE('',*,*,#8066,.T.);
#8066 = EDGE_CURVE('',#4915,#6274,#8067,.T.);
#8067 = LINE('',#8068,#8069);
#8068 = CARTESIAN_POINT('',(129.49,-82.587,-4.6E-02));
#8069 = VECTOR('',#8070,1.);
#8070 = DIRECTION('',(0.,0.,1.));
#8071 = ORIENTED_EDGE('',*,*,#6273,.F.);
#8072 = ORIENTED_EDGE('',*,*,#8066,.F.);
#8073 = CYLINDRICAL_SURFACE('',#8074,0.41);
#8074 = AXIS2_PLACEMENT_3D('',#8075,#8076,#8077);
#8075 = CARTESIAN_POINT('',(129.49,-82.177,-4.6E-02));
#8076 = DIRECTION('',(-0.,-0.,-1.));
#8077 = DIRECTION('',(-0.,-1.,0.));
#8078 = ADVANCED_FACE('',(#8079),#8090,.F.);
#8079 = FACE_BOUND('',#8080,.T.);
#8080 = EDGE_LOOP('',(#8081,#8082,#8088,#8089));
#8081 = ORIENTED_EDGE('',*,*,#4925,.T.);
#8082 = ORIENTED_EDGE('',*,*,#8083,.T.);
#8083 = EDGE_CURVE('',#4926,#6285,#8084,.T.);
#8084 = LINE('',#8085,#8086);
#8085 = CARTESIAN_POINT('',(125.15,-81.435,-4.6E-02));
#8086 = VECTOR('',#8087,1.);
#8087 = DIRECTION('',(0.,0.,1.));
#8088 = ORIENTED_EDGE('',*,*,#6284,.F.);
#8089 = ORIENTED_EDGE('',*,*,#8083,.F.);
#8090 = CYLINDRICAL_SURFACE('',#8091,0.35);
#8091 = AXIS2_PLACEMENT_3D('',#8092,#8093,#8094);
#8092 = CARTESIAN_POINT('',(125.15,-81.085,-4.6E-02));
#8093 = DIRECTION('',(-0.,-0.,-1.));
#8094 = DIRECTION('',(-0.,-1.,0.));
#8095 = ADVANCED_FACE('',(#8096),#8107,.F.);
#8096 = FACE_BOUND('',#8097,.T.);
#8097 = EDGE_LOOP('',(#8098,#8099,#8105,#8106));
#8098 = ORIENTED_EDGE('',*,*,#4936,.T.);
#8099 = ORIENTED_EDGE('',*,*,#8100,.T.);
#8100 = EDGE_CURVE('',#4937,#6296,#8101,.T.);
#8101 = LINE('',#8102,#8103);
#8102 = CARTESIAN_POINT('',(108.1675,-78.066,-4.6E-02));
#8103 = VECTOR('',#8104,1.);
#8104 = DIRECTION('',(0.,0.,1.));
#8105 = ORIENTED_EDGE('',*,*,#6295,.F.);
#8106 = ORIENTED_EDGE('',*,*,#8100,.F.);
#8107 = CYLINDRICAL_SURFACE('',#8108,0.576);
#8108 = AXIS2_PLACEMENT_3D('',#8109,#8110,#8111);
#8109 = CARTESIAN_POINT('',(108.1675,-77.49,-4.6E-02));
#8110 = DIRECTION('',(-0.,0.,-1.));
#8111 = DIRECTION('',(2.467162276945E-14,-1.,-0.));
#8112 = ADVANCED_FACE('',(#8113),#8124,.F.);
#8113 = FACE_BOUND('',#8114,.T.);
#8114 = EDGE_LOOP('',(#8115,#8116,#8122,#8123));
#8115 = ORIENTED_EDGE('',*,*,#4947,.T.);
#8116 = ORIENTED_EDGE('',*,*,#8117,.T.);
#8117 = EDGE_CURVE('',#4948,#6307,#8118,.T.);
#8118 = LINE('',#8119,#8120);
#8119 = CARTESIAN_POINT('',(117.53,-78.185,-4.6E-02));
#8120 = VECTOR('',#8121,1.);
#8121 = DIRECTION('',(0.,0.,1.));
#8122 = ORIENTED_EDGE('',*,*,#6306,.F.);
#8123 = ORIENTED_EDGE('',*,*,#8117,.F.);
#8124 = CYLINDRICAL_SURFACE('',#8125,0.35);
#8125 = AXIS2_PLACEMENT_3D('',#8126,#8127,#8128);
#8126 = CARTESIAN_POINT('',(117.53,-77.835,-4.6E-02));
#8127 = DIRECTION('',(-0.,-0.,-1.));
#8128 = DIRECTION('',(-0.,-1.,0.));
#8129 = ADVANCED_FACE('',(#8130),#8141,.F.);
#8130 = FACE_BOUND('',#8131,.T.);
#8131 = EDGE_LOOP('',(#8132,#8133,#8139,#8140));
#8132 = ORIENTED_EDGE('',*,*,#4958,.T.);
#8133 = ORIENTED_EDGE('',*,*,#8134,.T.);
#8134 = EDGE_CURVE('',#4959,#6318,#8135,.T.);
#8135 = LINE('',#8136,#8137);
#8136 = CARTESIAN_POINT('',(108.1675,-75.526,-4.6E-02));
#8137 = VECTOR('',#8138,1.);
#8138 = DIRECTION('',(0.,0.,1.));
#8139 = ORIENTED_EDGE('',*,*,#6317,.F.);
#8140 = ORIENTED_EDGE('',*,*,#8134,.F.);
#8141 = CYLINDRICAL_SURFACE('',#8142,0.576);
#8142 = AXIS2_PLACEMENT_3D('',#8143,#8144,#8145);
#8143 = CARTESIAN_POINT('',(108.1675,-74.95,-4.6E-02));
#8144 = DIRECTION('',(-0.,0.,-1.));
#8145 = DIRECTION('',(2.467162276945E-14,-1.,-0.));
#8146 = ADVANCED_FACE('',(#8147),#8158,.F.);
#8147 = FACE_BOUND('',#8148,.T.);
#8148 = EDGE_LOOP('',(#8149,#8150,#8156,#8157));
#8149 = ORIENTED_EDGE('',*,*,#4969,.T.);
#8150 = ORIENTED_EDGE('',*,*,#8151,.T.);
#8151 = EDGE_CURVE('',#4970,#6329,#8152,.T.);
#8152 = LINE('',#8153,#8154);
#8153 = CARTESIAN_POINT('',(117.53,-74.985,-4.6E-02));
#8154 = VECTOR('',#8155,1.);
#8155 = DIRECTION('',(0.,0.,1.));
#8156 = ORIENTED_EDGE('',*,*,#6328,.F.);
#8157 = ORIENTED_EDGE('',*,*,#8151,.F.);
#8158 = CYLINDRICAL_SURFACE('',#8159,0.35);
#8159 = AXIS2_PLACEMENT_3D('',#8160,#8161,#8162);
#8160 = CARTESIAN_POINT('',(117.53,-74.635,-4.6E-02));
#8161 = DIRECTION('',(-0.,-0.,-1.));
#8162 = DIRECTION('',(-0.,-1.,0.));
#8163 = ADVANCED_FACE('',(#8164),#8175,.F.);
#8164 = FACE_BOUND('',#8165,.T.);
#8165 = EDGE_LOOP('',(#8166,#8167,#8173,#8174));
#8166 = ORIENTED_EDGE('',*,*,#4980,.T.);
#8167 = ORIENTED_EDGE('',*,*,#8168,.T.);
#8168 = EDGE_CURVE('',#4981,#6340,#8169,.T.);
#8169 = LINE('',#8170,#8171);
#8170 = CARTESIAN_POINT('',(129.49,-80.047,-4.6E-02));
#8171 = VECTOR('',#8172,1.);
#8172 = DIRECTION('',(0.,0.,1.));
#8173 = ORIENTED_EDGE('',*,*,#6339,.F.);
#8174 = ORIENTED_EDGE('',*,*,#8168,.F.);
#8175 = CYLINDRICAL_SURFACE('',#8176,0.41);
#8176 = AXIS2_PLACEMENT_3D('',#8177,#8178,#8179);
#8177 = CARTESIAN_POINT('',(129.49,-79.637,-4.6E-02));
#8178 = DIRECTION('',(-0.,-0.,-1.));
#8179 = DIRECTION('',(-0.,-1.,0.));
#8180 = ADVANCED_FACE('',(#8181),#8192,.F.);
#8181 = FACE_BOUND('',#8182,.T.);
#8182 = EDGE_LOOP('',(#8183,#8184,#8190,#8191));
#8183 = ORIENTED_EDGE('',*,*,#4991,.T.);
#8184 = ORIENTED_EDGE('',*,*,#8185,.T.);
#8185 = EDGE_CURVE('',#4992,#6351,#8186,.T.);
#8186 = LINE('',#8187,#8188);
#8187 = CARTESIAN_POINT('',(125.15,-78.185,-4.6E-02));
#8188 = VECTOR('',#8189,1.);
#8189 = DIRECTION('',(0.,0.,1.));
#8190 = ORIENTED_EDGE('',*,*,#6350,.F.);
#8191 = ORIENTED_EDGE('',*,*,#8185,.F.);
#8192 = CYLINDRICAL_SURFACE('',#8193,0.35);
#8193 = AXIS2_PLACEMENT_3D('',#8194,#8195,#8196);
#8194 = CARTESIAN_POINT('',(125.15,-77.835,-4.6E-02));
#8195 = DIRECTION('',(-0.,-0.,-1.));
#8196 = DIRECTION('',(-0.,-1.,0.));
#8197 = ADVANCED_FACE('',(#8198),#8209,.F.);
#8198 = FACE_BOUND('',#8199,.T.);
#8199 = EDGE_LOOP('',(#8200,#8201,#8207,#8208));
#8200 = ORIENTED_EDGE('',*,*,#5002,.T.);
#8201 = ORIENTED_EDGE('',*,*,#8202,.T.);
#8202 = EDGE_CURVE('',#5003,#6362,#8203,.T.);
#8203 = LINE('',#8204,#8205);
#8204 = CARTESIAN_POINT('',(129.49,-77.507,-4.6E-02));
#8205 = VECTOR('',#8206,1.);
#8206 = DIRECTION('',(0.,0.,1.));
#8207 = ORIENTED_EDGE('',*,*,#6361,.F.);
#8208 = ORIENTED_EDGE('',*,*,#8202,.F.);
#8209 = CYLINDRICAL_SURFACE('',#8210,0.41);
#8210 = AXIS2_PLACEMENT_3D('',#8211,#8212,#8213);
#8211 = CARTESIAN_POINT('',(129.49,-77.097,-4.6E-02));
#8212 = DIRECTION('',(-0.,-0.,-1.));
#8213 = DIRECTION('',(-0.,-1.,0.));
#8214 = ADVANCED_FACE('',(#8215),#8226,.F.);
#8215 = FACE_BOUND('',#8216,.T.);
#8216 = EDGE_LOOP('',(#8217,#8218,#8224,#8225));
#8217 = ORIENTED_EDGE('',*,*,#5013,.T.);
#8218 = ORIENTED_EDGE('',*,*,#8219,.T.);
#8219 = EDGE_CURVE('',#5014,#6373,#8220,.T.);
#8220 = LINE('',#8221,#8222);
#8221 = CARTESIAN_POINT('',(125.15,-74.985,-4.6E-02));
#8222 = VECTOR('',#8223,1.);
#8223 = DIRECTION('',(0.,0.,1.));
#8224 = ORIENTED_EDGE('',*,*,#6372,.F.);
#8225 = ORIENTED_EDGE('',*,*,#8219,.F.);
#8226 = CYLINDRICAL_SURFACE('',#8227,0.35);
#8227 = AXIS2_PLACEMENT_3D('',#8228,#8229,#8230);
#8228 = CARTESIAN_POINT('',(125.15,-74.635,-4.6E-02));
#8229 = DIRECTION('',(-0.,-0.,-1.));
#8230 = DIRECTION('',(-0.,-1.,0.));
#8231 = ADVANCED_FACE('',(#8232),#8243,.F.);
#8232 = FACE_BOUND('',#8233,.T.);
#8233 = EDGE_LOOP('',(#8234,#8235,#8241,#8242));
#8234 = ORIENTED_EDGE('',*,*,#5024,.T.);
#8235 = ORIENTED_EDGE('',*,*,#8236,.T.);
#8236 = EDGE_CURVE('',#5025,#6384,#8237,.T.);
#8237 = LINE('',#8238,#8239);
#8238 = CARTESIAN_POINT('',(129.49,-74.967,-4.6E-02));
#8239 = VECTOR('',#8240,1.);
#8240 = DIRECTION('',(0.,0.,1.));
#8241 = ORIENTED_EDGE('',*,*,#6383,.F.);
#8242 = ORIENTED_EDGE('',*,*,#8236,.F.);
#8243 = CYLINDRICAL_SURFACE('',#8244,0.41);
#8244 = AXIS2_PLACEMENT_3D('',#8245,#8246,#8247);
#8245 = CARTESIAN_POINT('',(129.49,-74.557,-4.6E-02));
#8246 = DIRECTION('',(-0.,-0.,-1.));
#8247 = DIRECTION('',(-0.,-1.,0.));
#8248 = ADVANCED_FACE('',(#8249),#8260,.F.);
#8249 = FACE_BOUND('',#8250,.T.);
#8250 = EDGE_LOOP('',(#8251,#8252,#8258,#8259));
#8251 = ORIENTED_EDGE('',*,*,#5035,.T.);
#8252 = ORIENTED_EDGE('',*,*,#8253,.T.);
#8253 = EDGE_CURVE('',#5036,#6395,#8254,.T.);
#8254 = LINE('',#8255,#8256);
#8255 = CARTESIAN_POINT('',(137.36,-82.587,-4.6E-02));
#8256 = VECTOR('',#8257,1.);
#8257 = DIRECTION('',(0.,0.,1.));
#8258 = ORIENTED_EDGE('',*,*,#6394,.F.);
#8259 = ORIENTED_EDGE('',*,*,#8253,.F.);
#8260 = CYLINDRICAL_SURFACE('',#8261,0.41);
#8261 = AXIS2_PLACEMENT_3D('',#8262,#8263,#8264);
#8262 = CARTESIAN_POINT('',(137.36,-82.177,-4.6E-02));
#8263 = DIRECTION('',(-0.,-0.,-1.));
#8264 = DIRECTION('',(-0.,-1.,0.));
#8265 = ADVANCED_FACE('',(#8266),#8277,.F.);
#8266 = FACE_BOUND('',#8267,.T.);
#8267 = EDGE_LOOP('',(#8268,#8269,#8275,#8276));
#8268 = ORIENTED_EDGE('',*,*,#5046,.T.);
#8269 = ORIENTED_EDGE('',*,*,#8270,.T.);
#8270 = EDGE_CURVE('',#5047,#6406,#8271,.T.);
#8271 = LINE('',#8272,#8273);
#8272 = CARTESIAN_POINT('',(137.36,-80.047,-4.6E-02));
#8273 = VECTOR('',#8274,1.);
#8274 = DIRECTION('',(0.,0.,1.));
#8275 = ORIENTED_EDGE('',*,*,#6405,.F.);
#8276 = ORIENTED_EDGE('',*,*,#8270,.F.);
#8277 = CYLINDRICAL_SURFACE('',#8278,0.41);
#8278 = AXIS2_PLACEMENT_3D('',#8279,#8280,#8281);
#8279 = CARTESIAN_POINT('',(137.36,-79.637,-4.6E-02));
#8280 = DIRECTION('',(-0.,-0.,-1.));
#8281 = DIRECTION('',(-0.,-1.,0.));
#8282 = ADVANCED_FACE('',(#8283),#8294,.F.);
#8283 = FACE_BOUND('',#8284,.T.);
#8284 = EDGE_LOOP('',(#8285,#8286,#8292,#8293));
#8285 = ORIENTED_EDGE('',*,*,#5057,.T.);
#8286 = ORIENTED_EDGE('',*,*,#8287,.T.);
#8287 = EDGE_CURVE('',#5058,#6417,#8288,.T.);
#8288 = LINE('',#8289,#8290);
#8289 = CARTESIAN_POINT('',(141.045,-79.11,-4.6E-02));
#8290 = VECTOR('',#8291,1.);
#8291 = DIRECTION('',(0.,0.,1.));
#8292 = ORIENTED_EDGE('',*,*,#6416,.F.);
#8293 = ORIENTED_EDGE('',*,*,#8287,.F.);
#8294 = CYLINDRICAL_SURFACE('',#8295,0.35);
#8295 = AXIS2_PLACEMENT_3D('',#8296,#8297,#8298);
#8296 = CARTESIAN_POINT('',(141.045,-78.76,-4.6E-02));
#8297 = DIRECTION('',(-0.,-0.,-1.));
#8298 = DIRECTION('',(-8.120488408687E-14,-1.,0.));
#8299 = ADVANCED_FACE('',(#8300),#8311,.F.);
#8300 = FACE_BOUND('',#8301,.T.);
#8301 = EDGE_LOOP('',(#8302,#8303,#8309,#8310));
#8302 = ORIENTED_EDGE('',*,*,#5068,.T.);
#8303 = ORIENTED_EDGE('',*,*,#8304,.T.);
#8304 = EDGE_CURVE('',#5069,#6428,#8305,.T.);
#8305 = LINE('',#8306,#8307);
#8306 = CARTESIAN_POINT('',(137.36,-77.507,-4.6E-02));
#8307 = VECTOR('',#8308,1.);
#8308 = DIRECTION('',(0.,0.,1.));
#8309 = ORIENTED_EDGE('',*,*,#6427,.F.);
#8310 = ORIENTED_EDGE('',*,*,#8304,.F.);
#8311 = CYLINDRICAL_SURFACE('',#8312,0.41);
#8312 = AXIS2_PLACEMENT_3D('',#8313,#8314,#8315);
#8313 = CARTESIAN_POINT('',(137.36,-77.097,-4.6E-02));
#8314 = DIRECTION('',(-0.,-0.,-1.));
#8315 = DIRECTION('',(-0.,-1.,0.));
#8316 = ADVANCED_FACE('',(#8317),#8328,.F.);
#8317 = FACE_BOUND('',#8318,.T.);
#8318 = EDGE_LOOP('',(#8319,#8320,#8326,#8327));
#8319 = ORIENTED_EDGE('',*,*,#5079,.T.);
#8320 = ORIENTED_EDGE('',*,*,#8321,.T.);
#8321 = EDGE_CURVE('',#5080,#6439,#8322,.T.);
#8322 = LINE('',#8323,#8324);
#8323 = CARTESIAN_POINT('',(137.36,-74.967,-4.6E-02));
#8324 = VECTOR('',#8325,1.);
#8325 = DIRECTION('',(0.,0.,1.));
#8326 = ORIENTED_EDGE('',*,*,#6438,.F.);
#8327 = ORIENTED_EDGE('',*,*,#8321,.F.);
#8328 = CYLINDRICAL_SURFACE('',#8329,0.41);
#8329 = AXIS2_PLACEMENT_3D('',#8330,#8331,#8332);
#8330 = CARTESIAN_POINT('',(137.36,-74.557,-4.6E-02));
#8331 = DIRECTION('',(-0.,-0.,-1.));
#8332 = DIRECTION('',(-0.,-1.,0.));
#8333 = ADVANCED_FACE('',(#8334),#8345,.F.);
#8334 = FACE_BOUND('',#8335,.T.);
#8335 = EDGE_LOOP('',(#8336,#8337,#8343,#8344));
#8336 = ORIENTED_EDGE('',*,*,#5090,.T.);
#8337 = ORIENTED_EDGE('',*,*,#8338,.T.);
#8338 = EDGE_CURVE('',#5091,#6450,#8339,.T.);
#8339 = LINE('',#8340,#8341);
#8340 = CARTESIAN_POINT('',(148.665,-79.11,-4.6E-02));
#8341 = VECTOR('',#8342,1.);
#8342 = DIRECTION('',(0.,0.,1.));
#8343 = ORIENTED_EDGE('',*,*,#6449,.F.);
#8344 = ORIENTED_EDGE('',*,*,#8338,.F.);
#8345 = CYLINDRICAL_SURFACE('',#8346,0.35);
#8346 = AXIS2_PLACEMENT_3D('',#8347,#8348,#8349);
#8347 = CARTESIAN_POINT('',(148.665,-78.76,-4.6E-02));
#8348 = DIRECTION('',(-0.,-0.,-1.));
#8349 = DIRECTION('',(-0.,-1.,0.));
#8350 = ADVANCED_FACE('',(#8351),#8362,.F.);
#8351 = FACE_BOUND('',#8352,.T.);
#8352 = EDGE_LOOP('',(#8353,#8354,#8360,#8361));
#8353 = ORIENTED_EDGE('',*,*,#5101,.T.);
#8354 = ORIENTED_EDGE('',*,*,#8355,.T.);
#8355 = EDGE_CURVE('',#5102,#6461,#8356,.T.);
#8356 = LINE('',#8357,#8358);
#8357 = CARTESIAN_POINT('',(168.1225,-91.81,-4.6E-02));
#8358 = VECTOR('',#8359,1.);
#8359 = DIRECTION('',(0.,0.,1.));
#8360 = ORIENTED_EDGE('',*,*,#6460,.F.);
#8361 = ORIENTED_EDGE('',*,*,#8355,.F.);
#8362 = CYLINDRICAL_SURFACE('',#8363,0.35);
#8363 = AXIS2_PLACEMENT_3D('',#8364,#8365,#8366);
#8364 = CARTESIAN_POINT('',(168.1225,-91.46,-4.6E-02));
#8365 = DIRECTION('',(-0.,-0.,-1.));
#8366 = DIRECTION('',(-0.,-1.,0.));
#8367 = ADVANCED_FACE('',(#8368),#8379,.F.);
#8368 = FACE_BOUND('',#8369,.T.);
#8369 = EDGE_LOOP('',(#8370,#8371,#8377,#8378));
#8370 = ORIENTED_EDGE('',*,*,#5112,.T.);
#8371 = ORIENTED_EDGE('',*,*,#8372,.T.);
#8372 = EDGE_CURVE('',#5113,#6472,#8373,.T.);
#8373 = LINE('',#8374,#8375);
#8374 = CARTESIAN_POINT('',(172.3025,-91.81,-4.6E-02));
#8375 = VECTOR('',#8376,1.);
#8376 = DIRECTION('',(0.,0.,1.));
#8377 = ORIENTED_EDGE('',*,*,#6471,.F.);
#8378 = ORIENTED_EDGE('',*,*,#8372,.F.);
#8379 = CYLINDRICAL_SURFACE('',#8380,0.35);
#8380 = AXIS2_PLACEMENT_3D('',#8381,#8382,#8383);
#8381 = CARTESIAN_POINT('',(172.3025,-91.46,-4.6E-02));
#8382 = DIRECTION('',(-0.,-0.,-1.));
#8383 = DIRECTION('',(-0.,-1.,0.));
#8384 = ADVANCED_FACE('',(#8385),#8396,.F.);
#8385 = FACE_BOUND('',#8386,.T.);
#8386 = EDGE_LOOP('',(#8387,#8388,#8394,#8395));
#8387 = ORIENTED_EDGE('',*,*,#5123,.T.);
#8388 = ORIENTED_EDGE('',*,*,#8389,.T.);
#8389 = EDGE_CURVE('',#5124,#6483,#8390,.T.);
#8390 = LINE('',#8391,#8392);
#8391 = CARTESIAN_POINT('',(176.2925,-91.81,-4.6E-02));
#8392 = VECTOR('',#8393,1.);
#8393 = DIRECTION('',(0.,0.,1.));
#8394 = ORIENTED_EDGE('',*,*,#6482,.F.);
#8395 = ORIENTED_EDGE('',*,*,#8389,.F.);
#8396 = CYLINDRICAL_SURFACE('',#8397,0.35);
#8397 = AXIS2_PLACEMENT_3D('',#8398,#8399,#8400);
#8398 = CARTESIAN_POINT('',(176.2925,-91.46,-4.6E-02));
#8399 = DIRECTION('',(-0.,-0.,-1.));
#8400 = DIRECTION('',(-8.120488408687E-14,-1.,0.));
#8401 = ADVANCED_FACE('',(#8402),#8413,.F.);
#8402 = FACE_BOUND('',#8403,.T.);
#8403 = EDGE_LOOP('',(#8404,#8405,#8411,#8412));
#8404 = ORIENTED_EDGE('',*,*,#5134,.T.);
#8405 = ORIENTED_EDGE('',*,*,#8406,.T.);
#8406 = EDGE_CURVE('',#5135,#6494,#8407,.T.);
#8407 = LINE('',#8408,#8409);
#8408 = CARTESIAN_POINT('',(185.0025,-96.255,-4.6E-02));
#8409 = VECTOR('',#8410,1.);
#8410 = DIRECTION('',(0.,0.,1.));
#8411 = ORIENTED_EDGE('',*,*,#6493,.F.);
#8412 = ORIENTED_EDGE('',*,*,#8406,.F.);
#8413 = CYLINDRICAL_SURFACE('',#8414,0.35);
#8414 = AXIS2_PLACEMENT_3D('',#8415,#8416,#8417);
#8415 = CARTESIAN_POINT('',(185.0025,-95.905,-4.6E-02));
#8416 = DIRECTION('',(-0.,-0.,-1.));
#8417 = DIRECTION('',(-0.,-1.,0.));
#8418 = ADVANCED_FACE('',(#8419),#8430,.F.);
#8419 = FACE_BOUND('',#8420,.T.);
#8420 = EDGE_LOOP('',(#8421,#8422,#8428,#8429));
#8421 = ORIENTED_EDGE('',*,*,#5145,.T.);
#8422 = ORIENTED_EDGE('',*,*,#8423,.T.);
#8423 = EDGE_CURVE('',#5146,#6505,#8424,.T.);
#8424 = LINE('',#8425,#8426);
#8425 = CARTESIAN_POINT('',(188.8125,-96.255,-4.6E-02));
#8426 = VECTOR('',#8427,1.);
#8427 = DIRECTION('',(0.,0.,1.));
#8428 = ORIENTED_EDGE('',*,*,#6504,.F.);
#8429 = ORIENTED_EDGE('',*,*,#8423,.F.);
#8430 = CYLINDRICAL_SURFACE('',#8431,0.35);
#8431 = AXIS2_PLACEMENT_3D('',#8432,#8433,#8434);
#8432 = CARTESIAN_POINT('',(188.8125,-95.905,-4.6E-02));
#8433 = DIRECTION('',(-0.,-0.,-1.));
#8434 = DIRECTION('',(-0.,-1.,0.));
#8435 = ADVANCED_FACE('',(#8436),#8447,.F.);
#8436 = FACE_BOUND('',#8437,.T.);
#8437 = EDGE_LOOP('',(#8438,#8439,#8445,#8446));
#8438 = ORIENTED_EDGE('',*,*,#5156,.T.);
#8439 = ORIENTED_EDGE('',*,*,#8440,.T.);
#8440 = EDGE_CURVE('',#5157,#6516,#8441,.T.);
#8441 = LINE('',#8442,#8443);
#8442 = CARTESIAN_POINT('',(193.38,-94.33,-4.6E-02));
#8443 = VECTOR('',#8444,1.);
#8444 = DIRECTION('',(0.,0.,1.));
#8445 = ORIENTED_EDGE('',*,*,#6515,.F.);
#8446 = ORIENTED_EDGE('',*,*,#8440,.F.);
#8447 = CYLINDRICAL_SURFACE('',#8448,0.385);
#8448 = AXIS2_PLACEMENT_3D('',#8449,#8450,#8451);
#8449 = CARTESIAN_POINT('',(193.38,-93.945,-4.6E-02));
#8450 = DIRECTION('',(-0.,-0.,-1.));
#8451 = DIRECTION('',(-0.,-1.,0.));
#8452 = ADVANCED_FACE('',(#8453),#8464,.F.);
#8453 = FACE_BOUND('',#8454,.T.);
#8454 = EDGE_LOOP('',(#8455,#8456,#8462,#8463));
#8455 = ORIENTED_EDGE('',*,*,#5167,.T.);
#8456 = ORIENTED_EDGE('',*,*,#8457,.T.);
#8457 = EDGE_CURVE('',#5168,#6527,#8458,.T.);
#8458 = LINE('',#8459,#8460);
#8459 = CARTESIAN_POINT('',(201.32,-94.33,-4.6E-02));
#8460 = VECTOR('',#8461,1.);
#8461 = DIRECTION('',(0.,0.,1.));
#8462 = ORIENTED_EDGE('',*,*,#6526,.F.);
#8463 = ORIENTED_EDGE('',*,*,#8457,.F.);
#8464 = CYLINDRICAL_SURFACE('',#8465,0.385);
#8465 = AXIS2_PLACEMENT_3D('',#8466,#8467,#8468);
#8466 = CARTESIAN_POINT('',(201.32,-93.945,-4.6E-02));
#8467 = DIRECTION('',(-0.,-0.,-1.));
#8468 = DIRECTION('',(-0.,-1.,0.));
#8469 = ADVANCED_FACE('',(#8470),#8481,.F.);
#8470 = FACE_BOUND('',#8471,.T.);
#8471 = EDGE_LOOP('',(#8472,#8473,#8479,#8480));
#8472 = ORIENTED_EDGE('',*,*,#5178,.T.);
#8473 = ORIENTED_EDGE('',*,*,#8474,.T.);
#8474 = EDGE_CURVE('',#5179,#6538,#8475,.T.);
#8475 = LINE('',#8476,#8477);
#8476 = CARTESIAN_POINT('',(185.0025,-88.635,-4.6E-02));
#8477 = VECTOR('',#8478,1.);
#8478 = DIRECTION('',(0.,0.,1.));
#8479 = ORIENTED_EDGE('',*,*,#6537,.F.);
#8480 = ORIENTED_EDGE('',*,*,#8474,.F.);
#8481 = CYLINDRICAL_SURFACE('',#8482,0.35);
#8482 = AXIS2_PLACEMENT_3D('',#8483,#8484,#8485);
#8483 = CARTESIAN_POINT('',(185.0025,-88.285,-4.6E-02));
#8484 = DIRECTION('',(-0.,-0.,-1.));
#8485 = DIRECTION('',(-0.,-1.,0.));
#8486 = ADVANCED_FACE('',(#8487),#8498,.F.);
#8487 = FACE_BOUND('',#8488,.T.);
#8488 = EDGE_LOOP('',(#8489,#8490,#8496,#8497));
#8489 = ORIENTED_EDGE('',*,*,#5189,.T.);
#8490 = ORIENTED_EDGE('',*,*,#8491,.T.);
#8491 = EDGE_CURVE('',#5190,#6549,#8492,.T.);
#8492 = LINE('',#8493,#8494);
#8493 = CARTESIAN_POINT('',(188.8125,-88.635,-4.6E-02));
#8494 = VECTOR('',#8495,1.);
#8495 = DIRECTION('',(0.,0.,1.));
#8496 = ORIENTED_EDGE('',*,*,#6548,.F.);
#8497 = ORIENTED_EDGE('',*,*,#8491,.F.);
#8498 = CYLINDRICAL_SURFACE('',#8499,0.35);
#8499 = AXIS2_PLACEMENT_3D('',#8500,#8501,#8502);
#8500 = CARTESIAN_POINT('',(188.8125,-88.285,-4.6E-02));
#8501 = DIRECTION('',(-0.,-0.,-1.));
#8502 = DIRECTION('',(-0.,-1.,0.));
#8503 = ADVANCED_FACE('',(#8504),#8515,.F.);
#8504 = FACE_BOUND('',#8505,.T.);
#8505 = EDGE_LOOP('',(#8506,#8507,#8513,#8514));
#8506 = ORIENTED_EDGE('',*,*,#5200,.T.);
#8507 = ORIENTED_EDGE('',*,*,#8508,.T.);
#8508 = EDGE_CURVE('',#5201,#6560,#8509,.T.);
#8509 = LINE('',#8510,#8511);
#8510 = CARTESIAN_POINT('',(193.38,-91.79,-4.6E-02));
#8511 = VECTOR('',#8512,1.);
#8512 = DIRECTION('',(0.,0.,1.));
#8513 = ORIENTED_EDGE('',*,*,#6559,.F.);
#8514 = ORIENTED_EDGE('',*,*,#8508,.F.);
#8515 = CYLINDRICAL_SURFACE('',#8516,0.385);
#8516 = AXIS2_PLACEMENT_3D('',#8517,#8518,#8519);
#8517 = CARTESIAN_POINT('',(193.38,-91.405,-4.6E-02));
#8518 = DIRECTION('',(-0.,-0.,-1.));
#8519 = DIRECTION('',(-0.,-1.,0.));
#8520 = ADVANCED_FACE('',(#8521),#8532,.F.);
#8521 = FACE_BOUND('',#8522,.T.);
#8522 = EDGE_LOOP('',(#8523,#8524,#8530,#8531));
#8523 = ORIENTED_EDGE('',*,*,#5211,.T.);
#8524 = ORIENTED_EDGE('',*,*,#8525,.T.);
#8525 = EDGE_CURVE('',#5212,#6571,#8526,.T.);
#8526 = LINE('',#8527,#8528);
#8527 = CARTESIAN_POINT('',(201.32,-91.79,-4.6E-02));
#8528 = VECTOR('',#8529,1.);
#8529 = DIRECTION('',(0.,0.,1.));
#8530 = ORIENTED_EDGE('',*,*,#6570,.F.);
#8531 = ORIENTED_EDGE('',*,*,#8525,.F.);
#8532 = CYLINDRICAL_SURFACE('',#8533,0.385);
#8533 = AXIS2_PLACEMENT_3D('',#8534,#8535,#8536);
#8534 = CARTESIAN_POINT('',(201.32,-91.405,-4.6E-02));
#8535 = DIRECTION('',(-0.,-0.,-1.));
#8536 = DIRECTION('',(-0.,-1.,0.));
#8537 = ADVANCED_FACE('',(#8538),#8549,.F.);
#8538 = FACE_BOUND('',#8539,.T.);
#8539 = EDGE_LOOP('',(#8540,#8541,#8547,#8548));
#8540 = ORIENTED_EDGE('',*,*,#5222,.T.);
#8541 = ORIENTED_EDGE('',*,*,#8542,.T.);
#8542 = EDGE_CURVE('',#5223,#6582,#8543,.T.);
#8543 = LINE('',#8544,#8545);
#8544 = CARTESIAN_POINT('',(193.38,-89.25,-4.6E-02));
#8545 = VECTOR('',#8546,1.);
#8546 = DIRECTION('',(0.,0.,1.));
#8547 = ORIENTED_EDGE('',*,*,#6581,.F.);
#8548 = ORIENTED_EDGE('',*,*,#8542,.F.);
#8549 = CYLINDRICAL_SURFACE('',#8550,0.385);
#8550 = AXIS2_PLACEMENT_3D('',#8551,#8552,#8553);
#8551 = CARTESIAN_POINT('',(193.38,-88.865,-4.6E-02));
#8552 = DIRECTION('',(-0.,-0.,-1.));
#8553 = DIRECTION('',(-0.,-1.,0.));
#8554 = ADVANCED_FACE('',(#8555),#8566,.F.);
#8555 = FACE_BOUND('',#8556,.T.);
#8556 = EDGE_LOOP('',(#8557,#8558,#8564,#8565));
#8557 = ORIENTED_EDGE('',*,*,#5233,.T.);
#8558 = ORIENTED_EDGE('',*,*,#8559,.T.);
#8559 = EDGE_CURVE('',#5234,#6593,#8560,.T.);
#8560 = LINE('',#8561,#8562);
#8561 = CARTESIAN_POINT('',(201.32,-89.25,-4.6E-02));
#8562 = VECTOR('',#8563,1.);
#8563 = DIRECTION('',(0.,0.,1.));
#8564 = ORIENTED_EDGE('',*,*,#6592,.F.);
#8565 = ORIENTED_EDGE('',*,*,#8559,.F.);
#8566 = CYLINDRICAL_SURFACE('',#8567,0.385);
#8567 = AXIS2_PLACEMENT_3D('',#8568,#8569,#8570);
#8568 = CARTESIAN_POINT('',(201.32,-88.865,-4.6E-02));
#8569 = DIRECTION('',(-0.,-0.,-1.));
#8570 = DIRECTION('',(-0.,-1.,0.));
#8571 = ADVANCED_FACE('',(#8572),#8583,.F.);
#8572 = FACE_BOUND('',#8573,.T.);
#8573 = EDGE_LOOP('',(#8574,#8575,#8581,#8582));
#8574 = ORIENTED_EDGE('',*,*,#5244,.T.);
#8575 = ORIENTED_EDGE('',*,*,#8576,.T.);
#8576 = EDGE_CURVE('',#5245,#6604,#8577,.T.);
#8577 = LINE('',#8578,#8579);
#8578 = CARTESIAN_POINT('',(166.177613,-84.875,-4.6E-02));
#8579 = VECTOR('',#8580,1.);
#8580 = DIRECTION('',(0.,0.,1.));
#8581 = ORIENTED_EDGE('',*,*,#6603,.F.);
#8582 = ORIENTED_EDGE('',*,*,#8576,.F.);
#8583 = CYLINDRICAL_SURFACE('',#8584,0.4);
#8584 = AXIS2_PLACEMENT_3D('',#8585,#8586,#8587);
#8585 = CARTESIAN_POINT('',(166.177613,-84.475,-4.6E-02));
#8586 = DIRECTION('',(-0.,-0.,-1.));
#8587 = DIRECTION('',(-0.,-1.,0.));
#8588 = ADVANCED_FACE('',(#8589),#8600,.F.);
#8589 = FACE_BOUND('',#8590,.T.);
#8590 = EDGE_LOOP('',(#8591,#8592,#8598,#8599));
#8591 = ORIENTED_EDGE('',*,*,#5255,.T.);
#8592 = ORIENTED_EDGE('',*,*,#8593,.T.);
#8593 = EDGE_CURVE('',#5256,#6615,#8594,.T.);
#8594 = LINE('',#8595,#8596);
#8595 = CARTESIAN_POINT('',(168.177613,-84.875,-4.6E-02));
#8596 = VECTOR('',#8597,1.);
#8597 = DIRECTION('',(0.,0.,1.));
#8598 = ORIENTED_EDGE('',*,*,#6614,.F.);
#8599 = ORIENTED_EDGE('',*,*,#8593,.F.);
#8600 = CYLINDRICAL_SURFACE('',#8601,0.4);
#8601 = AXIS2_PLACEMENT_3D('',#8602,#8603,#8604);
#8602 = CARTESIAN_POINT('',(168.177613,-84.475,-4.6E-02));
#8603 = DIRECTION('',(-0.,-0.,-1.));
#8604 = DIRECTION('',(-0.,-1.,0.));
#8605 = ADVANCED_FACE('',(#8606),#8617,.F.);
#8606 = FACE_BOUND('',#8607,.T.);
#8607 = EDGE_LOOP('',(#8608,#8609,#8615,#8616));
#8608 = ORIENTED_EDGE('',*,*,#5266,.T.);
#8609 = ORIENTED_EDGE('',*,*,#8610,.T.);
#8610 = EDGE_CURVE('',#5267,#6626,#8611,.T.);
#8611 = LINE('',#8612,#8613);
#8612 = CARTESIAN_POINT('',(177.607613,-84.875,-4.6E-02));
#8613 = VECTOR('',#8614,1.);
#8614 = DIRECTION('',(0.,0.,1.));
#8615 = ORIENTED_EDGE('',*,*,#6625,.F.);
#8616 = ORIENTED_EDGE('',*,*,#8610,.F.);
#8617 = CYLINDRICAL_SURFACE('',#8618,0.4);
#8618 = AXIS2_PLACEMENT_3D('',#8619,#8620,#8621);
#8619 = CARTESIAN_POINT('',(177.607613,-84.475,-4.6E-02));
#8620 = DIRECTION('',(-0.,-0.,-1.));
#8621 = DIRECTION('',(-7.105427357601E-14,-1.,0.));
#8622 = ADVANCED_FACE('',(#8623),#8634,.F.);
#8623 = FACE_BOUND('',#8624,.T.);
#8624 = EDGE_LOOP('',(#8625,#8626,#8632,#8633));
#8625 = ORIENTED_EDGE('',*,*,#5277,.T.);
#8626 = ORIENTED_EDGE('',*,*,#8627,.T.);
#8627 = EDGE_CURVE('',#5278,#6637,#8628,.T.);
#8628 = LINE('',#8629,#8630);
#8629 = CARTESIAN_POINT('',(163.4125,-78.59,-4.6E-02));
#8630 = VECTOR('',#8631,1.);
#8631 = DIRECTION('',(0.,0.,1.));
#8632 = ORIENTED_EDGE('',*,*,#6636,.F.);
#8633 = ORIENTED_EDGE('',*,*,#8627,.F.);
#8634 = CYLINDRICAL_SURFACE('',#8635,0.35);
#8635 = AXIS2_PLACEMENT_3D('',#8636,#8637,#8638);
#8636 = CARTESIAN_POINT('',(163.4125,-78.24,-4.6E-02));
#8637 = DIRECTION('',(-0.,-0.,-1.));
#8638 = DIRECTION('',(-0.,-1.,0.));
#8639 = ADVANCED_FACE('',(#8640),#8651,.F.);
#8640 = FACE_BOUND('',#8641,.T.);
#8641 = EDGE_LOOP('',(#8642,#8643,#8649,#8650));
#8642 = ORIENTED_EDGE('',*,*,#5288,.T.);
#8643 = ORIENTED_EDGE('',*,*,#8644,.T.);
#8644 = EDGE_CURVE('',#5289,#6648,#8645,.T.);
#8645 = LINE('',#8646,#8647);
#8646 = CARTESIAN_POINT('',(171.0325,-78.59,-4.6E-02));
#8647 = VECTOR('',#8648,1.);
#8648 = DIRECTION('',(0.,0.,1.));
#8649 = ORIENTED_EDGE('',*,*,#6647,.F.);
#8650 = ORIENTED_EDGE('',*,*,#8644,.F.);
#8651 = CYLINDRICAL_SURFACE('',#8652,0.35);
#8652 = AXIS2_PLACEMENT_3D('',#8653,#8654,#8655);
#8653 = CARTESIAN_POINT('',(171.0325,-78.24,-4.6E-02));
#8654 = DIRECTION('',(-0.,-0.,-1.));
#8655 = DIRECTION('',(-0.,-1.,0.));
#8656 = ADVANCED_FACE('',(#8657),#8668,.F.);
#8657 = FACE_BOUND('',#8658,.T.);
#8658 = EDGE_LOOP('',(#8659,#8660,#8666,#8667));
#8659 = ORIENTED_EDGE('',*,*,#5299,.T.);
#8660 = ORIENTED_EDGE('',*,*,#8661,.T.);
#8661 = EDGE_CURVE('',#5300,#6659,#8662,.T.);
#8662 = LINE('',#8663,#8664);
#8663 = CARTESIAN_POINT('',(174.8425,-78.59,-4.6E-02));
#8664 = VECTOR('',#8665,1.);
#8665 = DIRECTION('',(0.,0.,1.));
#8666 = ORIENTED_EDGE('',*,*,#6658,.F.);
#8667 = ORIENTED_EDGE('',*,*,#8661,.F.);
#8668 = CYLINDRICAL_SURFACE('',#8669,0.35);
#8669 = AXIS2_PLACEMENT_3D('',#8670,#8671,#8672);
#8670 = CARTESIAN_POINT('',(174.8425,-78.24,-4.6E-02));
#8671 = DIRECTION('',(-0.,-0.,-1.));
#8672 = DIRECTION('',(-0.,-1.,0.));
#8673 = ADVANCED_FACE('',(#8674),#8685,.F.);
#8674 = FACE_BOUND('',#8675,.T.);
#8675 = EDGE_LOOP('',(#8676,#8677,#8683,#8684));
#8676 = ORIENTED_EDGE('',*,*,#5310,.T.);
#8677 = ORIENTED_EDGE('',*,*,#8678,.T.);
#8678 = EDGE_CURVE('',#5311,#6670,#8679,.T.);
#8679 = LINE('',#8680,#8681);
#8680 = CARTESIAN_POINT('',(179.607613,-84.875,-4.6E-02));
#8681 = VECTOR('',#8682,1.);
#8682 = DIRECTION('',(0.,0.,1.));
#8683 = ORIENTED_EDGE('',*,*,#6669,.F.);
#8684 = ORIENTED_EDGE('',*,*,#8678,.F.);
#8685 = CYLINDRICAL_SURFACE('',#8686,0.4);
#8686 = AXIS2_PLACEMENT_3D('',#8687,#8688,#8689);
#8687 = CARTESIAN_POINT('',(179.607613,-84.475,-4.6E-02));
#8688 = DIRECTION('',(-0.,-0.,-1.));
#8689 = DIRECTION('',(-7.105427357601E-14,-1.,0.));
#8690 = ADVANCED_FACE('',(#8691),#8702,.F.);
#8691 = FACE_BOUND('',#8692,.T.);
#8692 = EDGE_LOOP('',(#8693,#8694,#8700,#8701));
#8693 = ORIENTED_EDGE('',*,*,#5321,.T.);
#8694 = ORIENTED_EDGE('',*,*,#8695,.T.);
#8695 = EDGE_CURVE('',#5322,#6681,#8696,.T.);
#8696 = LINE('',#8697,#8698);
#8697 = CARTESIAN_POINT('',(185.34,-86.08,-4.6E-02));
#8698 = VECTOR('',#8699,1.);
#8699 = DIRECTION('',(0.,0.,1.));
#8700 = ORIENTED_EDGE('',*,*,#6680,.F.);
#8701 = ORIENTED_EDGE('',*,*,#8695,.F.);
#8702 = CYLINDRICAL_SURFACE('',#8703,0.35);
#8703 = AXIS2_PLACEMENT_3D('',#8704,#8705,#8706);
#8704 = CARTESIAN_POINT('',(185.34,-85.73,-4.6E-02));
#8705 = DIRECTION('',(-0.,-0.,-1.));
#8706 = DIRECTION('',(-0.,-1.,0.));
#8707 = ADVANCED_FACE('',(#8708),#8719,.F.);
#8708 = FACE_BOUND('',#8709,.T.);
#8709 = EDGE_LOOP('',(#8710,#8711,#8717,#8718));
#8710 = ORIENTED_EDGE('',*,*,#5332,.T.);
#8711 = ORIENTED_EDGE('',*,*,#8712,.T.);
#8712 = EDGE_CURVE('',#5333,#6692,#8713,.T.);
#8713 = LINE('',#8714,#8715);
#8714 = CARTESIAN_POINT('',(189.15,-86.08,-4.6E-02));
#8715 = VECTOR('',#8716,1.);
#8716 = DIRECTION('',(0.,0.,1.));
#8717 = ORIENTED_EDGE('',*,*,#6691,.F.);
#8718 = ORIENTED_EDGE('',*,*,#8712,.F.);
#8719 = CYLINDRICAL_SURFACE('',#8720,0.35);
#8720 = AXIS2_PLACEMENT_3D('',#8721,#8722,#8723);
#8721 = CARTESIAN_POINT('',(189.15,-85.73,-4.6E-02));
#8722 = DIRECTION('',(-0.,-0.,-1.));
#8723 = DIRECTION('',(-0.,-1.,0.));
#8724 = ADVANCED_FACE('',(#8725),#8736,.F.);
#8725 = FACE_BOUND('',#8726,.T.);
#8726 = EDGE_LOOP('',(#8727,#8728,#8734,#8735));
#8727 = ORIENTED_EDGE('',*,*,#5343,.T.);
#8728 = ORIENTED_EDGE('',*,*,#8729,.T.);
#8729 = EDGE_CURVE('',#5344,#6703,#8730,.T.);
#8730 = LINE('',#8731,#8732);
#8731 = CARTESIAN_POINT('',(193.38,-86.71,-4.6E-02));
#8732 = VECTOR('',#8733,1.);
#8733 = DIRECTION('',(0.,0.,1.));
#8734 = ORIENTED_EDGE('',*,*,#6702,.F.);
#8735 = ORIENTED_EDGE('',*,*,#8729,.F.);
#8736 = CYLINDRICAL_SURFACE('',#8737,0.385);
#8737 = AXIS2_PLACEMENT_3D('',#8738,#8739,#8740);
#8738 = CARTESIAN_POINT('',(193.38,-86.325,-4.6E-02));
#8739 = DIRECTION('',(-0.,-0.,-1.));
#8740 = DIRECTION('',(-0.,-1.,0.));
#8741 = ADVANCED_FACE('',(#8742),#8753,.F.);
#8742 = FACE_BOUND('',#8743,.T.);
#8743 = EDGE_LOOP('',(#8744,#8745,#8751,#8752));
#8744 = ORIENTED_EDGE('',*,*,#5354,.T.);
#8745 = ORIENTED_EDGE('',*,*,#8746,.T.);
#8746 = EDGE_CURVE('',#5355,#6714,#8747,.T.);
#8747 = LINE('',#8748,#8749);
#8748 = CARTESIAN_POINT('',(193.38,-84.17,-4.6E-02));
#8749 = VECTOR('',#8750,1.);
#8750 = DIRECTION('',(0.,0.,1.));
#8751 = ORIENTED_EDGE('',*,*,#6713,.F.);
#8752 = ORIENTED_EDGE('',*,*,#8746,.F.);
#8753 = CYLINDRICAL_SURFACE('',#8754,0.385);
#8754 = AXIS2_PLACEMENT_3D('',#8755,#8756,#8757);
#8755 = CARTESIAN_POINT('',(193.38,-83.785,-4.6E-02));
#8756 = DIRECTION('',(-0.,-0.,-1.));
#8757 = DIRECTION('',(-0.,-1.,0.));
#8758 = ADVANCED_FACE('',(#8759),#8770,.F.);
#8759 = FACE_BOUND('',#8760,.T.);
#8760 = EDGE_LOOP('',(#8761,#8762,#8768,#8769));
#8761 = ORIENTED_EDGE('',*,*,#5365,.T.);
#8762 = ORIENTED_EDGE('',*,*,#8763,.T.);
#8763 = EDGE_CURVE('',#5366,#6725,#8764,.T.);
#8764 = LINE('',#8765,#8766);
#8765 = CARTESIAN_POINT('',(201.32,-86.71,-4.6E-02));
#8766 = VECTOR('',#8767,1.);
#8767 = DIRECTION('',(0.,0.,1.));
#8768 = ORIENTED_EDGE('',*,*,#6724,.F.);
#8769 = ORIENTED_EDGE('',*,*,#8763,.F.);
#8770 = CYLINDRICAL_SURFACE('',#8771,0.385);
#8771 = AXIS2_PLACEMENT_3D('',#8772,#8773,#8774);
#8772 = CARTESIAN_POINT('',(201.32,-86.325,-4.6E-02));
#8773 = DIRECTION('',(-0.,-0.,-1.));
#8774 = DIRECTION('',(-0.,-1.,0.));
#8775 = ADVANCED_FACE('',(#8776),#8787,.F.);
#8776 = FACE_BOUND('',#8777,.T.);
#8777 = EDGE_LOOP('',(#8778,#8779,#8785,#8786));
#8778 = ORIENTED_EDGE('',*,*,#5376,.T.);
#8779 = ORIENTED_EDGE('',*,*,#8780,.T.);
#8780 = EDGE_CURVE('',#5377,#6736,#8781,.T.);
#8781 = LINE('',#8782,#8783);
#8782 = CARTESIAN_POINT('',(201.32,-84.17,-4.6E-02));
#8783 = VECTOR('',#8784,1.);
#8784 = DIRECTION('',(0.,0.,1.));
#8785 = ORIENTED_EDGE('',*,*,#6735,.F.);
#8786 = ORIENTED_EDGE('',*,*,#8780,.F.);
#8787 = CYLINDRICAL_SURFACE('',#8788,0.385);
#8788 = AXIS2_PLACEMENT_3D('',#8789,#8790,#8791);
#8789 = CARTESIAN_POINT('',(201.32,-83.785,-4.6E-02));
#8790 = DIRECTION('',(-0.,-0.,-1.));
#8791 = DIRECTION('',(-0.,-1.,0.));
#8792 = ADVANCED_FACE('',(#8793),#8804,.F.);
#8793 = FACE_BOUND('',#8794,.T.);
#8794 = EDGE_LOOP('',(#8795,#8796,#8802,#8803));
#8795 = ORIENTED_EDGE('',*,*,#5387,.T.);
#8796 = ORIENTED_EDGE('',*,*,#8797,.T.);
#8797 = EDGE_CURVE('',#5388,#6747,#8798,.T.);
#8798 = LINE('',#8799,#8800);
#8799 = CARTESIAN_POINT('',(193.38,-81.63,-4.6E-02));
#8800 = VECTOR('',#8801,1.);
#8801 = DIRECTION('',(0.,0.,1.));
#8802 = ORIENTED_EDGE('',*,*,#6746,.F.);
#8803 = ORIENTED_EDGE('',*,*,#8797,.F.);
#8804 = CYLINDRICAL_SURFACE('',#8805,0.385);
#8805 = AXIS2_PLACEMENT_3D('',#8806,#8807,#8808);
#8806 = CARTESIAN_POINT('',(193.38,-81.245,-4.6E-02));
#8807 = DIRECTION('',(-0.,-0.,-1.));
#8808 = DIRECTION('',(-0.,-1.,0.));
#8809 = ADVANCED_FACE('',(#8810),#8821,.F.);
#8810 = FACE_BOUND('',#8811,.T.);
#8811 = EDGE_LOOP('',(#8812,#8813,#8819,#8820));
#8812 = ORIENTED_EDGE('',*,*,#5398,.T.);
#8813 = ORIENTED_EDGE('',*,*,#8814,.T.);
#8814 = EDGE_CURVE('',#5399,#6758,#8815,.T.);
#8815 = LINE('',#8816,#8817);
#8816 = CARTESIAN_POINT('',(201.32,-81.63,-4.6E-02));
#8817 = VECTOR('',#8818,1.);
#8818 = DIRECTION('',(0.,0.,1.));
#8819 = ORIENTED_EDGE('',*,*,#6757,.F.);
#8820 = ORIENTED_EDGE('',*,*,#8814,.F.);
#8821 = CYLINDRICAL_SURFACE('',#8822,0.385);
#8822 = AXIS2_PLACEMENT_3D('',#8823,#8824,#8825);
#8823 = CARTESIAN_POINT('',(201.32,-81.245,-4.6E-02));
#8824 = DIRECTION('',(-0.,-0.,-1.));
#8825 = DIRECTION('',(-0.,-1.,0.));
#8826 = ADVANCED_FACE('',(#8827),#8838,.F.);
#8827 = FACE_BOUND('',#8828,.T.);
#8828 = EDGE_LOOP('',(#8829,#8830,#8836,#8837));
#8829 = ORIENTED_EDGE('',*,*,#5409,.T.);
#8830 = ORIENTED_EDGE('',*,*,#8831,.T.);
#8831 = EDGE_CURVE('',#5410,#6769,#8832,.T.);
#8832 = LINE('',#8833,#8834);
#8833 = CARTESIAN_POINT('',(182.4625,-78.59,-4.6E-02));
#8834 = VECTOR('',#8835,1.);
#8835 = DIRECTION('',(0.,0.,1.));
#8836 = ORIENTED_EDGE('',*,*,#6768,.F.);
#8837 = ORIENTED_EDGE('',*,*,#8831,.F.);
#8838 = CYLINDRICAL_SURFACE('',#8839,0.35);
#8839 = AXIS2_PLACEMENT_3D('',#8840,#8841,#8842);
#8840 = CARTESIAN_POINT('',(182.4625,-78.24,-4.6E-02));
#8841 = DIRECTION('',(-0.,-0.,-1.));
#8842 = DIRECTION('',(-0.,-1.,0.));
#8843 = ADVANCED_FACE('',(#8844),#8855,.F.);
#8844 = FACE_BOUND('',#8845,.T.);
#8845 = EDGE_LOOP('',(#8846,#8847,#8853,#8854));
#8846 = ORIENTED_EDGE('',*,*,#5420,.T.);
#8847 = ORIENTED_EDGE('',*,*,#8848,.T.);
#8848 = EDGE_CURVE('',#5421,#6780,#8849,.T.);
#8849 = LINE('',#8850,#8851);
#8850 = CARTESIAN_POINT('',(185.34,-78.46,-4.6E-02));
#8851 = VECTOR('',#8852,1.);
#8852 = DIRECTION('',(0.,0.,1.));
#8853 = ORIENTED_EDGE('',*,*,#6779,.F.);
#8854 = ORIENTED_EDGE('',*,*,#8848,.F.);
#8855 = CYLINDRICAL_SURFACE('',#8856,0.35);
#8856 = AXIS2_PLACEMENT_3D('',#8857,#8858,#8859);
#8857 = CARTESIAN_POINT('',(185.34,-78.11,-4.6E-02));
#8858 = DIRECTION('',(-0.,-0.,-1.));
#8859 = DIRECTION('',(-0.,-1.,0.));
#8860 = ADVANCED_FACE('',(#8861),#8872,.F.);
#8861 = FACE_BOUND('',#8862,.T.);
#8862 = EDGE_LOOP('',(#8863,#8864,#8870,#8871));
#8863 = ORIENTED_EDGE('',*,*,#5431,.T.);
#8864 = ORIENTED_EDGE('',*,*,#8865,.T.);
#8865 = EDGE_CURVE('',#5432,#6791,#8866,.T.);
#8866 = LINE('',#8867,#8868);
#8867 = CARTESIAN_POINT('',(189.15,-78.46,-4.6E-02));
#8868 = VECTOR('',#8869,1.);
#8869 = DIRECTION('',(0.,0.,1.));
#8870 = ORIENTED_EDGE('',*,*,#6790,.F.);
#8871 = ORIENTED_EDGE('',*,*,#8865,.F.);
#8872 = CYLINDRICAL_SURFACE('',#8873,0.35);
#8873 = AXIS2_PLACEMENT_3D('',#8874,#8875,#8876);
#8874 = CARTESIAN_POINT('',(189.15,-78.11,-4.6E-02));
#8875 = DIRECTION('',(-0.,-0.,-1.));
#8876 = DIRECTION('',(-0.,-1.,0.));
#8877 = ADVANCED_FACE('',(#8878),#8889,.F.);
#8878 = FACE_BOUND('',#8879,.T.);
#8879 = EDGE_LOOP('',(#8880,#8881,#8887,#8888));
#8880 = ORIENTED_EDGE('',*,*,#5442,.T.);
#8881 = ORIENTED_EDGE('',*,*,#8882,.T.);
#8882 = EDGE_CURVE('',#5443,#6802,#8883,.T.);
#8883 = LINE('',#8884,#8885);
#8884 = CARTESIAN_POINT('',(193.38,-79.09,-4.6E-02));
#8885 = VECTOR('',#8886,1.);
#8886 = DIRECTION('',(0.,0.,1.));
#8887 = ORIENTED_EDGE('',*,*,#6801,.F.);
#8888 = ORIENTED_EDGE('',*,*,#8882,.F.);
#8889 = CYLINDRICAL_SURFACE('',#8890,0.385);
#8890 = AXIS2_PLACEMENT_3D('',#8891,#8892,#8893);
#8891 = CARTESIAN_POINT('',(193.38,-78.705,-4.6E-02));
#8892 = DIRECTION('',(-0.,-0.,-1.));
#8893 = DIRECTION('',(-0.,-1.,0.));
#8894 = ADVANCED_FACE('',(#8895),#8906,.F.);
#8895 = FACE_BOUND('',#8896,.T.);
#8896 = EDGE_LOOP('',(#8897,#8898,#8904,#8905));
#8897 = ORIENTED_EDGE('',*,*,#5453,.T.);
#8898 = ORIENTED_EDGE('',*,*,#8899,.T.);
#8899 = EDGE_CURVE('',#5454,#6813,#8900,.T.);
#8900 = LINE('',#8901,#8902);
#8901 = CARTESIAN_POINT('',(201.32,-79.09,-4.6E-02));
#8902 = VECTOR('',#8903,1.);
#8903 = DIRECTION('',(0.,0.,1.));
#8904 = ORIENTED_EDGE('',*,*,#6812,.F.);
#8905 = ORIENTED_EDGE('',*,*,#8899,.F.);
#8906 = CYLINDRICAL_SURFACE('',#8907,0.385);
#8907 = AXIS2_PLACEMENT_3D('',#8908,#8909,#8910);
#8908 = CARTESIAN_POINT('',(201.32,-78.705,-4.6E-02));
#8909 = DIRECTION('',(-0.,-0.,-1.));
#8910 = DIRECTION('',(-0.,-1.,0.));
#8911 = ( GEOMETRIC_REPRESENTATION_CONTEXT(3) 
GLOBAL_UNCERTAINTY_ASSIGNED_CONTEXT((#8915)) 
GLOBAL_UNIT_ASSIGNED_CONTEXT((#8912,#8913,#8914)) REPRESENTATION_CONTEXT
('Context #1','3D Context with UNIT and UNCERTAINTY') );
#8912 = ( LENGTH_UNIT() NAMED_UNIT(*) SI_UNIT(.MILLI.,.METRE.) );
#8913 = ( NAMED_UNIT(*) PLANE_ANGLE_UNIT() SI_UNIT($,.RADIAN.) );
#8914 = ( NAMED_UNIT(*) SI_UNIT($,.STERADIAN.) SOLID_ANGLE_UNIT() );
#8915 = UNCERTAINTY_MEASURE_WITH_UNIT(LENGTH_MEASURE(1.E-07),#8912,
  'distance_accuracy_value','confusion accuracy');
#8916 = CONTEXT_DEPENDENT_SHAPE_REPRESENTATION(#8917,#8919);
#8917 = ( REPRESENTATION_RELATIONSHIP('','',#4002,#10) 
REPRESENTATION_RELATIONSHIP_WITH_TRANSFORMATION(#8918) 
SHAPE_REPRESENTATION_RELATIONSHIP() );
#8918 = ITEM_DEFINED_TRANSFORMATION('','',#11,#115);
#8919 = PRODUCT_DEFINITION_SHAPE('Placement','Placement of an item',
  #8920);
#8920 = NEXT_ASSEMBLY_USAGE_OCCURRENCE('26','=>[0:1:1:5]','',#5,#3997,$
  );
#8921 = PRODUCT_RELATED_PRODUCT_CATEGORY('part',$,(#3999));
#8922 = MECHANICAL_DESIGN_GEOMETRIC_PRESENTATION_REPRESENTATION('',(
    #8923),#8911);
#8923 = STYLED_ITEM('color',(#8924),#4003);
#8924 = PRESENTATION_STYLE_ASSIGNMENT((#8925));
#8925 = SURFACE_STYLE_USAGE(.BOTH.,#8926);
#8926 = SURFACE_SIDE_STYLE('',(#8927));
#8927 = SURFACE_STYLE_FILL_AREA(#8928);
#8928 = FILL_AREA_STYLE('',(#8929));
#8929 = FILL_AREA_STYLE_COLOUR('',#8930);
#8930 = COLOUR_RGB('',0.313304153717,0.484529207832,0.410020903123);
#8931 = MECHANICAL_DESIGN_GEOMETRIC_PRESENTATION_REPRESENTATION('',(
    #8932,#8940,#8947,#8954,#8961,#8968,#8976,#8983,#8990,#8997,#9004,
    #9011,#9018,#9025,#9032,#9039,#9046),#520);
#8932 = STYLED_ITEM('color',(#8933),#135);
#8933 = PRESENTATION_STYLE_ASSIGNMENT((#8934));
#8934 = SURFACE_STYLE_USAGE(.BOTH.,#8935);
#8935 = SURFACE_SIDE_STYLE('',(#8936));
#8936 = SURFACE_STYLE_FILL_AREA(#8937);
#8937 = FILL_AREA_STYLE('',(#8938));
#8938 = FILL_AREA_STYLE_COLOUR('',#8939);
#8939 = COLOUR_RGB('',0.883000012551,0.711000022565,0.492000011028);
#8940 = STYLED_ITEM('color',(#8941),#168);
#8941 = PRESENTATION_STYLE_ASSIGNMENT((#8942));
#8942 = SURFACE_STYLE_USAGE(.BOTH.,#8943);
#8943 = SURFACE_SIDE_STYLE('',(#8944));
#8944 = SURFACE_STYLE_FILL_AREA(#8945);
#8945 = FILL_AREA_STYLE('',(#8946));
#8946 = FILL_AREA_STYLE_COLOUR('',#8939);
#8947 = STYLED_ITEM('color',(#8948),#194);
#8948 = PRESENTATION_STYLE_ASSIGNMENT((#8949));
#8949 = SURFACE_STYLE_USAGE(.BOTH.,#8950);
#8950 = SURFACE_SIDE_STYLE('',(#8951));
#8951 = SURFACE_STYLE_FILL_AREA(#8952);
#8952 = FILL_AREA_STYLE('',(#8953));
#8953 = FILL_AREA_STYLE_COLOUR('',#8939);
#8954 = STYLED_ITEM('color',(#8955),#214);
#8955 = PRESENTATION_STYLE_ASSIGNMENT((#8956));
#8956 = SURFACE_STYLE_USAGE(.BOTH.,#8957);
#8957 = SURFACE_SIDE_STYLE('',(#8958));
#8958 = SURFACE_STYLE_FILL_AREA(#8959);
#8959 = FILL_AREA_STYLE('',(#8960));
#8960 = FILL_AREA_STYLE_COLOUR('',#8939);
#8961 = STYLED_ITEM('color',(#8962),#234);
#8962 = PRESENTATION_STYLE_ASSIGNMENT((#8963));
#8963 = SURFACE_STYLE_USAGE(.BOTH.,#8964);
#8964 = SURFACE_SIDE_STYLE('',(#8965));
#8965 = SURFACE_STYLE_FILL_AREA(#8966);
#8966 = FILL_AREA_STYLE('',(#8967));
#8967 = FILL_AREA_STYLE_COLOUR('',#8939);
#8968 = STYLED_ITEM('color',(#8969),#259);
#8969 = PRESENTATION_STYLE_ASSIGNMENT((#8970));
#8970 = SURFACE_STYLE_USAGE(.BOTH.,#8971);
#8971 = SURFACE_SIDE_STYLE('',(#8972));
#8972 = SURFACE_STYLE_FILL_AREA(#8973);
#8973 = FILL_AREA_STYLE('',(#8974));
#8974 = FILL_AREA_STYLE_COLOUR('',#8975);
#8975 = COLOUR_RGB('',0.823999987314,0.819999987296,0.781000009244);
#8976 = STYLED_ITEM('color',(#8977),#284);
#8977 = PRESENTATION_STYLE_ASSIGNMENT((#8978));
#8978 = SURFACE_STYLE_USAGE(.BOTH.,#8979);
#8979 = SURFACE_SIDE_STYLE('',(#8980));
#8980 = SURFACE_STYLE_FILL_AREA(#8981);
#8981 = FILL_AREA_STYLE('',(#8982));
#8982 = FILL_AREA_STYLE_COLOUR('',#8939);
#8983 = STYLED_ITEM('color',(#8984),#304);
#8984 = PRESENTATION_STYLE_ASSIGNMENT((#8985));
#8985 = SURFACE_STYLE_USAGE(.BOTH.,#8986);
#8986 = SURFACE_SIDE_STYLE('',(#8987));
#8987 = SURFACE_STYLE_FILL_AREA(#8988);
#8988 = FILL_AREA_STYLE('',(#8989));
#8989 = FILL_AREA_STYLE_COLOUR('',#8975);
#8990 = STYLED_ITEM('color',(#8991),#330);
#8991 = PRESENTATION_STYLE_ASSIGNMENT((#8992));
#8992 = SURFACE_STYLE_USAGE(.BOTH.,#8993);
#8993 = SURFACE_SIDE_STYLE('',(#8994));
#8994 = SURFACE_STYLE_FILL_AREA(#8995);
#8995 = FILL_AREA_STYLE('',(#8996));
#8996 = FILL_AREA_STYLE_COLOUR('',#8939);
#8997 = STYLED_ITEM('color',(#8998),#355);
#8998 = PRESENTATION_STYLE_ASSIGNMENT((#8999));
#8999 = SURFACE_STYLE_USAGE(.BOTH.,#9000);
#9000 = SURFACE_SIDE_STYLE('',(#9001));
#9001 = SURFACE_STYLE_FILL_AREA(#9002);
#9002 = FILL_AREA_STYLE('',(#9003));
#9003 = FILL_AREA_STYLE_COLOUR('',#8975);
#9004 = STYLED_ITEM('color',(#9005),#380);
#9005 = PRESENTATION_STYLE_ASSIGNMENT((#9006));
#9006 = SURFACE_STYLE_USAGE(.BOTH.,#9007);
#9007 = SURFACE_SIDE_STYLE('',(#9008));
#9008 = SURFACE_STYLE_FILL_AREA(#9009);
#9009 = FILL_AREA_STYLE('',(#9010));
#9010 = FILL_AREA_STYLE_COLOUR('',#8939);
#9011 = STYLED_ITEM('color',(#9012),#406);
#9012 = PRESENTATION_STYLE_ASSIGNMENT((#9013));
#9013 = SURFACE_STYLE_USAGE(.BOTH.,#9014);
#9014 = SURFACE_SIDE_STYLE('',(#9015));
#9015 = SURFACE_STYLE_FILL_AREA(#9016);
#9016 = FILL_AREA_STYLE('',(#9017));
#9017 = FILL_AREA_STYLE_COLOUR('',#8975);
#9018 = STYLED_ITEM('color',(#9019),#415);
#9019 = PRESENTATION_STYLE_ASSIGNMENT((#9020));
#9020 = SURFACE_STYLE_USAGE(.BOTH.,#9021);
#9021 = SURFACE_SIDE_STYLE('',(#9022));
#9022 = SURFACE_STYLE_FILL_AREA(#9023);
#9023 = FILL_AREA_STYLE('',(#9024));
#9024 = FILL_AREA_STYLE_COLOUR('',#8939);
#9025 = STYLED_ITEM('color',(#9026),#435);
#9026 = PRESENTATION_STYLE_ASSIGNMENT((#9027));
#9027 = SURFACE_STYLE_USAGE(.BOTH.,#9028);
#9028 = SURFACE_SIDE_STYLE('',(#9029));
#9029 = SURFACE_STYLE_FILL_AREA(#9030);
#9030 = FILL_AREA_STYLE('',(#9031));
#9031 = FILL_AREA_STYLE_COLOUR('',#8975);
#9032 = STYLED_ITEM('color',(#9033),#460);
#9033 = PRESENTATION_STYLE_ASSIGNMENT((#9034));
#9034 = SURFACE_STYLE_USAGE(.BOTH.,#9035);
#9035 = SURFACE_SIDE_STYLE('',(#9036));
#9036 = SURFACE_STYLE_FILL_AREA(#9037);
#9037 = FILL_AREA_STYLE('',(#9038));
#9038 = FILL_AREA_STYLE_COLOUR('',#8975);
#9039 = STYLED_ITEM('color',(#9040),#486);
#9040 = PRESENTATION_STYLE_ASSIGNMENT((#9041));
#9041 = SURFACE_STYLE_USAGE(.BOTH.,#9042);
#9042 = SURFACE_SIDE_STYLE('',(#9043));
#9043 = SURFACE_STYLE_FILL_AREA(#9044);
#9044 = FILL_AREA_STYLE('',(#9045));
#9045 = FILL_AREA_STYLE_COLOUR('',#8975);
#9046 = STYLED_ITEM('color',(#9047),#511);
#9047 = PRESENTATION_STYLE_ASSIGNMENT((#9048));
#9048 = SURFACE_STYLE_USAGE(.BOTH.,#9049);
#9049 = SURFACE_SIDE_STYLE('',(#9050));
#9050 = SURFACE_STYLE_FILL_AREA(#9051);
#9051 = FILL_AREA_STYLE('',(#9052));
#9052 = FILL_AREA_STYLE_COLOUR('',#8975);
#9053 = MECHANICAL_DESIGN_GEOMETRIC_PRESENTATION_REPRESENTATION('',(
    #9054,#9061,#9068,#9076,#9083,#9091,#9098,#9105,#9112,#9119,#9126,
    #9133,#9140,#9147,#9154,#9161,#9168,#9175,#9182,#9189,#9197,#9204,
    #9211,#9218,#9225,#9232,#9239,#9246,#9253,#9260,#9267,#9274,#9281,
    #9288,#9295,#9302,#9309,#9316,#9323,#9330,#9337,#9344,#9351,#9358,
    #9365,#9372,#9379,#9386,#9393),#2579);
#9054 = STYLED_ITEM('color',(#9055),#541);
#9055 = PRESENTATION_STYLE_ASSIGNMENT((#9056));
#9056 = SURFACE_STYLE_USAGE(.BOTH.,#9057);
#9057 = SURFACE_SIDE_STYLE('',(#9058));
#9058 = SURFACE_STYLE_FILL_AREA(#9059);
#9059 = FILL_AREA_STYLE('',(#9060));
#9060 = FILL_AREA_STYLE_COLOUR('',#8975);
#9061 = STYLED_ITEM('color',(#9062),#558);
#9062 = PRESENTATION_STYLE_ASSIGNMENT((#9063));
#9063 = SURFACE_STYLE_USAGE(.BOTH.,#9064);
#9064 = SURFACE_SIDE_STYLE('',(#9065));
#9065 = SURFACE_STYLE_FILL_AREA(#9066);
#9066 = FILL_AREA_STYLE('',(#9067));
#9067 = FILL_AREA_STYLE_COLOUR('',#8975);
#9068 = STYLED_ITEM('color',(#9069),#583);
#9069 = PRESENTATION_STYLE_ASSIGNMENT((#9070));
#9070 = SURFACE_STYLE_USAGE(.BOTH.,#9071);
#9071 = SURFACE_SIDE_STYLE('',(#9072));
#9072 = SURFACE_STYLE_FILL_AREA(#9073);
#9073 = FILL_AREA_STYLE('',(#9074));
#9074 = FILL_AREA_STYLE_COLOUR('',#9075);
#9075 = COLOUR_RGB('',0.136999991899,0.40200001271,0.726999997272);
#9076 = STYLED_ITEM('color',(#9077),#632);
#9077 = PRESENTATION_STYLE_ASSIGNMENT((#9078));
#9078 = SURFACE_STYLE_USAGE(.BOTH.,#9079);
#9079 = SURFACE_SIDE_STYLE('',(#9080));
#9080 = SURFACE_STYLE_FILL_AREA(#9081);
#9081 = FILL_AREA_STYLE('',(#9082));
#9082 = FILL_AREA_STYLE_COLOUR('',#9075);
#9083 = STYLED_ITEM('color',(#9084),#665);
#9084 = PRESENTATION_STYLE_ASSIGNMENT((#9085));
#9085 = SURFACE_STYLE_USAGE(.BOTH.,#9086);
#9086 = SURFACE_SIDE_STYLE('',(#9087));
#9087 = SURFACE_STYLE_FILL_AREA(#9088);
#9088 = FILL_AREA_STYLE('',(#9089));
#9089 = FILL_AREA_STYLE_COLOUR('',#9090);
#9090 = COLOUR_RGB('',0.690999977303,0.663999984767,0.597999987832);
#9091 = STYLED_ITEM('color',(#9092),#683);
#9092 = PRESENTATION_STYLE_ASSIGNMENT((#9093));
#9093 = SURFACE_STYLE_USAGE(.BOTH.,#9094);
#9094 = SURFACE_SIDE_STYLE('',(#9095));
#9095 = SURFACE_STYLE_FILL_AREA(#9096);
#9096 = FILL_AREA_STYLE('',(#9097));
#9097 = FILL_AREA_STYLE_COLOUR('',#8975);
#9098 = STYLED_ITEM('color',(#9099),#708);
#9099 = PRESENTATION_STYLE_ASSIGNMENT((#9100));
#9100 = SURFACE_STYLE_USAGE(.BOTH.,#9101);
#9101 = SURFACE_SIDE_STYLE('',(#9102));
#9102 = SURFACE_STYLE_FILL_AREA(#9103);
#9103 = FILL_AREA_STYLE('',(#9104));
#9104 = FILL_AREA_STYLE_COLOUR('',#9075);
#9105 = STYLED_ITEM('color',(#9106),#740);
#9106 = PRESENTATION_STYLE_ASSIGNMENT((#9107));
#9107 = SURFACE_STYLE_USAGE(.BOTH.,#9108);
#9108 = SURFACE_SIDE_STYLE('',(#9109));
#9109 = SURFACE_STYLE_FILL_AREA(#9110);
#9110 = FILL_AREA_STYLE('',(#9111));
#9111 = FILL_AREA_STYLE_COLOUR('',#9090);
#9112 = STYLED_ITEM('color',(#9113),#758);
#9113 = PRESENTATION_STYLE_ASSIGNMENT((#9114));
#9114 = SURFACE_STYLE_USAGE(.BOTH.,#9115);
#9115 = SURFACE_SIDE_STYLE('',(#9116));
#9116 = SURFACE_STYLE_FILL_AREA(#9117);
#9117 = FILL_AREA_STYLE('',(#9118));
#9118 = FILL_AREA_STYLE_COLOUR('',#8975);
#9119 = STYLED_ITEM('color',(#9120),#767);
#9120 = PRESENTATION_STYLE_ASSIGNMENT((#9121));
#9121 = SURFACE_STYLE_USAGE(.BOTH.,#9122);
#9122 = SURFACE_SIDE_STYLE('',(#9123));
#9123 = SURFACE_STYLE_FILL_AREA(#9124);
#9124 = FILL_AREA_STYLE('',(#9125));
#9125 = FILL_AREA_STYLE_COLOUR('',#9075);
#9126 = STYLED_ITEM('color',(#9127),#805);
#9127 = PRESENTATION_STYLE_ASSIGNMENT((#9128));
#9128 = SURFACE_STYLE_USAGE(.BOTH.,#9129);
#9129 = SURFACE_SIDE_STYLE('',(#9130));
#9130 = SURFACE_STYLE_FILL_AREA(#9131);
#9131 = FILL_AREA_STYLE('',(#9132));
#9132 = FILL_AREA_STYLE_COLOUR('',#9090);
#9133 = STYLED_ITEM('color',(#9134),#827);
#9134 = PRESENTATION_STYLE_ASSIGNMENT((#9135));
#9135 = SURFACE_STYLE_USAGE(.BOTH.,#9136);
#9136 = SURFACE_SIDE_STYLE('',(#9137));
#9137 = SURFACE_STYLE_FILL_AREA(#9138);
#9138 = FILL_AREA_STYLE('',(#9139));
#9139 = FILL_AREA_STYLE_COLOUR('',#9075);
#9140 = STYLED_ITEM('color',(#9141),#887);
#9141 = PRESENTATION_STYLE_ASSIGNMENT((#9142));
#9142 = SURFACE_STYLE_USAGE(.BOTH.,#9143);
#9143 = SURFACE_SIDE_STYLE('',(#9144));
#9144 = SURFACE_STYLE_FILL_AREA(#9145);
#9145 = FILL_AREA_STYLE('',(#9146));
#9146 = FILL_AREA_STYLE_COLOUR('',#9090);
#9147 = STYLED_ITEM('color',(#9148),#915);
#9148 = PRESENTATION_STYLE_ASSIGNMENT((#9149));
#9149 = SURFACE_STYLE_USAGE(.BOTH.,#9150);
#9150 = SURFACE_SIDE_STYLE('',(#9151));
#9151 = SURFACE_STYLE_FILL_AREA(#9152);
#9152 = FILL_AREA_STYLE('',(#9153));
#9153 = FILL_AREA_STYLE_COLOUR('',#9075);
#9154 = STYLED_ITEM('color',(#9155),#1081);
#9155 = PRESENTATION_STYLE_ASSIGNMENT((#9156));
#9156 = SURFACE_STYLE_USAGE(.BOTH.,#9157);
#9157 = SURFACE_SIDE_STYLE('',(#9158));
#9158 = SURFACE_STYLE_FILL_AREA(#9159);
#9159 = FILL_AREA_STYLE('',(#9160));
#9160 = FILL_AREA_STYLE_COLOUR('',#9090);
#9161 = STYLED_ITEM('color',(#9162),#1147);
#9162 = PRESENTATION_STYLE_ASSIGNMENT((#9163));
#9163 = SURFACE_STYLE_USAGE(.BOTH.,#9164);
#9164 = SURFACE_SIDE_STYLE('',(#9165));
#9165 = SURFACE_STYLE_FILL_AREA(#9166);
#9166 = FILL_AREA_STYLE('',(#9167));
#9167 = FILL_AREA_STYLE_COLOUR('',#9075);
#9168 = STYLED_ITEM('color',(#9169),#1213);
#9169 = PRESENTATION_STYLE_ASSIGNMENT((#9170));
#9170 = SURFACE_STYLE_USAGE(.BOTH.,#9171);
#9171 = SURFACE_SIDE_STYLE('',(#9172));
#9172 = SURFACE_STYLE_FILL_AREA(#9173);
#9173 = FILL_AREA_STYLE('',(#9174));
#9174 = FILL_AREA_STYLE_COLOUR('',#9090);
#9175 = STYLED_ITEM('color',(#9176),#1331);
#9176 = PRESENTATION_STYLE_ASSIGNMENT((#9177));
#9177 = SURFACE_STYLE_USAGE(.BOTH.,#9178);
#9178 = SURFACE_SIDE_STYLE('',(#9179));
#9179 = SURFACE_STYLE_FILL_AREA(#9180);
#9180 = FILL_AREA_STYLE('',(#9181));
#9181 = FILL_AREA_STYLE_COLOUR('',#9075);
#9182 = STYLED_ITEM('color',(#9183),#1497);
#9183 = PRESENTATION_STYLE_ASSIGNMENT((#9184));
#9184 = SURFACE_STYLE_USAGE(.BOTH.,#9185);
#9185 = SURFACE_SIDE_STYLE('',(#9186));
#9186 = SURFACE_STYLE_FILL_AREA(#9187);
#9187 = FILL_AREA_STYLE('',(#9188));
#9188 = FILL_AREA_STYLE_COLOUR('',#9090);
#9189 = STYLED_ITEM('color',(#9190),#1577);
#9190 = PRESENTATION_STYLE_ASSIGNMENT((#9191));
#9191 = SURFACE_STYLE_USAGE(.BOTH.,#9192);
#9192 = SURFACE_SIDE_STYLE('',(#9193));
#9193 = SURFACE_STYLE_FILL_AREA(#9194);
#9194 = FILL_AREA_STYLE('',(#9195));
#9195 = FILL_AREA_STYLE_COLOUR('',#9196);
#9196 = COLOUR_RGB('',0.147999998088,0.144999993226,0.144999993226);
#9197 = STYLED_ITEM('color',(#9198),#1611);
#9198 = PRESENTATION_STYLE_ASSIGNMENT((#9199));
#9199 = SURFACE_STYLE_USAGE(.BOTH.,#9200);
#9200 = SURFACE_SIDE_STYLE('',(#9201));
#9201 = SURFACE_STYLE_FILL_AREA(#9202);
#9202 = FILL_AREA_STYLE('',(#9203));
#9203 = FILL_AREA_STYLE_COLOUR('',#9090);
#9204 = STYLED_ITEM('color',(#9205),#1691);
#9205 = PRESENTATION_STYLE_ASSIGNMENT((#9206));
#9206 = SURFACE_STYLE_USAGE(.BOTH.,#9207);
#9207 = SURFACE_SIDE_STYLE('',(#9208));
#9208 = SURFACE_STYLE_FILL_AREA(#9209);
#9209 = FILL_AREA_STYLE('',(#9210));
#9210 = FILL_AREA_STYLE_COLOUR('',#9075);
#9211 = STYLED_ITEM('color',(#9212),#1723);
#9212 = PRESENTATION_STYLE_ASSIGNMENT((#9213));
#9213 = SURFACE_STYLE_USAGE(.BOTH.,#9214);
#9214 = SURFACE_SIDE_STYLE('',(#9215));
#9215 = SURFACE_STYLE_FILL_AREA(#9216);
#9216 = FILL_AREA_STYLE('',(#9217));
#9217 = FILL_AREA_STYLE_COLOUR('',#9196);
#9218 = STYLED_ITEM('color',(#9219),#1789);
#9219 = PRESENTATION_STYLE_ASSIGNMENT((#9220));
#9220 = SURFACE_STYLE_USAGE(.BOTH.,#9221);
#9221 = SURFACE_SIDE_STYLE('',(#9222));
#9222 = SURFACE_STYLE_FILL_AREA(#9223);
#9223 = FILL_AREA_STYLE('',(#9224));
#9224 = FILL_AREA_STYLE_COLOUR('',#9090);
#9225 = STYLED_ITEM('color',(#9226),#1866);
#9226 = PRESENTATION_STYLE_ASSIGNMENT((#9227));
#9227 = SURFACE_STYLE_USAGE(.BOTH.,#9228);
#9228 = SURFACE_SIDE_STYLE('',(#9229));
#9229 = SURFACE_STYLE_FILL_AREA(#9230);
#9230 = FILL_AREA_STYLE('',(#9231));
#9231 = FILL_AREA_STYLE_COLOUR('',#9075);
#9232 = STYLED_ITEM('color',(#9233),#1900);
#9233 = PRESENTATION_STYLE_ASSIGNMENT((#9234));
#9234 = SURFACE_STYLE_USAGE(.BOTH.,#9235);
#9235 = SURFACE_SIDE_STYLE('',(#9236));
#9236 = SURFACE_STYLE_FILL_AREA(#9237);
#9237 = FILL_AREA_STYLE('',(#9238));
#9238 = FILL_AREA_STYLE_COLOUR('',#9196);
#9239 = STYLED_ITEM('color',(#9240),#1915);
#9240 = PRESENTATION_STYLE_ASSIGNMENT((#9241));
#9241 = SURFACE_STYLE_USAGE(.BOTH.,#9242);
#9242 = SURFACE_SIDE_STYLE('',(#9243));
#9243 = SURFACE_STYLE_FILL_AREA(#9244);
#9244 = FILL_AREA_STYLE('',(#9245));
#9245 = FILL_AREA_STYLE_COLOUR('',#9090);
#9246 = STYLED_ITEM('color',(#9247),#1933);
#9247 = PRESENTATION_STYLE_ASSIGNMENT((#9248));
#9248 = SURFACE_STYLE_USAGE(.BOTH.,#9249);
#9249 = SURFACE_SIDE_STYLE('',(#9250));
#9250 = SURFACE_STYLE_FILL_AREA(#9251);
#9251 = FILL_AREA_STYLE('',(#9252));
#9252 = FILL_AREA_STYLE_COLOUR('',#9075);
#9253 = STYLED_ITEM('color',(#9254),#1965);
#9254 = PRESENTATION_STYLE_ASSIGNMENT((#9255));
#9255 = SURFACE_STYLE_USAGE(.BOTH.,#9256);
#9256 = SURFACE_SIDE_STYLE('',(#9257));
#9257 = SURFACE_STYLE_FILL_AREA(#9258);
#9258 = FILL_AREA_STYLE('',(#9259));
#9259 = FILL_AREA_STYLE_COLOUR('',#9090);
#9260 = STYLED_ITEM('color',(#9261),#1983);
#9261 = PRESENTATION_STYLE_ASSIGNMENT((#9262));
#9262 = SURFACE_STYLE_USAGE(.BOTH.,#9263);
#9263 = SURFACE_SIDE_STYLE('',(#9264));
#9264 = SURFACE_STYLE_FILL_AREA(#9265);
#9265 = FILL_AREA_STYLE('',(#9266));
#9266 = FILL_AREA_STYLE_COLOUR('',#9075);
#9267 = STYLED_ITEM('color',(#9268),#2126);
#9268 = PRESENTATION_STYLE_ASSIGNMENT((#9269));
#9269 = SURFACE_STYLE_USAGE(.BOTH.,#9270);
#9270 = SURFACE_SIDE_STYLE('',(#9271));
#9271 = SURFACE_STYLE_FILL_AREA(#9272);
#9272 = FILL_AREA_STYLE('',(#9273));
#9273 = FILL_AREA_STYLE_COLOUR('',#9090);
#9274 = STYLED_ITEM('color',(#9275),#2178);
#9275 = PRESENTATION_STYLE_ASSIGNMENT((#9276));
#9276 = SURFACE_STYLE_USAGE(.BOTH.,#9277);
#9277 = SURFACE_SIDE_STYLE('',(#9278));
#9278 = SURFACE_STYLE_FILL_AREA(#9279);
#9279 = FILL_AREA_STYLE('',(#9280));
#9280 = FILL_AREA_STYLE_COLOUR('',#8975);
#9281 = STYLED_ITEM('color',(#9282),#2202);
#9282 = PRESENTATION_STYLE_ASSIGNMENT((#9283));
#9283 = SURFACE_STYLE_USAGE(.BOTH.,#9284);
#9284 = SURFACE_SIDE_STYLE('',(#9285));
#9285 = SURFACE_STYLE_FILL_AREA(#9286);
#9286 = FILL_AREA_STYLE('',(#9287));
#9287 = FILL_AREA_STYLE_COLOUR('',#8975);
#9288 = STYLED_ITEM('color',(#9289),#2226);
#9289 = PRESENTATION_STYLE_ASSIGNMENT((#9290));
#9290 = SURFACE_STYLE_USAGE(.BOTH.,#9291);
#9291 = SURFACE_SIDE_STYLE('',(#9292));
#9292 = SURFACE_STYLE_FILL_AREA(#9293);
#9293 = FILL_AREA_STYLE('',(#9294));
#9294 = FILL_AREA_STYLE_COLOUR('',#8975);
#9295 = STYLED_ITEM('color',(#9296),#2250);
#9296 = PRESENTATION_STYLE_ASSIGNMENT((#9297));
#9297 = SURFACE_STYLE_USAGE(.BOTH.,#9298);
#9298 = SURFACE_SIDE_STYLE('',(#9299));
#9299 = SURFACE_STYLE_FILL_AREA(#9300);
#9300 = FILL_AREA_STYLE('',(#9301));
#9301 = FILL_AREA_STYLE_COLOUR('',#8975);
#9302 = STYLED_ITEM('color',(#9303),#2312);
#9303 = PRESENTATION_STYLE_ASSIGNMENT((#9304));
#9304 = SURFACE_STYLE_USAGE(.BOTH.,#9305);
#9305 = SURFACE_SIDE_STYLE('',(#9306));
#9306 = SURFACE_STYLE_FILL_AREA(#9307);
#9307 = FILL_AREA_STYLE('',(#9308));
#9308 = FILL_AREA_STYLE_COLOUR('',#8975);
#9309 = STYLED_ITEM('color',(#9310),#2329);
#9310 = PRESENTATION_STYLE_ASSIGNMENT((#9311));
#9311 = SURFACE_STYLE_USAGE(.BOTH.,#9312);
#9312 = SURFACE_SIDE_STYLE('',(#9313));
#9313 = SURFACE_STYLE_FILL_AREA(#9314);
#9314 = FILL_AREA_STYLE('',(#9315));
#9315 = FILL_AREA_STYLE_COLOUR('',#8975);
#9316 = STYLED_ITEM('color',(#9317),#2353);
#9317 = PRESENTATION_STYLE_ASSIGNMENT((#9318));
#9318 = SURFACE_STYLE_USAGE(.BOTH.,#9319);
#9319 = SURFACE_SIDE_STYLE('',(#9320));
#9320 = SURFACE_STYLE_FILL_AREA(#9321);
#9321 = FILL_AREA_STYLE('',(#9322));
#9322 = FILL_AREA_STYLE_COLOUR('',#8975);
#9323 = STYLED_ITEM('color',(#9324),#2369);
#9324 = PRESENTATION_STYLE_ASSIGNMENT((#9325));
#9325 = SURFACE_STYLE_USAGE(.BOTH.,#9326);
#9326 = SURFACE_SIDE_STYLE('',(#9327));
#9327 = SURFACE_STYLE_FILL_AREA(#9328);
#9328 = FILL_AREA_STYLE('',(#9329));
#9329 = FILL_AREA_STYLE_COLOUR('',#8975);
#9330 = STYLED_ITEM('color',(#9331),#2393);
#9331 = PRESENTATION_STYLE_ASSIGNMENT((#9332));
#9332 = SURFACE_STYLE_USAGE(.BOTH.,#9333);
#9333 = SURFACE_SIDE_STYLE('',(#9334));
#9334 = SURFACE_STYLE_FILL_AREA(#9335);
#9335 = FILL_AREA_STYLE('',(#9336));
#9336 = FILL_AREA_STYLE_COLOUR('',#8975);
#9337 = STYLED_ITEM('color',(#9338),#2405);
#9338 = PRESENTATION_STYLE_ASSIGNMENT((#9339));
#9339 = SURFACE_STYLE_USAGE(.BOTH.,#9340);
#9340 = SURFACE_SIDE_STYLE('',(#9341));
#9341 = SURFACE_STYLE_FILL_AREA(#9342);
#9342 = FILL_AREA_STYLE('',(#9343));
#9343 = FILL_AREA_STYLE_COLOUR('',#8975);
#9344 = STYLED_ITEM('color',(#9345),#2421);
#9345 = PRESENTATION_STYLE_ASSIGNMENT((#9346));
#9346 = SURFACE_STYLE_USAGE(.BOTH.,#9347);
#9347 = SURFACE_SIDE_STYLE('',(#9348));
#9348 = SURFACE_STYLE_FILL_AREA(#9349);
#9349 = FILL_AREA_STYLE('',(#9350));
#9350 = FILL_AREA_STYLE_COLOUR('',#8975);
#9351 = STYLED_ITEM('color',(#9352),#2433);
#9352 = PRESENTATION_STYLE_ASSIGNMENT((#9353));
#9353 = SURFACE_STYLE_USAGE(.BOTH.,#9354);
#9354 = SURFACE_SIDE_STYLE('',(#9355));
#9355 = SURFACE_STYLE_FILL_AREA(#9356);
#9356 = FILL_AREA_STYLE('',(#9357));
#9357 = FILL_AREA_STYLE_COLOUR('',#8975);
#9358 = STYLED_ITEM('color',(#9359),#2445);
#9359 = PRESENTATION_STYLE_ASSIGNMENT((#9360));
#9360 = SURFACE_STYLE_USAGE(.BOTH.,#9361);
#9361 = SURFACE_SIDE_STYLE('',(#9362));
#9362 = SURFACE_STYLE_FILL_AREA(#9363);
#9363 = FILL_AREA_STYLE('',(#9364));
#9364 = FILL_AREA_STYLE_COLOUR('',#8975);
#9365 = STYLED_ITEM('color',(#9366),#2459);
#9366 = PRESENTATION_STYLE_ASSIGNMENT((#9367));
#9367 = SURFACE_STYLE_USAGE(.BOTH.,#9368);
#9368 = SURFACE_SIDE_STYLE('',(#9369));
#9369 = SURFACE_STYLE_FILL_AREA(#9370);
#9370 = FILL_AREA_STYLE('',(#9371));
#9371 = FILL_AREA_STYLE_COLOUR('',#9090);
#9372 = STYLED_ITEM('color',(#9373),#2492);
#9373 = PRESENTATION_STYLE_ASSIGNMENT((#9374));
#9374 = SURFACE_STYLE_USAGE(.BOTH.,#9375);
#9375 = SURFACE_SIDE_STYLE('',(#9376));
#9376 = SURFACE_STYLE_FILL_AREA(#9377);
#9377 = FILL_AREA_STYLE('',(#9378));
#9378 = FILL_AREA_STYLE_COLOUR('',#9090);
#9379 = STYLED_ITEM('color',(#9380),#2524);
#9380 = PRESENTATION_STYLE_ASSIGNMENT((#9381));
#9381 = SURFACE_STYLE_USAGE(.BOTH.,#9382);
#9382 = SURFACE_SIDE_STYLE('',(#9383));
#9383 = SURFACE_STYLE_FILL_AREA(#9384);
#9384 = FILL_AREA_STYLE('',(#9385));
#9385 = FILL_AREA_STYLE_COLOUR('',#9075);
#9386 = STYLED_ITEM('color',(#9387),#2541);
#9387 = PRESENTATION_STYLE_ASSIGNMENT((#9388));
#9388 = SURFACE_STYLE_USAGE(.BOTH.,#9389);
#9389 = SURFACE_SIDE_STYLE('',(#9390));
#9390 = SURFACE_STYLE_FILL_AREA(#9391);
#9391 = FILL_AREA_STYLE('',(#9392));
#9392 = FILL_AREA_STYLE_COLOUR('',#9075);
#9393 = STYLED_ITEM('color',(#9394),#2568);
#9394 = PRESENTATION_STYLE_ASSIGNMENT((#9395));
#9395 = SURFACE_STYLE_USAGE(.BOTH.,#9396);
#9396 = SURFACE_SIDE_STYLE('',(#9397));
#9397 = SURFACE_STYLE_FILL_AREA(#9398);
#9398 = FILL_AREA_STYLE('',(#9399));
#9399 = FILL_AREA_STYLE_COLOUR('',#8975);
#9400 = MECHANICAL_DESIGN_GEOMETRIC_PRESENTATION_REPRESENTATION('',(
    #9401,#9408,#9415,#9422,#9429,#9436,#9443,#9450,#9457,#9464,#9471,
    #9478,#9485,#9492,#9499,#9506,#9513,#9520,#9527,#9534,#9541,#9548,
    #9555,#9562,#9569,#9576,#9583,#9590,#9597,#9604,#9611,#9618,#9625,
    #9632,#9639,#9646,#9653,#9660,#9667),#3879);
#9401 = STYLED_ITEM('color',(#9402),#2605);
#9402 = PRESENTATION_STYLE_ASSIGNMENT((#9403));
#9403 = SURFACE_STYLE_USAGE(.BOTH.,#9404);
#9404 = SURFACE_SIDE_STYLE('',(#9405));
#9405 = SURFACE_STYLE_FILL_AREA(#9406);
#9406 = FILL_AREA_STYLE('',(#9407));
#9407 = FILL_AREA_STYLE_COLOUR('',#8975);
#9408 = STYLED_ITEM('color',(#9409),#2662);
#9409 = PRESENTATION_STYLE_ASSIGNMENT((#9410));
#9410 = SURFACE_STYLE_USAGE(.BOTH.,#9411);
#9411 = SURFACE_SIDE_STYLE('',(#9412));
#9412 = SURFACE_STYLE_FILL_AREA(#9413);
#9413 = FILL_AREA_STYLE('',(#9414));
#9414 = FILL_AREA_STYLE_COLOUR('',#8975);
#9415 = STYLED_ITEM('color',(#9416),#2745);
#9416 = PRESENTATION_STYLE_ASSIGNMENT((#9417));
#9417 = SURFACE_STYLE_USAGE(.BOTH.,#9418);
#9418 = SURFACE_SIDE_STYLE('',(#9419));
#9419 = SURFACE_STYLE_FILL_AREA(#9420);
#9420 = FILL_AREA_STYLE('',(#9421));
#9421 = FILL_AREA_STYLE_COLOUR('',#8975);
#9422 = STYLED_ITEM('color',(#9423),#2774);
#9423 = PRESENTATION_STYLE_ASSIGNMENT((#9424));
#9424 = SURFACE_STYLE_USAGE(.BOTH.,#9425);
#9425 = SURFACE_SIDE_STYLE('',(#9426));
#9426 = SURFACE_STYLE_FILL_AREA(#9427);
#9427 = FILL_AREA_STYLE('',(#9428));
#9428 = FILL_AREA_STYLE_COLOUR('',#8975);
#9429 = STYLED_ITEM('color',(#9430),#2846);
#9430 = PRESENTATION_STYLE_ASSIGNMENT((#9431));
#9431 = SURFACE_STYLE_USAGE(.BOTH.,#9432);
#9432 = SURFACE_SIDE_STYLE('',(#9433));
#9433 = SURFACE_STYLE_FILL_AREA(#9434);
#9434 = FILL_AREA_STYLE('',(#9435));
#9435 = FILL_AREA_STYLE_COLOUR('',#8975);
#9436 = STYLED_ITEM('color',(#9437),#2871);
#9437 = PRESENTATION_STYLE_ASSIGNMENT((#9438));
#9438 = SURFACE_STYLE_USAGE(.BOTH.,#9439);
#9439 = SURFACE_SIDE_STYLE('',(#9440));
#9440 = SURFACE_STYLE_FILL_AREA(#9441);
#9441 = FILL_AREA_STYLE('',(#9442));
#9442 = FILL_AREA_STYLE_COLOUR('',#8975);
#9443 = STYLED_ITEM('color',(#9444),#2946);
#9444 = PRESENTATION_STYLE_ASSIGNMENT((#9445));
#9445 = SURFACE_STYLE_USAGE(.BOTH.,#9446);
#9446 = SURFACE_SIDE_STYLE('',(#9447));
#9447 = SURFACE_STYLE_FILL_AREA(#9448);
#9448 = FILL_AREA_STYLE('',(#9449));
#9449 = FILL_AREA_STYLE_COLOUR('',#8975);
#9450 = STYLED_ITEM('color',(#9451),#2963);
#9451 = PRESENTATION_STYLE_ASSIGNMENT((#9452));
#9452 = SURFACE_STYLE_USAGE(.BOTH.,#9453);
#9453 = SURFACE_SIDE_STYLE('',(#9454));
#9454 = SURFACE_STYLE_FILL_AREA(#9455);
#9455 = FILL_AREA_STYLE('',(#9456));
#9456 = FILL_AREA_STYLE_COLOUR('',#9196);
#9457 = STYLED_ITEM('color',(#9458),#3049);
#9458 = PRESENTATION_STYLE_ASSIGNMENT((#9459));
#9459 = SURFACE_STYLE_USAGE(.BOTH.,#9460);
#9460 = SURFACE_SIDE_STYLE('',(#9461));
#9461 = SURFACE_STYLE_FILL_AREA(#9462);
#9462 = FILL_AREA_STYLE('',(#9463));
#9463 = FILL_AREA_STYLE_COLOUR('',#9196);
#9464 = STYLED_ITEM('color',(#9465),#3073);
#9465 = PRESENTATION_STYLE_ASSIGNMENT((#9466));
#9466 = SURFACE_STYLE_USAGE(.BOTH.,#9467);
#9467 = SURFACE_SIDE_STYLE('',(#9468));
#9468 = SURFACE_STYLE_FILL_AREA(#9469);
#9469 = FILL_AREA_STYLE('',(#9470));
#9470 = FILL_AREA_STYLE_COLOUR('',#9196);
#9471 = STYLED_ITEM('color',(#9472),#3181);
#9472 = PRESENTATION_STYLE_ASSIGNMENT((#9473));
#9473 = SURFACE_STYLE_USAGE(.BOTH.,#9474);
#9474 = SURFACE_SIDE_STYLE('',(#9475));
#9475 = SURFACE_STYLE_FILL_AREA(#9476);
#9476 = FILL_AREA_STYLE('',(#9477));
#9477 = FILL_AREA_STYLE_COLOUR('',#8975);
#9478 = STYLED_ITEM('color',(#9479),#3198);
#9479 = PRESENTATION_STYLE_ASSIGNMENT((#9480));
#9480 = SURFACE_STYLE_USAGE(.BOTH.,#9481);
#9481 = SURFACE_SIDE_STYLE('',(#9482));
#9482 = SURFACE_STYLE_FILL_AREA(#9483);
#9483 = FILL_AREA_STYLE('',(#9484));
#9484 = FILL_AREA_STYLE_COLOUR('',#8975);
#9485 = STYLED_ITEM('color',(#9486),#3215);
#9486 = PRESENTATION_STYLE_ASSIGNMENT((#9487));
#9487 = SURFACE_STYLE_USAGE(.BOTH.,#9488);
#9488 = SURFACE_SIDE_STYLE('',(#9489));
#9489 = SURFACE_STYLE_FILL_AREA(#9490);
#9490 = FILL_AREA_STYLE('',(#9491));
#9491 = FILL_AREA_STYLE_COLOUR('',#8975);
#9492 = STYLED_ITEM('color',(#9493),#3239);
#9493 = PRESENTATION_STYLE_ASSIGNMENT((#9494));
#9494 = SURFACE_STYLE_USAGE(.BOTH.,#9495);
#9495 = SURFACE_SIDE_STYLE('',(#9496));
#9496 = SURFACE_STYLE_FILL_AREA(#9497);
#9497 = FILL_AREA_STYLE('',(#9498));
#9498 = FILL_AREA_STYLE_COLOUR('',#8975);
#9499 = STYLED_ITEM('color',(#9500),#3251);
#9500 = PRESENTATION_STYLE_ASSIGNMENT((#9501));
#9501 = SURFACE_STYLE_USAGE(.BOTH.,#9502);
#9502 = SURFACE_SIDE_STYLE('',(#9503));
#9503 = SURFACE_STYLE_FILL_AREA(#9504);
#9504 = FILL_AREA_STYLE('',(#9505));
#9505 = FILL_AREA_STYLE_COLOUR('',#8975);
#9506 = STYLED_ITEM('color',(#9507),#3268);
#9507 = PRESENTATION_STYLE_ASSIGNMENT((#9508));
#9508 = SURFACE_STYLE_USAGE(.BOTH.,#9509);
#9509 = SURFACE_SIDE_STYLE('',(#9510));
#9510 = SURFACE_STYLE_FILL_AREA(#9511);
#9511 = FILL_AREA_STYLE('',(#9512));
#9512 = FILL_AREA_STYLE_COLOUR('',#8975);
#9513 = STYLED_ITEM('color',(#9514),#3280);
#9514 = PRESENTATION_STYLE_ASSIGNMENT((#9515));
#9515 = SURFACE_STYLE_USAGE(.BOTH.,#9516);
#9516 = SURFACE_SIDE_STYLE('',(#9517));
#9517 = SURFACE_STYLE_FILL_AREA(#9518);
#9518 = FILL_AREA_STYLE('',(#9519));
#9519 = FILL_AREA_STYLE_COLOUR('',#9196);
#9520 = STYLED_ITEM('color',(#9521),#3297);
#9521 = PRESENTATION_STYLE_ASSIGNMENT((#9522));
#9522 = SURFACE_STYLE_USAGE(.BOTH.,#9523);
#9523 = SURFACE_SIDE_STYLE('',(#9524));
#9524 = SURFACE_STYLE_FILL_AREA(#9525);
#9525 = FILL_AREA_STYLE('',(#9526));
#9526 = FILL_AREA_STYLE_COLOUR('',#9196);
#9527 = STYLED_ITEM('color',(#9528),#3314);
#9528 = PRESENTATION_STYLE_ASSIGNMENT((#9529));
#9529 = SURFACE_STYLE_USAGE(.BOTH.,#9530);
#9530 = SURFACE_SIDE_STYLE('',(#9531));
#9531 = SURFACE_STYLE_FILL_AREA(#9532);
#9532 = FILL_AREA_STYLE('',(#9533));
#9533 = FILL_AREA_STYLE_COLOUR('',#9196);
#9534 = STYLED_ITEM('color',(#9535),#3331);
#9535 = PRESENTATION_STYLE_ASSIGNMENT((#9536));
#9536 = SURFACE_STYLE_USAGE(.BOTH.,#9537);
#9537 = SURFACE_SIDE_STYLE('',(#9538));
#9538 = SURFACE_STYLE_FILL_AREA(#9539);
#9539 = FILL_AREA_STYLE('',(#9540));
#9540 = FILL_AREA_STYLE_COLOUR('',#8975);
#9541 = STYLED_ITEM('color',(#9542),#3400);
#9542 = PRESENTATION_STYLE_ASSIGNMENT((#9543));
#9543 = SURFACE_STYLE_USAGE(.BOTH.,#9544);
#9544 = SURFACE_SIDE_STYLE('',(#9545));
#9545 = SURFACE_STYLE_FILL_AREA(#9546);
#9546 = FILL_AREA_STYLE('',(#9547));
#9547 = FILL_AREA_STYLE_COLOUR('',#8975);
#9548 = STYLED_ITEM('color',(#9549),#3425);
#9549 = PRESENTATION_STYLE_ASSIGNMENT((#9550));
#9550 = SURFACE_STYLE_USAGE(.BOTH.,#9551);
#9551 = SURFACE_SIDE_STYLE('',(#9552));
#9552 = SURFACE_STYLE_FILL_AREA(#9553);
#9553 = FILL_AREA_STYLE('',(#9554));
#9554 = FILL_AREA_STYLE_COLOUR('',#9196);
#9555 = STYLED_ITEM('color',(#9556),#3442);
#9556 = PRESENTATION_STYLE_ASSIGNMENT((#9557));
#9557 = SURFACE_STYLE_USAGE(.BOTH.,#9558);
#9558 = SURFACE_SIDE_STYLE('',(#9559));
#9559 = SURFACE_STYLE_FILL_AREA(#9560);
#9560 = FILL_AREA_STYLE('',(#9561));
#9561 = FILL_AREA_STYLE_COLOUR('',#8975);
#9562 = STYLED_ITEM('color',(#9563),#3508);
#9563 = PRESENTATION_STYLE_ASSIGNMENT((#9564));
#9564 = SURFACE_STYLE_USAGE(.BOTH.,#9565);
#9565 = SURFACE_SIDE_STYLE('',(#9566));
#9566 = SURFACE_STYLE_FILL_AREA(#9567);
#9567 = FILL_AREA_STYLE('',(#9568));
#9568 = FILL_AREA_STYLE_COLOUR('',#9196);
#9569 = STYLED_ITEM('color',(#9570),#3520);
#9570 = PRESENTATION_STYLE_ASSIGNMENT((#9571));
#9571 = SURFACE_STYLE_USAGE(.BOTH.,#9572);
#9572 = SURFACE_SIDE_STYLE('',(#9573));
#9573 = SURFACE_STYLE_FILL_AREA(#9574);
#9574 = FILL_AREA_STYLE('',(#9575));
#9575 = FILL_AREA_STYLE_COLOUR('',#8975);
#9576 = STYLED_ITEM('color',(#9577),#3537);
#9577 = PRESENTATION_STYLE_ASSIGNMENT((#9578));
#9578 = SURFACE_STYLE_USAGE(.BOTH.,#9579);
#9579 = SURFACE_SIDE_STYLE('',(#9580));
#9580 = SURFACE_STYLE_FILL_AREA(#9581);
#9581 = FILL_AREA_STYLE('',(#9582));
#9582 = FILL_AREA_STYLE_COLOUR('',#9090);
#9583 = STYLED_ITEM('color',(#9584),#3568);
#9584 = PRESENTATION_STYLE_ASSIGNMENT((#9585));
#9585 = SURFACE_STYLE_USAGE(.BOTH.,#9586);
#9586 = SURFACE_SIDE_STYLE('',(#9587));
#9587 = SURFACE_STYLE_FILL_AREA(#9588);
#9588 = FILL_AREA_STYLE('',(#9589));
#9589 = FILL_AREA_STYLE_COLOUR('',#9090);
#9590 = STYLED_ITEM('color',(#9591),#3592);
#9591 = PRESENTATION_STYLE_ASSIGNMENT((#9592));
#9592 = SURFACE_STYLE_USAGE(.BOTH.,#9593);
#9593 = SURFACE_SIDE_STYLE('',(#9594));
#9594 = SURFACE_STYLE_FILL_AREA(#9595);
#9595 = FILL_AREA_STYLE('',(#9596));
#9596 = FILL_AREA_STYLE_COLOUR('',#9090);
#9597 = STYLED_ITEM('color',(#9598),#3616);
#9598 = PRESENTATION_STYLE_ASSIGNMENT((#9599));
#9599 = SURFACE_STYLE_USAGE(.BOTH.,#9600);
#9600 = SURFACE_SIDE_STYLE('',(#9601));
#9601 = SURFACE_STYLE_FILL_AREA(#9602);
#9602 = FILL_AREA_STYLE('',(#9603));
#9603 = FILL_AREA_STYLE_COLOUR('',#9090);
#9604 = STYLED_ITEM('color',(#9605),#3633);
#9605 = PRESENTATION_STYLE_ASSIGNMENT((#9606));
#9606 = SURFACE_STYLE_USAGE(.BOTH.,#9607);
#9607 = SURFACE_SIDE_STYLE('',(#9608));
#9608 = SURFACE_STYLE_FILL_AREA(#9609);
#9609 = FILL_AREA_STYLE('',(#9610));
#9610 = FILL_AREA_STYLE_COLOUR('',#8975);
#9611 = STYLED_ITEM('color',(#9612),#3667);
#9612 = PRESENTATION_STYLE_ASSIGNMENT((#9613));
#9613 = SURFACE_STYLE_USAGE(.BOTH.,#9614);
#9614 = SURFACE_SIDE_STYLE('',(#9615));
#9615 = SURFACE_STYLE_FILL_AREA(#9616);
#9616 = FILL_AREA_STYLE('',(#9617));
#9617 = FILL_AREA_STYLE_COLOUR('',#8975);
#9618 = STYLED_ITEM('color',(#9619),#3696);
#9619 = PRESENTATION_STYLE_ASSIGNMENT((#9620));
#9620 = SURFACE_STYLE_USAGE(.BOTH.,#9621);
#9621 = SURFACE_SIDE_STYLE('',(#9622));
#9622 = SURFACE_STYLE_FILL_AREA(#9623);
#9623 = FILL_AREA_STYLE('',(#9624));
#9624 = FILL_AREA_STYLE_COLOUR('',#8975);
#9625 = STYLED_ITEM('color',(#9626),#3720);
#9626 = PRESENTATION_STYLE_ASSIGNMENT((#9627));
#9627 = SURFACE_STYLE_USAGE(.BOTH.,#9628);
#9628 = SURFACE_SIDE_STYLE('',(#9629));
#9629 = SURFACE_STYLE_FILL_AREA(#9630);
#9630 = FILL_AREA_STYLE('',(#9631));
#9631 = FILL_AREA_STYLE_COLOUR('',#8975);
#9632 = STYLED_ITEM('color',(#9633),#3749);
#9633 = PRESENTATION_STYLE_ASSIGNMENT((#9634));
#9634 = SURFACE_STYLE_USAGE(.BOTH.,#9635);
#9635 = SURFACE_SIDE_STYLE('',(#9636));
#9636 = SURFACE_STYLE_FILL_AREA(#9637);
#9637 = FILL_AREA_STYLE('',(#9638));
#9638 = FILL_AREA_STYLE_COLOUR('',#8975);
#9639 = STYLED_ITEM('color',(#9640),#3776);
#9640 = PRESENTATION_STYLE_ASSIGNMENT((#9641));
#9641 = SURFACE_STYLE_USAGE(.BOTH.,#9642);
#9642 = SURFACE_SIDE_STYLE('',(#9643));
#9643 = SURFACE_STYLE_FILL_AREA(#9644);
#9644 = FILL_AREA_STYLE('',(#9645));
#9645 = FILL_AREA_STYLE_COLOUR('',#8975);
#9646 = STYLED_ITEM('color',(#9647),#3805);
#9647 = PRESENTATION_STYLE_ASSIGNMENT((#9648));
#9648 = SURFACE_STYLE_USAGE(.BOTH.,#9649);
#9649 = SURFACE_SIDE_STYLE('',(#9650));
#9650 = SURFACE_STYLE_FILL_AREA(#9651);
#9651 = FILL_AREA_STYLE('',(#9652));
#9652 = FILL_AREA_STYLE_COLOUR('',#8975);
#9653 = STYLED_ITEM('color',(#9654),#3829);
#9654 = PRESENTATION_STYLE_ASSIGNMENT((#9655));
#9655 = SURFACE_STYLE_USAGE(.BOTH.,#9656);
#9656 = SURFACE_SIDE_STYLE('',(#9657));
#9657 = SURFACE_STYLE_FILL_AREA(#9658);
#9658 = FILL_AREA_STYLE('',(#9659));
#9659 = FILL_AREA_STYLE_COLOUR('',#8975);
#9660 = STYLED_ITEM('color',(#9661),#3851);
#9661 = PRESENTATION_STYLE_ASSIGNMENT((#9662));
#9662 = SURFACE_STYLE_USAGE(.BOTH.,#9663);
#9663 = SURFACE_SIDE_STYLE('',(#9664));
#9664 = SURFACE_STYLE_FILL_AREA(#9665);
#9665 = FILL_AREA_STYLE('',(#9666));
#9666 = FILL_AREA_STYLE_COLOUR('',#9090);
#9667 = STYLED_ITEM('color',(#9668),#3863);
#9668 = PRESENTATION_STYLE_ASSIGNMENT((#9669));
#9669 = SURFACE_STYLE_USAGE(.BOTH.,#9670);
#9670 = SURFACE_SIDE_STYLE('',(#9671));
#9671 = SURFACE_STYLE_FILL_AREA(#9672);
#9672 = FILL_AREA_STYLE('',(#9673));
#9673 = FILL_AREA_STYLE_COLOUR('',#8975);
ENDSEC;
END-ISO-10303-21;
